feature_set,position,feature,feature_group,is_added_candidate
pre_lineup_compact_40,1,home,compact_40_base,False
pre_lineup_compact_40,2,guard,compact_40_base,False
pre_lineup_compact_40,3,forward,compact_40_base,False
pre_lineup_compact_40,4,center,compact_40_base,False
pre_lineup_compact_40,5,years_since_draft,compact_40_base,False
pre_lineup_compact_40,6,days_since_last_game,compact_40_base,False
pre_lineup_compact_40,7,is_back_to_back,compact_40_base,False
pre_lineup_compact_40,8,fantasy_points_roll_5,compact_40_base,False
pre_lineup_compact_40,9,fantasy_points_roll_10,compact_40_base,False
pre_lineup_compact_40,10,fantasy_points_roll_30,compact_40_base,False
pre_lineup_compact_40,11,fantasy_points_momentum_5_vs_10,compact_40_base,False
pre_lineup_compact_40,12,fantasy_points_momentum_10_vs_30,compact_40_base,False
pre_lineup_compact_40,13,numMinutes_roll_5,compact_40_base,False
pre_lineup_compact_40,14,numMinutes_roll_10,compact_40_base,False
pre_lineup_compact_40,15,numMinutes_roll_30,compact_40_base,False
pre_lineup_compact_40,16,current_is_starter_roll_10,compact_40_base,False
pre_lineup_compact_40,17,starter_minutes_roll_5,compact_40_base,False
pre_lineup_compact_40,18,starter_minutes_roll_10,compact_40_base,False
pre_lineup_compact_40,19,starter_minutes_roll_30,compact_40_base,False
pre_lineup_compact_40,20,starter_minutes_share_roll_10,compact_40_base,False
pre_lineup_compact_40,21,usagePercentage_roll_5,compact_40_base,False
pre_lineup_compact_40,22,usagePercentage_roll_10,compact_40_base,False
pre_lineup_compact_40,23,usagePercentage_roll_30,compact_40_base,False
pre_lineup_compact_40,24,usagePercentage_momentum_5_vs_10,compact_40_base,False
pre_lineup_compact_40,25,trueShootingPercentage_roll_10,compact_40_base,False
pre_lineup_compact_40,26,playerImpactEstimate_roll_10,compact_40_base,False
pre_lineup_compact_40,27,points_roll_10,compact_40_base,False
pre_lineup_compact_40,28,reboundsTotal_roll_10,compact_40_base,False
pre_lineup_compact_40,29,assists_roll_10,compact_40_base,False
pre_lineup_compact_40,30,turnovers_roll_10,compact_40_base,False
pre_lineup_compact_40,31,team_pace_roll_10,compact_40_base,False
pre_lineup_compact_40,32,team_offensiveRating_roll_10,compact_40_base,False
pre_lineup_compact_40,33,team_assists_roll_10,compact_40_base,False
pre_lineup_compact_40,34,team_turnovers_roll_10,compact_40_base,False
pre_lineup_compact_40,35,opp_pace_roll_10,compact_40_base,False
pre_lineup_compact_40,36,opp_defensiveRating_roll_10,compact_40_base,False
pre_lineup_compact_40,37,opp_points_allowed_roll_10,compact_40_base,False
pre_lineup_compact_40,38,opp_fp_allowed_roll_10,compact_40_base,False
pre_lineup_compact_40,39,opp_pos_fp_allowed_per_player_roll_30,compact_40_base,False
pre_lineup_compact_40,40,pos_opp_difficulty_roll_30,compact_40_base,False
pre_lineup_player_team_opp,1,home,compact_40_base,False
pre_lineup_player_team_opp,2,heightInches,broad_reference_only,True
pre_lineup_player_team_opp,3,bodyWeightLbs,broad_reference_only,True
pre_lineup_player_team_opp,4,guard,compact_40_base,False
pre_lineup_player_team_opp,5,forward,compact_40_base,False
pre_lineup_player_team_opp,6,center,compact_40_base,False
pre_lineup_player_team_opp,7,years_since_draft,compact_40_base,False
pre_lineup_player_team_opp,8,days_since_last_game,compact_40_base,False
pre_lineup_player_team_opp,9,is_back_to_back,compact_40_base,False
pre_lineup_player_team_opp,10,fantasy_points_roll_3,broad_reference_only,True
pre_lineup_player_team_opp,11,fantasy_points_roll_5,compact_40_base,False
pre_lineup_player_team_opp,12,fantasy_points_roll_10,compact_40_base,False
pre_lineup_player_team_opp,13,fantasy_points_roll_30,compact_40_base,False
pre_lineup_player_team_opp,14,fantasy_points_std_30,broad_reference_only,True
pre_lineup_player_team_opp,15,fantasy_points_momentum_5_vs_10,compact_40_base,False
pre_lineup_player_team_opp,16,fantasy_points_momentum_3_vs_10,broad_reference_only,True
pre_lineup_player_team_opp,17,fantasy_points_momentum_10_vs_30,compact_40_base,False
pre_lineup_player_team_opp,18,fantasy_points_z_5_vs_30,broad_reference_only,True
pre_lineup_player_team_opp,19,fantasy_points_z_10_vs_30,broad_reference_only,True
pre_lineup_player_team_opp,20,current_is_starter_roll_5,role,True
pre_lineup_player_team_opp,21,current_is_starter_roll_10,compact_40_base,False
pre_lineup_player_team_opp,22,current_is_starter_roll_30,role,True
pre_lineup_player_team_opp,23,current_is_starter_momentum_5_vs_10,broad_reference_only,True
pre_lineup_player_team_opp,24,current_is_starter_momentum_10_vs_30,broad_reference_only,True
pre_lineup_player_team_opp,25,starter_minutes_roll_3,broad_reference_only,True
pre_lineup_player_team_opp,26,starter_minutes_roll_5,compact_40_base,False
pre_lineup_player_team_opp,27,starter_minutes_roll_10,compact_40_base,False
pre_lineup_player_team_opp,28,starter_minutes_roll_30,compact_40_base,False
pre_lineup_player_team_opp,29,starter_minutes_std_30,broad_reference_only,True
pre_lineup_player_team_opp,30,starter_minutes_momentum_5_vs_10,broad_reference_only,True
pre_lineup_player_team_opp,31,starter_minutes_momentum_3_vs_10,broad_reference_only,True
pre_lineup_player_team_opp,32,starter_minutes_momentum_10_vs_30,broad_reference_only,True
pre_lineup_player_team_opp,33,starter_minutes_z_5_vs_30,broad_reference_only,True
pre_lineup_player_team_opp,34,starter_minutes_z_10_vs_30,broad_reference_only,True
pre_lineup_player_team_opp,35,bench_minutes_roll_5,broad_reference_only,True
pre_lineup_player_team_opp,36,bench_minutes_roll_10,broad_reference_only,True
pre_lineup_player_team_opp,37,bench_minutes_roll_30,broad_reference_only,True
pre_lineup_player_team_opp,38,bench_minutes_std_30,broad_reference_only,True
pre_lineup_player_team_opp,39,bench_minutes_momentum_5_vs_10,broad_reference_only,True
pre_lineup_player_team_opp,40,bench_minutes_momentum_10_vs_30,broad_reference_only,True
pre_lineup_player_team_opp,41,bench_minutes_z_5_vs_30,broad_reference_only,True
pre_lineup_player_team_opp,42,bench_minutes_z_10_vs_30,broad_reference_only,True
pre_lineup_player_team_opp,43,numMinutes_roll_3,broad_reference_only,True
pre_lineup_player_team_opp,44,numMinutes_roll_5,compact_40_base,False
pre_lineup_player_team_opp,45,numMinutes_roll_10,compact_40_base,False
pre_lineup_player_team_opp,46,numMinutes_roll_30,compact_40_base,False
pre_lineup_player_team_opp,47,numMinutes_std_30,broad_reference_only,True
pre_lineup_player_team_opp,48,numMinutes_momentum_5_vs_10,role,True
pre_lineup_player_team_opp,49,numMinutes_momentum_3_vs_10,broad_reference_only,True
pre_lineup_player_team_opp,50,numMinutes_momentum_10_vs_30,role,True
pre_lineup_player_team_opp,51,numMinutes_z_5_vs_30,broad_reference_only,True
pre_lineup_player_team_opp,52,numMinutes_z_10_vs_30,broad_reference_only,True
pre_lineup_player_team_opp,53,points_roll_5,scoring,True
pre_lineup_player_team_opp,54,points_roll_10,compact_40_base,False
pre_lineup_player_team_opp,55,points_roll_30,scoring,True
pre_lineup_player_team_opp,56,points_std_30,broad_reference_only,True
pre_lineup_player_team_opp,57,points_momentum_5_vs_10,scoring,True
pre_lineup_player_team_opp,58,points_momentum_10_vs_30,scoring,True
pre_lineup_player_team_opp,59,points_z_5_vs_30,broad_reference_only,True
pre_lineup_player_team_opp,60,points_z_10_vs_30,broad_reference_only,True
pre_lineup_player_team_opp,61,reboundsTotal_roll_5,broad_reference_only,True
pre_lineup_player_team_opp,62,reboundsTotal_roll_10,compact_40_base,False
pre_lineup_player_team_opp,63,reboundsTotal_roll_30,ceiling,True
pre_lineup_player_team_opp,64,reboundsTotal_std_30,broad_reference_only,True
pre_lineup_player_team_opp,65,reboundsTotal_momentum_5_vs_10,broad_reference_only,True
pre_lineup_player_team_opp,66,reboundsTotal_momentum_10_vs_30,broad_reference_only,True
pre_lineup_player_team_opp,67,reboundsTotal_z_5_vs_30,broad_reference_only,True
pre_lineup_player_team_opp,68,reboundsTotal_z_10_vs_30,broad_reference_only,True
pre_lineup_player_team_opp,69,assists_roll_5,broad_reference_only,True
pre_lineup_player_team_opp,70,assists_roll_10,compact_40_base,False
pre_lineup_player_team_opp,71,assists_roll_30,ceiling,True
pre_lineup_player_team_opp,72,assists_std_30,broad_reference_only,True
pre_lineup_player_team_opp,73,assists_momentum_5_vs_10,broad_reference_only,True
pre_lineup_player_team_opp,74,assists_momentum_10_vs_30,broad_reference_only,True
pre_lineup_player_team_opp,75,assists_z_5_vs_30,broad_reference_only,True
pre_lineup_player_team_opp,76,assists_z_10_vs_30,broad_reference_only,True
pre_lineup_player_team_opp,77,steals_roll_5,broad_reference_only,True
pre_lineup_player_team_opp,78,steals_roll_10,broad_reference_only,True
pre_lineup_player_team_opp,79,steals_roll_30,broad_reference_only,True
pre_lineup_player_team_opp,80,steals_std_30,broad_reference_only,True
pre_lineup_player_team_opp,81,steals_momentum_5_vs_10,broad_reference_only,True
pre_lineup_player_team_opp,82,steals_momentum_10_vs_30,broad_reference_only,True
pre_lineup_player_team_opp,83,blocks_roll_5,broad_reference_only,True
pre_lineup_player_team_opp,84,blocks_roll_10,broad_reference_only,True
pre_lineup_player_team_opp,85,blocks_roll_30,broad_reference_only,True
pre_lineup_player_team_opp,86,blocks_std_30,broad_reference_only,True
pre_lineup_player_team_opp,87,blocks_momentum_5_vs_10,broad_reference_only,True
pre_lineup_player_team_opp,88,blocks_momentum_10_vs_30,broad_reference_only,True
pre_lineup_player_team_opp,89,turnovers_roll_5,broad_reference_only,True
pre_lineup_player_team_opp,90,turnovers_roll_10,compact_40_base,False
pre_lineup_player_team_opp,91,turnovers_roll_30,broad_reference_only,True
pre_lineup_player_team_opp,92,turnovers_std_30,broad_reference_only,True
pre_lineup_player_team_opp,93,turnovers_momentum_5_vs_10,broad_reference_only,True
pre_lineup_player_team_opp,94,turnovers_momentum_10_vs_30,broad_reference_only,True
pre_lineup_player_team_opp,95,usagePercentage_roll_3,broad_reference_only,True
pre_lineup_player_team_opp,96,usagePercentage_roll_5,compact_40_base,False
pre_lineup_player_team_opp,97,usagePercentage_roll_10,compact_40_base,False
pre_lineup_player_team_opp,98,usagePercentage_roll_30,compact_40_base,False
pre_lineup_player_team_opp,99,usagePercentage_std_30,broad_reference_only,True
pre_lineup_player_team_opp,100,usagePercentage_momentum_5_vs_10,compact_40_base,False
pre_lineup_player_team_opp,101,usagePercentage_momentum_3_vs_10,broad_reference_only,True
pre_lineup_player_team_opp,102,usagePercentage_momentum_10_vs_30,broad_reference_only,True
pre_lineup_player_team_opp,103,usagePercentage_z_5_vs_30,scoring,True
pre_lineup_player_team_opp,104,usagePercentage_z_10_vs_30,broad_reference_only,True
pre_lineup_player_team_opp,105,trueShootingPercentage_roll_5,broad_reference_only,True
pre_lineup_player_team_opp,106,trueShootingPercentage_roll_10,compact_40_base,False
pre_lineup_player_team_opp,107,trueShootingPercentage_roll_30,ceiling,True
pre_lineup_player_team_opp,108,trueShootingPercentage_std_30,broad_reference_only,True
pre_lineup_player_team_opp,109,trueShootingPercentage_momentum_5_vs_10,broad_reference_only,True
pre_lineup_player_team_opp,110,trueShootingPercentage_momentum_10_vs_30,broad_reference_only,True
pre_lineup_player_team_opp,111,trueShootingPercentage_z_5_vs_30,broad_reference_only,True
pre_lineup_player_team_opp,112,trueShootingPercentage_z_10_vs_30,broad_reference_only,True
pre_lineup_player_team_opp,113,effectiveFieldGoalPercentage_roll_5,broad_reference_only,True
pre_lineup_player_team_opp,114,effectiveFieldGoalPercentage_roll_10,broad_reference_only,True
pre_lineup_player_team_opp,115,effectiveFieldGoalPercentage_roll_30,broad_reference_only,True
pre_lineup_player_team_opp,116,effectiveFieldGoalPercentage_std_30,broad_reference_only,True
pre_lineup_player_team_opp,117,effectiveFieldGoalPercentage_momentum_5_vs_10,broad_reference_only,True
pre_lineup_player_team_opp,118,effectiveFieldGoalPercentage_momentum_10_vs_30,broad_reference_only,True
pre_lineup_player_team_opp,119,effectiveFieldGoalPercentage_z_5_vs_30,broad_reference_only,True
pre_lineup_player_team_opp,120,effectiveFieldGoalPercentage_z_10_vs_30,broad_reference_only,True
pre_lineup_player_team_opp,121,freeThrowsPercentage_roll_5,broad_reference_only,True
pre_lineup_player_team_opp,122,freeThrowsPercentage_roll_10,broad_reference_only,True
pre_lineup_player_team_opp,123,freeThrowsPercentage_roll_30,broad_reference_only,True
pre_lineup_player_team_opp,124,freeThrowsPercentage_std_30,broad_reference_only,True
pre_lineup_player_team_opp,125,freeThrowsPercentage_momentum_5_vs_10,broad_reference_only,True
pre_lineup_player_team_opp,126,freeThrowsPercentage_momentum_10_vs_30,broad_reference_only,True
pre_lineup_player_team_opp,127,playerImpactEstimate_roll_5,broad_reference_only,True
pre_lineup_player_team_opp,128,playerImpactEstimate_roll_10,compact_40_base,False
pre_lineup_player_team_opp,129,playerImpactEstimate_roll_30,ceiling,True
pre_lineup_player_team_opp,130,playerImpactEstimate_std_30,broad_reference_only,True
pre_lineup_player_team_opp,131,playerImpactEstimate_momentum_5_vs_10,ceiling,True
pre_lineup_player_team_opp,132,playerImpactEstimate_momentum_10_vs_30,broad_reference_only,True
pre_lineup_player_team_opp,133,playerImpactEstimate_z_5_vs_30,broad_reference_only,True
pre_lineup_player_team_opp,134,playerImpactEstimate_z_10_vs_30,broad_reference_only,True
pre_lineup_player_team_opp,135,offensiveRating_roll_5,broad_reference_only,True
pre_lineup_player_team_opp,136,offensiveRating_roll_10,broad_reference_only,True
pre_lineup_player_team_opp,137,offensiveRating_roll_30,broad_reference_only,True
pre_lineup_player_team_opp,138,offensiveRating_std_30,broad_reference_only,True
pre_lineup_player_team_opp,139,offensiveRating_momentum_5_vs_10,broad_reference_only,True
pre_lineup_player_team_opp,140,offensiveRating_momentum_10_vs_30,broad_reference_only,True
pre_lineup_player_team_opp,141,offensiveRating_z_5_vs_30,broad_reference_only,True
pre_lineup_player_team_opp,142,offensiveRating_z_10_vs_30,broad_reference_only,True
pre_lineup_player_team_opp,143,defensiveRating_roll_5,broad_reference_only,True
pre_lineup_player_team_opp,144,defensiveRating_roll_10,broad_reference_only,True
pre_lineup_player_team_opp,145,defensiveRating_roll_30,broad_reference_only,True
pre_lineup_player_team_opp,146,defensiveRating_std_30,broad_reference_only,True
pre_lineup_player_team_opp,147,defensiveRating_momentum_5_vs_10,broad_reference_only,True
pre_lineup_player_team_opp,148,defensiveRating_momentum_10_vs_30,broad_reference_only,True
pre_lineup_player_team_opp,149,defensiveRating_z_5_vs_30,broad_reference_only,True
pre_lineup_player_team_opp,150,defensiveRating_z_10_vs_30,broad_reference_only,True
pre_lineup_player_team_opp,151,pace_roll_5,broad_reference_only,True
pre_lineup_player_team_opp,152,pace_roll_10,broad_reference_only,True
pre_lineup_player_team_opp,153,pace_roll_30,broad_reference_only,True
pre_lineup_player_team_opp,154,pace_std_30,broad_reference_only,True
pre_lineup_player_team_opp,155,pace_momentum_5_vs_10,broad_reference_only,True
pre_lineup_player_team_opp,156,pace_momentum_10_vs_30,broad_reference_only,True
pre_lineup_player_team_opp,157,pace_z_5_vs_30,broad_reference_only,True
pre_lineup_player_team_opp,158,pace_z_10_vs_30,broad_reference_only,True
pre_lineup_player_team_opp,159,starter_minutes_share_roll_3,broad_reference_only,True
pre_lineup_player_team_opp,160,starter_minutes_share_roll_5,broad_reference_only,True
pre_lineup_player_team_opp,161,starter_minutes_share_roll_10,compact_40_base,False
pre_lineup_player_team_opp,162,starter_minutes_share_roll_30,role,True
pre_lineup_player_team_opp,163,team_win_roll_5,broad_reference_only,True
pre_lineup_player_team_opp,164,team_win_roll_10,broad_reference_only,True
pre_lineup_player_team_opp,165,team_win_roll_30,broad_reference_only,True
pre_lineup_player_team_opp,166,team_win_std_30,broad_reference_only,True
pre_lineup_player_team_opp,167,team_win_momentum_5_vs_10,broad_reference_only,True
pre_lineup_player_team_opp,168,team_win_momentum_10_vs_30,broad_reference_only,True
pre_lineup_player_team_opp,169,team_win_z_5_vs_30,broad_reference_only,True
pre_lineup_player_team_opp,170,team_win_z_10_vs_30,broad_reference_only,True
pre_lineup_player_team_opp,171,team_score_roll_5,broad_reference_only,True
pre_lineup_player_team_opp,172,team_score_roll_10,broad_reference_only,True
pre_lineup_player_team_opp,173,team_score_roll_30,broad_reference_only,True
pre_lineup_player_team_opp,174,team_score_std_30,broad_reference_only,True
pre_lineup_player_team_opp,175,team_score_momentum_5_vs_10,broad_reference_only,True
pre_lineup_player_team_opp,176,team_score_momentum_10_vs_30,broad_reference_only,True
pre_lineup_player_team_opp,177,team_score_z_5_vs_30,broad_reference_only,True
pre_lineup_player_team_opp,178,team_score_z_10_vs_30,broad_reference_only,True
pre_lineup_player_team_opp,179,team_points_allowed_roll_5,broad_reference_only,True
pre_lineup_player_team_opp,180,team_points_allowed_roll_10,broad_reference_only,True
pre_lineup_player_team_opp,181,team_points_allowed_roll_30,broad_reference_only,True
pre_lineup_player_team_opp,182,team_points_allowed_std_30,broad_reference_only,True
pre_lineup_player_team_opp,183,team_points_allowed_momentum_5_vs_10,broad_reference_only,True
pre_lineup_player_team_opp,184,team_points_allowed_momentum_10_vs_30,broad_reference_only,True
pre_lineup_player_team_opp,185,team_points_allowed_z_5_vs_30,broad_reference_only,True
pre_lineup_player_team_opp,186,team_points_allowed_z_10_vs_30,broad_reference_only,True
pre_lineup_player_team_opp,187,team_pace_roll_5,broad_reference_only,True
pre_lineup_player_team_opp,188,team_pace_roll_10,compact_40_base,False
pre_lineup_player_team_opp,189,team_pace_roll_30,broad_reference_only,True
pre_lineup_player_team_opp,190,team_pace_std_30,broad_reference_only,True
pre_lineup_player_team_opp,191,team_pace_momentum_5_vs_10,broad_reference_only,True
pre_lineup_player_team_opp,192,team_pace_momentum_10_vs_30,broad_reference_only,True
pre_lineup_player_team_opp,193,team_pace_z_5_vs_30,broad_reference_only,True
pre_lineup_player_team_opp,194,team_pace_z_10_vs_30,broad_reference_only,True
pre_lineup_player_team_opp,195,team_offensiveRating_roll_5,broad_reference_only,True
pre_lineup_player_team_opp,196,team_offensiveRating_roll_10,compact_40_base,False
pre_lineup_player_team_opp,197,team_offensiveRating_roll_30,broad_reference_only,True
pre_lineup_player_team_opp,198,team_offensiveRating_std_30,broad_reference_only,True
pre_lineup_player_team_opp,199,team_offensiveRating_momentum_5_vs_10,broad_reference_only,True
pre_lineup_player_team_opp,200,team_offensiveRating_momentum_10_vs_30,broad_reference_only,True
pre_lineup_player_team_opp,201,team_offensiveRating_z_5_vs_30,broad_reference_only,True
pre_lineup_player_team_opp,202,team_offensiveRating_z_10_vs_30,broad_reference_only,True
pre_lineup_player_team_opp,203,team_defensiveRating_roll_5,broad_reference_only,True
pre_lineup_player_team_opp,204,team_defensiveRating_roll_10,broad_reference_only,True
pre_lineup_player_team_opp,205,team_defensiveRating_roll_30,broad_reference_only,True
pre_lineup_player_team_opp,206,team_defensiveRating_std_30,broad_reference_only,True
pre_lineup_player_team_opp,207,team_defensiveRating_momentum_5_vs_10,broad_reference_only,True
pre_lineup_player_team_opp,208,team_defensiveRating_momentum_10_vs_30,broad_reference_only,True
pre_lineup_player_team_opp,209,team_defensiveRating_z_5_vs_30,broad_reference_only,True
pre_lineup_player_team_opp,210,team_defensiveRating_z_10_vs_30,broad_reference_only,True
pre_lineup_player_team_opp,211,team_threePointersPercentage_roll_5,broad_reference_only,True
pre_lineup_player_team_opp,212,team_threePointersPercentage_roll_10,broad_reference_only,True
pre_lineup_player_team_opp,213,team_threePointersPercentage_roll_30,broad_reference_only,True
pre_lineup_player_team_opp,214,team_threePointersPercentage_std_30,broad_reference_only,True
pre_lineup_player_team_opp,215,team_threePointersPercentage_momentum_5_vs_10,broad_reference_only,True
pre_lineup_player_team_opp,216,team_threePointersPercentage_momentum_10_vs_30,broad_reference_only,True
pre_lineup_player_team_opp,217,team_threePointersPercentage_z_5_vs_30,broad_reference_only,True
pre_lineup_player_team_opp,218,team_threePointersPercentage_z_10_vs_30,broad_reference_only,True
pre_lineup_player_team_opp,219,team_effectiveFieldGoalPercentage_roll_5,broad_reference_only,True
pre_lineup_player_team_opp,220,team_effectiveFieldGoalPercentage_roll_10,broad_reference_only,True
pre_lineup_player_team_opp,221,team_effectiveFieldGoalPercentage_roll_30,broad_reference_only,True
pre_lineup_player_team_opp,222,team_effectiveFieldGoalPercentage_std_30,broad_reference_only,True
pre_lineup_player_team_opp,223,team_effectiveFieldGoalPercentage_momentum_5_vs_10,broad_reference_only,True
pre_lineup_player_team_opp,224,team_effectiveFieldGoalPercentage_momentum_10_vs_30,broad_reference_only,True
pre_lineup_player_team_opp,225,team_effectiveFieldGoalPercentage_z_5_vs_30,broad_reference_only,True
pre_lineup_player_team_opp,226,team_effectiveFieldGoalPercentage_z_10_vs_30,broad_reference_only,True
pre_lineup_player_team_opp,227,team_trueShootingPercentage_roll_5,broad_reference_only,True
pre_lineup_player_team_opp,228,team_trueShootingPercentage_roll_10,broad_reference_only,True
pre_lineup_player_team_opp,229,team_trueShootingPercentage_roll_30,broad_reference_only,True
pre_lineup_player_team_opp,230,team_trueShootingPercentage_std_30,broad_reference_only,True
pre_lineup_player_team_opp,231,team_trueShootingPercentage_momentum_5_vs_10,broad_reference_only,True
pre_lineup_player_team_opp,232,team_trueShootingPercentage_momentum_10_vs_30,broad_reference_only,True
pre_lineup_player_team_opp,233,team_trueShootingPercentage_z_5_vs_30,broad_reference_only,True
pre_lineup_player_team_opp,234,team_trueShootingPercentage_z_10_vs_30,broad_reference_only,True
pre_lineup_player_team_opp,235,team_assists_roll_5,broad_reference_only,True
pre_lineup_player_team_opp,236,team_assists_roll_10,compact_40_base,False
pre_lineup_player_team_opp,237,team_assists_roll_30,broad_reference_only,True
pre_lineup_player_team_opp,238,team_assists_std_30,broad_reference_only,True
pre_lineup_player_team_opp,239,team_assists_momentum_5_vs_10,broad_reference_only,True
pre_lineup_player_team_opp,240,team_assists_momentum_10_vs_30,broad_reference_only,True
pre_lineup_player_team_opp,241,team_assists_z_5_vs_30,broad_reference_only,True
pre_lineup_player_team_opp,242,team_assists_z_10_vs_30,broad_reference_only,True
pre_lineup_player_team_opp,243,team_reboundsTotal_roll_5,broad_reference_only,True
pre_lineup_player_team_opp,244,team_reboundsTotal_roll_10,broad_reference_only,True
pre_lineup_player_team_opp,245,team_reboundsTotal_roll_30,broad_reference_only,True
pre_lineup_player_team_opp,246,team_reboundsTotal_std_30,broad_reference_only,True
pre_lineup_player_team_opp,247,team_reboundsTotal_momentum_5_vs_10,broad_reference_only,True
pre_lineup_player_team_opp,248,team_reboundsTotal_momentum_10_vs_30,broad_reference_only,True
pre_lineup_player_team_opp,249,team_reboundsTotal_z_5_vs_30,broad_reference_only,True
pre_lineup_player_team_opp,250,team_reboundsTotal_z_10_vs_30,broad_reference_only,True
pre_lineup_player_team_opp,251,team_steals_roll_5,broad_reference_only,True
pre_lineup_player_team_opp,252,team_steals_roll_10,broad_reference_only,True
pre_lineup_player_team_opp,253,team_steals_roll_30,broad_reference_only,True
pre_lineup_player_team_opp,254,team_steals_std_30,broad_reference_only,True
pre_lineup_player_team_opp,255,team_steals_momentum_5_vs_10,broad_reference_only,True
pre_lineup_player_team_opp,256,team_steals_momentum_10_vs_30,broad_reference_only,True
pre_lineup_player_team_opp,257,team_steals_z_5_vs_30,broad_reference_only,True
pre_lineup_player_team_opp,258,team_steals_z_10_vs_30,broad_reference_only,True
pre_lineup_player_team_opp,259,team_blocks_roll_5,broad_reference_only,True
pre_lineup_player_team_opp,260,team_blocks_roll_10,broad_reference_only,True
pre_lineup_player_team_opp,261,team_blocks_roll_30,broad_reference_only,True
pre_lineup_player_team_opp,262,team_blocks_std_30,broad_reference_only,True
pre_lineup_player_team_opp,263,team_blocks_momentum_5_vs_10,broad_reference_only,True
pre_lineup_player_team_opp,264,team_blocks_momentum_10_vs_30,broad_reference_only,True
pre_lineup_player_team_opp,265,team_blocks_z_5_vs_30,broad_reference_only,True
pre_lineup_player_team_opp,266,team_blocks_z_10_vs_30,broad_reference_only,True
pre_lineup_player_team_opp,267,team_turnovers_roll_5,broad_reference_only,True
pre_lineup_player_team_opp,268,team_turnovers_roll_10,compact_40_base,False
pre_lineup_player_team_opp,269,team_turnovers_roll_30,broad_reference_only,True
pre_lineup_player_team_opp,270,team_turnovers_std_30,broad_reference_only,True
pre_lineup_player_team_opp,271,team_turnovers_momentum_5_vs_10,broad_reference_only,True
pre_lineup_player_team_opp,272,team_turnovers_momentum_10_vs_30,broad_reference_only,True
pre_lineup_player_team_opp,273,team_turnovers_z_5_vs_30,broad_reference_only,True
pre_lineup_player_team_opp,274,team_turnovers_z_10_vs_30,broad_reference_only,True
pre_lineup_player_team_opp,275,team_pointsInThePaint_roll_5,broad_reference_only,True
pre_lineup_player_team_opp,276,team_pointsInThePaint_roll_10,broad_reference_only,True
pre_lineup_player_team_opp,277,team_pointsInThePaint_roll_30,broad_reference_only,True
pre_lineup_player_team_opp,278,team_pointsInThePaint_std_30,broad_reference_only,True
pre_lineup_player_team_opp,279,team_pointsInThePaint_momentum_5_vs_10,broad_reference_only,True
pre_lineup_player_team_opp,280,team_pointsInThePaint_momentum_10_vs_30,broad_reference_only,True
pre_lineup_player_team_opp,281,team_pointsInThePaint_z_5_vs_30,broad_reference_only,True
pre_lineup_player_team_opp,282,team_pointsInThePaint_z_10_vs_30,broad_reference_only,True
pre_lineup_player_team_opp,283,team_pointsFastBreak_roll_5,broad_reference_only,True
pre_lineup_player_team_opp,284,team_pointsFastBreak_roll_10,broad_reference_only,True
pre_lineup_player_team_opp,285,team_pointsFastBreak_roll_30,broad_reference_only,True
pre_lineup_player_team_opp,286,team_pointsFastBreak_std_30,broad_reference_only,True
pre_lineup_player_team_opp,287,team_pointsFastBreak_momentum_5_vs_10,broad_reference_only,True
pre_lineup_player_team_opp,288,team_pointsFastBreak_momentum_10_vs_30,broad_reference_only,True
pre_lineup_player_team_opp,289,team_pointsFastBreak_z_5_vs_30,broad_reference_only,True
pre_lineup_player_team_opp,290,team_pointsFastBreak_z_10_vs_30,broad_reference_only,True
pre_lineup_player_team_opp,291,team_pointsSecondChance_roll_5,broad_reference_only,True
pre_lineup_player_team_opp,292,team_pointsSecondChance_roll_10,broad_reference_only,True
pre_lineup_player_team_opp,293,team_pointsSecondChance_roll_30,broad_reference_only,True
pre_lineup_player_team_opp,294,team_pointsSecondChance_std_30,broad_reference_only,True
pre_lineup_player_team_opp,295,team_pointsSecondChance_momentum_5_vs_10,broad_reference_only,True
pre_lineup_player_team_opp,296,team_pointsSecondChance_momentum_10_vs_30,broad_reference_only,True
pre_lineup_player_team_opp,297,team_pointsSecondChance_z_5_vs_30,broad_reference_only,True
pre_lineup_player_team_opp,298,team_pointsSecondChance_z_10_vs_30,broad_reference_only,True
pre_lineup_player_team_opp,299,team_pointsFromTurnovers_roll_5,broad_reference_only,True
pre_lineup_player_team_opp,300,team_pointsFromTurnovers_roll_10,broad_reference_only,True
pre_lineup_player_team_opp,301,team_pointsFromTurnovers_roll_30,broad_reference_only,True
pre_lineup_player_team_opp,302,team_pointsFromTurnovers_std_30,broad_reference_only,True
pre_lineup_player_team_opp,303,team_pointsFromTurnovers_momentum_5_vs_10,broad_reference_only,True
pre_lineup_player_team_opp,304,team_pointsFromTurnovers_momentum_10_vs_30,broad_reference_only,True
pre_lineup_player_team_opp,305,team_pointsFromTurnovers_z_5_vs_30,broad_reference_only,True
pre_lineup_player_team_opp,306,team_pointsFromTurnovers_z_10_vs_30,broad_reference_only,True
pre_lineup_player_team_opp,307,opp_win_roll_5,broad_reference_only,True
pre_lineup_player_team_opp,308,opp_win_roll_10,broad_reference_only,True
pre_lineup_player_team_opp,309,opp_win_roll_30,broad_reference_only,True
pre_lineup_player_team_opp,310,opp_win_std_30,broad_reference_only,True
pre_lineup_player_team_opp,311,opp_win_momentum_5_vs_10,broad_reference_only,True
pre_lineup_player_team_opp,312,opp_win_momentum_10_vs_30,broad_reference_only,True
pre_lineup_player_team_opp,313,opp_win_z_5_vs_30,broad_reference_only,True
pre_lineup_player_team_opp,314,opp_win_z_10_vs_30,broad_reference_only,True
pre_lineup_player_team_opp,315,opp_points_allowed_roll_5,broad_reference_only,True
pre_lineup_player_team_opp,316,opp_points_allowed_roll_10,compact_40_base,False
pre_lineup_player_team_opp,317,opp_points_allowed_roll_30,broad_reference_only,True
pre_lineup_player_team_opp,318,opp_points_allowed_std_30,broad_reference_only,True
pre_lineup_player_team_opp,319,opp_points_allowed_momentum_5_vs_10,broad_reference_only,True
pre_lineup_player_team_opp,320,opp_points_allowed_momentum_10_vs_30,broad_reference_only,True
pre_lineup_player_team_opp,321,opp_points_allowed_z_5_vs_30,broad_reference_only,True
pre_lineup_player_team_opp,322,opp_points_allowed_z_10_vs_30,broad_reference_only,True
pre_lineup_player_team_opp,323,opp_pace_roll_5,broad_reference_only,True
pre_lineup_player_team_opp,324,opp_pace_roll_10,compact_40_base,False
pre_lineup_player_team_opp,325,opp_pace_roll_30,matchup,True
pre_lineup_player_team_opp,326,opp_pace_std_30,broad_reference_only,True
pre_lineup_player_team_opp,327,opp_pace_momentum_5_vs_10,broad_reference_only,True
pre_lineup_player_team_opp,328,opp_pace_momentum_10_vs_30,broad_reference_only,True
pre_lineup_player_team_opp,329,opp_pace_z_5_vs_30,broad_reference_only,True
pre_lineup_player_team_opp,330,opp_pace_z_10_vs_30,broad_reference_only,True
pre_lineup_player_team_opp,331,opp_defensiveRating_roll_5,broad_reference_only,True
pre_lineup_player_team_opp,332,opp_defensiveRating_roll_10,compact_40_base,False
pre_lineup_player_team_opp,333,opp_defensiveRating_roll_30,matchup,True
pre_lineup_player_team_opp,334,opp_defensiveRating_std_30,broad_reference_only,True
pre_lineup_player_team_opp,335,opp_defensiveRating_momentum_5_vs_10,broad_reference_only,True
pre_lineup_player_team_opp,336,opp_defensiveRating_momentum_10_vs_30,broad_reference_only,True
pre_lineup_player_team_opp,337,opp_defensiveRating_z_5_vs_30,broad_reference_only,True
pre_lineup_player_team_opp,338,opp_defensiveRating_z_10_vs_30,broad_reference_only,True
pre_lineup_player_team_opp,339,opp_effectiveFieldGoalPercentage_allowed_roll_5,broad_reference_only,True
pre_lineup_player_team_opp,340,opp_effectiveFieldGoalPercentage_allowed_roll_10,broad_reference_only,True
pre_lineup_player_team_opp,341,opp_effectiveFieldGoalPercentage_allowed_roll_30,broad_reference_only,True
pre_lineup_player_team_opp,342,opp_effectiveFieldGoalPercentage_allowed_std_30,broad_reference_only,True
pre_lineup_player_team_opp,343,opp_effectiveFieldGoalPercentage_allowed_momentum_5_vs_10,broad_reference_only,True
pre_lineup_player_team_opp,344,opp_effectiveFieldGoalPercentage_allowed_momentum_10_vs_30,broad_reference_only,True
pre_lineup_player_team_opp,345,opp_effectiveFieldGoalPercentage_allowed_z_5_vs_30,broad_reference_only,True
pre_lineup_player_team_opp,346,opp_effectiveFieldGoalPercentage_allowed_z_10_vs_30,broad_reference_only,True
pre_lineup_player_team_opp,347,opp_trueShootingPercentage_allowed_roll_5,broad_reference_only,True
pre_lineup_player_team_opp,348,opp_trueShootingPercentage_allowed_roll_10,broad_reference_only,True
pre_lineup_player_team_opp,349,opp_trueShootingPercentage_allowed_roll_30,broad_reference_only,True
pre_lineup_player_team_opp,350,opp_trueShootingPercentage_allowed_std_30,broad_reference_only,True
pre_lineup_player_team_opp,351,opp_trueShootingPercentage_allowed_momentum_5_vs_10,broad_reference_only,True
pre_lineup_player_team_opp,352,opp_trueShootingPercentage_allowed_momentum_10_vs_30,broad_reference_only,True
pre_lineup_player_team_opp,353,opp_trueShootingPercentage_allowed_z_5_vs_30,broad_reference_only,True
pre_lineup_player_team_opp,354,opp_trueShootingPercentage_allowed_z_10_vs_30,broad_reference_only,True
pre_lineup_player_team_opp,355,opp_rebounds_allowed_roll_5,broad_reference_only,True
pre_lineup_player_team_opp,356,opp_rebounds_allowed_roll_10,broad_reference_only,True
pre_lineup_player_team_opp,357,opp_rebounds_allowed_roll_30,broad_reference_only,True
pre_lineup_player_team_opp,358,opp_rebounds_allowed_std_30,broad_reference_only,True
pre_lineup_player_team_opp,359,opp_rebounds_allowed_momentum_5_vs_10,broad_reference_only,True
pre_lineup_player_team_opp,360,opp_rebounds_allowed_momentum_10_vs_30,broad_reference_only,True
pre_lineup_player_team_opp,361,opp_rebounds_allowed_z_5_vs_30,broad_reference_only,True
pre_lineup_player_team_opp,362,opp_rebounds_allowed_z_10_vs_30,broad_reference_only,True
pre_lineup_player_team_opp,363,opp_assists_allowed_roll_5,broad_reference_only,True
pre_lineup_player_team_opp,364,opp_assists_allowed_roll_10,broad_reference_only,True
pre_lineup_player_team_opp,365,opp_assists_allowed_roll_30,broad_reference_only,True
pre_lineup_player_team_opp,366,opp_assists_allowed_std_30,broad_reference_only,True
pre_lineup_player_team_opp,367,opp_assists_allowed_momentum_5_vs_10,broad_reference_only,True
pre_lineup_player_team_opp,368,opp_assists_allowed_momentum_10_vs_30,broad_reference_only,True
pre_lineup_player_team_opp,369,opp_assists_allowed_z_5_vs_30,broad_reference_only,True
pre_lineup_player_team_opp,370,opp_assists_allowed_z_10_vs_30,broad_reference_only,True
pre_lineup_player_team_opp,371,opp_steals_roll_5,broad_reference_only,True
pre_lineup_player_team_opp,372,opp_steals_roll_10,broad_reference_only,True
pre_lineup_player_team_opp,373,opp_steals_roll_30,broad_reference_only,True
pre_lineup_player_team_opp,374,opp_steals_std_30,broad_reference_only,True
pre_lineup_player_team_opp,375,opp_steals_momentum_5_vs_10,broad_reference_only,True
pre_lineup_player_team_opp,376,opp_steals_momentum_10_vs_30,broad_reference_only,True
pre_lineup_player_team_opp,377,opp_steals_z_5_vs_30,broad_reference_only,True
pre_lineup_player_team_opp,378,opp_steals_z_10_vs_30,broad_reference_only,True
pre_lineup_player_team_opp,379,opp_blocks_roll_5,broad_reference_only,True
pre_lineup_player_team_opp,380,opp_blocks_roll_10,broad_reference_only,True
pre_lineup_player_team_opp,381,opp_blocks_roll_30,broad_reference_only,True
pre_lineup_player_team_opp,382,opp_blocks_std_30,broad_reference_only,True
pre_lineup_player_team_opp,383,opp_blocks_momentum_5_vs_10,broad_reference_only,True
pre_lineup_player_team_opp,384,opp_blocks_momentum_10_vs_30,broad_reference_only,True
pre_lineup_player_team_opp,385,opp_blocks_z_5_vs_30,broad_reference_only,True
pre_lineup_player_team_opp,386,opp_blocks_z_10_vs_30,broad_reference_only,True
pre_lineup_player_team_opp,387,opp_turnovers_forced_roll_5,broad_reference_only,True
pre_lineup_player_team_opp,388,opp_turnovers_forced_roll_10,broad_reference_only,True
pre_lineup_player_team_opp,389,opp_turnovers_forced_roll_30,broad_reference_only,True
pre_lineup_player_team_opp,390,opp_turnovers_forced_std_30,broad_reference_only,True
pre_lineup_player_team_opp,391,opp_turnovers_forced_momentum_5_vs_10,broad_reference_only,True
pre_lineup_player_team_opp,392,opp_turnovers_forced_momentum_10_vs_30,broad_reference_only,True
pre_lineup_player_team_opp,393,opp_turnovers_forced_z_5_vs_30,broad_reference_only,True
pre_lineup_player_team_opp,394,opp_turnovers_forced_z_10_vs_30,broad_reference_only,True
pre_lineup_player_team_opp,395,opp_fp_allowed_roll_5,broad_reference_only,True
pre_lineup_player_team_opp,396,opp_fp_allowed_roll_10,compact_40_base,False
pre_lineup_player_team_opp,397,opp_fp_allowed_roll_30,matchup,True
pre_lineup_player_team_opp,398,opp_fp_allowed_std_30,broad_reference_only,True
pre_lineup_player_team_opp,399,opp_fp_allowed_momentum_5_vs_10,broad_reference_only,True
pre_lineup_player_team_opp,400,opp_fp_allowed_momentum_10_vs_30,broad_reference_only,True
pre_lineup_player_team_opp,401,opp_fp_allowed_z_5_vs_30,broad_reference_only,True
pre_lineup_player_team_opp,402,opp_fp_allowed_z_10_vs_30,broad_reference_only,True
pre_lineup_player_team_opp,403,opp_pointsInThePaint_allowed_roll_5,broad_reference_only,True
pre_lineup_player_team_opp,404,opp_pointsInThePaint_allowed_roll_10,broad_reference_only,True
pre_lineup_player_team_opp,405,opp_pointsInThePaint_allowed_roll_30,broad_reference_only,True
pre_lineup_player_team_opp,406,opp_pointsInThePaint_allowed_std_30,broad_reference_only,True
pre_lineup_player_team_opp,407,opp_pointsInThePaint_allowed_momentum_5_vs_10,broad_reference_only,True
pre_lineup_player_team_opp,408,opp_pointsInThePaint_allowed_momentum_10_vs_30,broad_reference_only,True
pre_lineup_player_team_opp,409,opp_pointsInThePaint_allowed_z_5_vs_30,broad_reference_only,True
pre_lineup_player_team_opp,410,opp_pointsInThePaint_allowed_z_10_vs_30,broad_reference_only,True
pre_lineup_player_team_opp,411,opp_pointsFastBreak_allowed_roll_5,broad_reference_only,True
pre_lineup_player_team_opp,412,opp_pointsFastBreak_allowed_roll_10,broad_reference_only,True
pre_lineup_player_team_opp,413,opp_pointsFastBreak_allowed_roll_30,broad_reference_only,True
pre_lineup_player_team_opp,414,opp_pointsFastBreak_allowed_std_30,broad_reference_only,True
pre_lineup_player_team_opp,415,opp_pointsFastBreak_allowed_momentum_5_vs_10,broad_reference_only,True
pre_lineup_player_team_opp,416,opp_pointsFastBreak_allowed_momentum_10_vs_30,broad_reference_only,True
pre_lineup_player_team_opp,417,opp_pointsFastBreak_allowed_z_5_vs_30,broad_reference_only,True
pre_lineup_player_team_opp,418,opp_pointsFastBreak_allowed_z_10_vs_30,broad_reference_only,True
pre_lineup_player_team_opp,419,opp_pointsSecondChance_allowed_roll_5,broad_reference_only,True
pre_lineup_player_team_opp,420,opp_pointsSecondChance_allowed_roll_10,broad_reference_only,True
pre_lineup_player_team_opp,421,opp_pointsSecondChance_allowed_roll_30,broad_reference_only,True
pre_lineup_player_team_opp,422,opp_pointsSecondChance_allowed_std_30,broad_reference_only,True
pre_lineup_player_team_opp,423,opp_pointsSecondChance_allowed_momentum_5_vs_10,broad_reference_only,True
pre_lineup_player_team_opp,424,opp_pointsSecondChance_allowed_momentum_10_vs_30,broad_reference_only,True
pre_lineup_player_team_opp,425,opp_pointsSecondChance_allowed_z_5_vs_30,broad_reference_only,True
pre_lineup_player_team_opp,426,opp_pointsSecondChance_allowed_z_10_vs_30,broad_reference_only,True
pre_lineup_player_team_opp,427,opp_pointsFromTurnovers_allowed_roll_5,broad_reference_only,True
pre_lineup_player_team_opp,428,opp_pointsFromTurnovers_allowed_roll_10,broad_reference_only,True
pre_lineup_player_team_opp,429,opp_pointsFromTurnovers_allowed_roll_30,broad_reference_only,True
pre_lineup_player_team_opp,430,opp_pointsFromTurnovers_allowed_std_30,broad_reference_only,True
pre_lineup_player_team_opp,431,opp_pointsFromTurnovers_allowed_momentum_5_vs_10,broad_reference_only,True
pre_lineup_player_team_opp,432,opp_pointsFromTurnovers_allowed_momentum_10_vs_30,broad_reference_only,True
pre_lineup_player_team_opp,433,opp_pointsFromTurnovers_allowed_z_5_vs_30,broad_reference_only,True
pre_lineup_player_team_opp,434,opp_pointsFromTurnovers_allowed_z_10_vs_30,broad_reference_only,True
pre_lineup_player_team_opp,435,opp_pos_fp_allowed_roll_3,broad_reference_only,True
pre_lineup_player_team_opp,436,opp_pos_fp_allowed_roll_5,broad_reference_only,True
pre_lineup_player_team_opp,437,opp_pos_fp_allowed_roll_10,broad_reference_only,True
pre_lineup_player_team_opp,438,opp_pos_fp_allowed_roll_30,broad_reference_only,True
pre_lineup_player_team_opp,439,opp_pos_fp_allowed_std_30,broad_reference_only,True
pre_lineup_player_team_opp,440,opp_pos_fp_allowed_momentum_5_vs_10,broad_reference_only,True
pre_lineup_player_team_opp,441,opp_pos_fp_allowed_momentum_3_vs_10,broad_reference_only,True
pre_lineup_player_team_opp,442,opp_pos_fp_allowed_momentum_10_vs_30,broad_reference_only,True
pre_lineup_player_team_opp,443,opp_pos_fp_allowed_z_5_vs_30,broad_reference_only,True
pre_lineup_player_team_opp,444,opp_pos_fp_allowed_z_10_vs_30,broad_reference_only,True
pre_lineup_player_team_opp,445,opp_pos_fp_allowed_per_player_roll_3,broad_reference_only,True
pre_lineup_player_team_opp,446,opp_pos_fp_allowed_per_player_roll_5,broad_reference_only,True
pre_lineup_player_team_opp,447,opp_pos_fp_allowed_per_player_roll_10,matchup,True
pre_lineup_player_team_opp,448,opp_pos_fp_allowed_per_player_roll_30,compact_40_base,False
pre_lineup_player_team_opp,449,opp_pos_fp_allowed_per_player_std_30,broad_reference_only,True
pre_lineup_player_team_opp,450,opp_pos_fp_allowed_per_player_momentum_5_vs_10,broad_reference_only,True
pre_lineup_player_team_opp,451,opp_pos_fp_allowed_per_player_momentum_3_vs_10,broad_reference_only,True
pre_lineup_player_team_opp,452,opp_pos_fp_allowed_per_player_momentum_10_vs_30,broad_reference_only,True
pre_lineup_player_team_opp,453,opp_pos_fp_allowed_per_player_z_5_vs_30,broad_reference_only,True
pre_lineup_player_team_opp,454,opp_pos_fp_allowed_per_player_z_10_vs_30,broad_reference_only,True
pre_lineup_player_team_opp,455,opp_pos_minutes_allowed_roll_5,broad_reference_only,True
pre_lineup_player_team_opp,456,opp_pos_minutes_allowed_roll_10,broad_reference_only,True
pre_lineup_player_team_opp,457,opp_pos_minutes_allowed_roll_30,broad_reference_only,True
pre_lineup_player_team_opp,458,opp_pos_minutes_allowed_std_30,broad_reference_only,True
pre_lineup_player_team_opp,459,opp_pos_minutes_allowed_momentum_5_vs_10,broad_reference_only,True
pre_lineup_player_team_opp,460,opp_pos_minutes_allowed_momentum_10_vs_30,broad_reference_only,True
pre_lineup_player_team_opp,461,opp_pos_minutes_allowed_z_5_vs_30,broad_reference_only,True
pre_lineup_player_team_opp,462,opp_pos_minutes_allowed_z_10_vs_30,broad_reference_only,True
pre_lineup_player_team_opp,463,opp_pos_player_count_roll_5,broad_reference_only,True
pre_lineup_player_team_opp,464,opp_pos_player_count_roll_10,broad_reference_only,True
pre_lineup_player_team_opp,465,opp_pos_player_count_roll_30,broad_reference_only,True
pre_lineup_player_team_opp,466,opp_pos_player_count_std_30,broad_reference_only,True
pre_lineup_player_team_opp,467,opp_pos_player_count_momentum_5_vs_10,broad_reference_only,True
pre_lineup_player_team_opp,468,opp_pos_player_count_momentum_10_vs_30,broad_reference_only,True
pre_lineup_player_team_opp,469,opp_pos_player_count_z_5_vs_30,broad_reference_only,True
pre_lineup_player_team_opp,470,opp_pos_player_count_z_10_vs_30,broad_reference_only,True
pre_lineup_player_team_opp,471,opp_pos_starter_count_roll_5,broad_reference_only,True
pre_lineup_player_team_opp,472,opp_pos_starter_count_roll_10,broad_reference_only,True
pre_lineup_player_team_opp,473,opp_pos_starter_count_roll_30,broad_reference_only,True
pre_lineup_player_team_opp,474,opp_pos_starter_count_std_30,broad_reference_only,True
pre_lineup_player_team_opp,475,opp_pos_starter_count_momentum_5_vs_10,broad_reference_only,True
pre_lineup_player_team_opp,476,opp_pos_starter_count_momentum_10_vs_30,broad_reference_only,True
pre_lineup_player_team_opp,477,opp_pos_starter_count_z_5_vs_30,broad_reference_only,True
pre_lineup_player_team_opp,478,opp_pos_starter_count_z_10_vs_30,broad_reference_only,True
pre_lineup_player_team_opp,479,pos_opp_difficulty_roll_3,broad_reference_only,True
pre_lineup_player_team_opp,480,pos_opp_difficulty_ratio_3,broad_reference_only,True
pre_lineup_player_team_opp,481,pos_opp_difficulty_roll_5,broad_reference_only,True
pre_lineup_player_team_opp,482,pos_opp_difficulty_ratio_5,broad_reference_only,True
pre_lineup_player_team_opp,483,pos_opp_difficulty_roll_10,matchup,True
pre_lineup_player_team_opp,484,pos_opp_difficulty_ratio_10,broad_reference_only,True
pre_lineup_player_team_opp,485,pos_opp_difficulty_roll_30,compact_40_base,False
pre_lineup_player_team_opp,486,pos_opp_difficulty_ratio_30,broad_reference_only,True
pre_lineup_compact_40_plus_role,1,home,compact_40_base,False
pre_lineup_compact_40_plus_role,2,guard,compact_40_base,False
pre_lineup_compact_40_plus_role,3,forward,compact_40_base,False
pre_lineup_compact_40_plus_role,4,center,compact_40_base,False
pre_lineup_compact_40_plus_role,5,years_since_draft,compact_40_base,False
pre_lineup_compact_40_plus_role,6,days_since_last_game,compact_40_base,False
pre_lineup_compact_40_plus_role,7,is_back_to_back,compact_40_base,False
pre_lineup_compact_40_plus_role,8,fantasy_points_roll_5,compact_40_base,False
pre_lineup_compact_40_plus_role,9,fantasy_points_roll_10,compact_40_base,False
pre_lineup_compact_40_plus_role,10,fantasy_points_roll_30,compact_40_base,False
pre_lineup_compact_40_plus_role,11,fantasy_points_momentum_5_vs_10,compact_40_base,False
pre_lineup_compact_40_plus_role,12,fantasy_points_momentum_10_vs_30,compact_40_base,False
pre_lineup_compact_40_plus_role,13,numMinutes_roll_5,compact_40_base,False
pre_lineup_compact_40_plus_role,14,numMinutes_roll_10,compact_40_base,False
pre_lineup_compact_40_plus_role,15,numMinutes_roll_30,compact_40_base,False
pre_lineup_compact_40_plus_role,16,current_is_starter_roll_10,compact_40_base,False
pre_lineup_compact_40_plus_role,17,starter_minutes_roll_5,compact_40_base,False
pre_lineup_compact_40_plus_role,18,starter_minutes_roll_10,compact_40_base,False
pre_lineup_compact_40_plus_role,19,starter_minutes_roll_30,compact_40_base,False
pre_lineup_compact_40_plus_role,20,starter_minutes_share_roll_10,compact_40_base,False
pre_lineup_compact_40_plus_role,21,usagePercentage_roll_5,compact_40_base,False
pre_lineup_compact_40_plus_role,22,usagePercentage_roll_10,compact_40_base,False
pre_lineup_compact_40_plus_role,23,usagePercentage_roll_30,compact_40_base,False
pre_lineup_compact_40_plus_role,24,usagePercentage_momentum_5_vs_10,compact_40_base,False
pre_lineup_compact_40_plus_role,25,trueShootingPercentage_roll_10,compact_40_base,False
pre_lineup_compact_40_plus_role,26,playerImpactEstimate_roll_10,compact_40_base,False
pre_lineup_compact_40_plus_role,27,points_roll_10,compact_40_base,False
pre_lineup_compact_40_plus_role,28,reboundsTotal_roll_10,compact_40_base,False
pre_lineup_compact_40_plus_role,29,assists_roll_10,compact_40_base,False
pre_lineup_compact_40_plus_role,30,turnovers_roll_10,compact_40_base,False
pre_lineup_compact_40_plus_role,31,team_pace_roll_10,compact_40_base,False
pre_lineup_compact_40_plus_role,32,team_offensiveRating_roll_10,compact_40_base,False
pre_lineup_compact_40_plus_role,33,team_assists_roll_10,compact_40_base,False
pre_lineup_compact_40_plus_role,34,team_turnovers_roll_10,compact_40_base,False
pre_lineup_compact_40_plus_role,35,opp_pace_roll_10,compact_40_base,False
pre_lineup_compact_40_plus_role,36,opp_defensiveRating_roll_10,compact_40_base,False
pre_lineup_compact_40_plus_role,37,opp_points_allowed_roll_10,compact_40_base,False
pre_lineup_compact_40_plus_role,38,opp_fp_allowed_roll_10,compact_40_base,False
pre_lineup_compact_40_plus_role,39,opp_pos_fp_allowed_per_player_roll_30,compact_40_base,False
pre_lineup_compact_40_plus_role,40,pos_opp_difficulty_roll_30,compact_40_base,False
pre_lineup_compact_40_plus_role,41,current_is_starter_roll_5,role,True
pre_lineup_compact_40_plus_role,42,current_is_starter_roll_30,role,True
pre_lineup_compact_40_plus_role,43,starter_minutes_share_roll_30,role,True
pre_lineup_compact_40_plus_role,44,numMinutes_momentum_5_vs_10,role,True
pre_lineup_compact_40_plus_role,45,numMinutes_momentum_10_vs_30,role,True
pre_lineup_compact_40_plus_scoring,1,home,compact_40_base,False
pre_lineup_compact_40_plus_scoring,2,guard,compact_40_base,False
pre_lineup_compact_40_plus_scoring,3,forward,compact_40_base,False
pre_lineup_compact_40_plus_scoring,4,center,compact_40_base,False
pre_lineup_compact_40_plus_scoring,5,years_since_draft,compact_40_base,False
pre_lineup_compact_40_plus_scoring,6,days_since_last_game,compact_40_base,False
pre_lineup_compact_40_plus_scoring,7,is_back_to_back,compact_40_base,False
pre_lineup_compact_40_plus_scoring,8,fantasy_points_roll_5,compact_40_base,False
pre_lineup_compact_40_plus_scoring,9,fantasy_points_roll_10,compact_40_base,False
pre_lineup_compact_40_plus_scoring,10,fantasy_points_roll_30,compact_40_base,False
pre_lineup_compact_40_plus_scoring,11,fantasy_points_momentum_5_vs_10,compact_40_base,False
pre_lineup_compact_40_plus_scoring,12,fantasy_points_momentum_10_vs_30,compact_40_base,False
pre_lineup_compact_40_plus_scoring,13,numMinutes_roll_5,compact_40_base,False
pre_lineup_compact_40_plus_scoring,14,numMinutes_roll_10,compact_40_base,False
pre_lineup_compact_40_plus_scoring,15,numMinutes_roll_30,compact_40_base,False
pre_lineup_compact_40_plus_scoring,16,current_is_starter_roll_10,compact_40_base,False
pre_lineup_compact_40_plus_scoring,17,starter_minutes_roll_5,compact_40_base,False
pre_lineup_compact_40_plus_scoring,18,starter_minutes_roll_10,compact_40_base,False
pre_lineup_compact_40_plus_scoring,19,starter_minutes_roll_30,compact_40_base,False
pre_lineup_compact_40_plus_scoring,20,starter_minutes_share_roll_10,compact_40_base,False
pre_lineup_compact_40_plus_scoring,21,usagePercentage_roll_5,compact_40_base,False
pre_lineup_compact_40_plus_scoring,22,usagePercentage_roll_10,compact_40_base,False
pre_lineup_compact_40_plus_scoring,23,usagePercentage_roll_30,compact_40_base,False
pre_lineup_compact_40_plus_scoring,24,usagePercentage_momentum_5_vs_10,compact_40_base,False
pre_lineup_compact_40_plus_scoring,25,trueShootingPercentage_roll_10,compact_40_base,False
pre_lineup_compact_40_plus_scoring,26,playerImpactEstimate_roll_10,compact_40_base,False
pre_lineup_compact_40_plus_scoring,27,points_roll_10,compact_40_base,False
pre_lineup_compact_40_plus_scoring,28,reboundsTotal_roll_10,compact_40_base,False
pre_lineup_compact_40_plus_scoring,29,assists_roll_10,compact_40_base,False
pre_lineup_compact_40_plus_scoring,30,turnovers_roll_10,compact_40_base,False
pre_lineup_compact_40_plus_scoring,31,team_pace_roll_10,compact_40_base,False
pre_lineup_compact_40_plus_scoring,32,team_offensiveRating_roll_10,compact_40_base,False
pre_lineup_compact_40_plus_scoring,33,team_assists_roll_10,compact_40_base,False
pre_lineup_compact_40_plus_scoring,34,team_turnovers_roll_10,compact_40_base,False
pre_lineup_compact_40_plus_scoring,35,opp_pace_roll_10,compact_40_base,False
pre_lineup_compact_40_plus_scoring,36,opp_defensiveRating_roll_10,compact_40_base,False
pre_lineup_compact_40_plus_scoring,37,opp_points_allowed_roll_10,compact_40_base,False
pre_lineup_compact_40_plus_scoring,38,opp_fp_allowed_roll_10,compact_40_base,False
pre_lineup_compact_40_plus_scoring,39,opp_pos_fp_allowed_per_player_roll_30,compact_40_base,False
pre_lineup_compact_40_plus_scoring,40,pos_opp_difficulty_roll_30,compact_40_base,False
pre_lineup_compact_40_plus_scoring,41,points_roll_5,scoring,True
pre_lineup_compact_40_plus_scoring,42,points_roll_30,scoring,True
pre_lineup_compact_40_plus_scoring,43,points_momentum_5_vs_10,scoring,True
pre_lineup_compact_40_plus_scoring,44,points_momentum_10_vs_30,scoring,True
pre_lineup_compact_40_plus_scoring,45,usagePercentage_z_5_vs_30,scoring,True
pre_lineup_compact_40_plus_ceiling,1,home,compact_40_base,False
pre_lineup_compact_40_plus_ceiling,2,guard,compact_40_base,False
pre_lineup_compact_40_plus_ceiling,3,forward,compact_40_base,False
pre_lineup_compact_40_plus_ceiling,4,center,compact_40_base,False
pre_lineup_compact_40_plus_ceiling,5,years_since_draft,compact_40_base,False
pre_lineup_compact_40_plus_ceiling,6,days_since_last_game,compact_40_base,False
pre_lineup_compact_40_plus_ceiling,7,is_back_to_back,compact_40_base,False
pre_lineup_compact_40_plus_ceiling,8,fantasy_points_roll_5,compact_40_base,False
pre_lineup_compact_40_plus_ceiling,9,fantasy_points_roll_10,compact_40_base,False
pre_lineup_compact_40_plus_ceiling,10,fantasy_points_roll_30,compact_40_base,False
pre_lineup_compact_40_plus_ceiling,11,fantasy_points_momentum_5_vs_10,compact_40_base,False
pre_lineup_compact_40_plus_ceiling,12,fantasy_points_momentum_10_vs_30,compact_40_base,False
pre_lineup_compact_40_plus_ceiling,13,numMinutes_roll_5,compact_40_base,False
pre_lineup_compact_40_plus_ceiling,14,numMinutes_roll_10,compact_40_base,False
pre_lineup_compact_40_plus_ceiling,15,numMinutes_roll_30,compact_40_base,False
pre_lineup_compact_40_plus_ceiling,16,current_is_starter_roll_10,compact_40_base,False
pre_lineup_compact_40_plus_ceiling,17,starter_minutes_roll_5,compact_40_base,False
pre_lineup_compact_40_plus_ceiling,18,starter_minutes_roll_10,compact_40_base,False
pre_lineup_compact_40_plus_ceiling,19,starter_minutes_roll_30,compact_40_base,False
pre_lineup_compact_40_plus_ceiling,20,starter_minutes_share_roll_10,compact_40_base,False
pre_lineup_compact_40_plus_ceiling,21,usagePercentage_roll_5,compact_40_base,False
pre_lineup_compact_40_plus_ceiling,22,usagePercentage_roll_10,compact_40_base,False
pre_lineup_compact_40_plus_ceiling,23,usagePercentage_roll_30,compact_40_base,False
pre_lineup_compact_40_plus_ceiling,24,usagePercentage_momentum_5_vs_10,compact_40_base,False
pre_lineup_compact_40_plus_ceiling,25,trueShootingPercentage_roll_10,compact_40_base,False
pre_lineup_compact_40_plus_ceiling,26,playerImpactEstimate_roll_10,compact_40_base,False
pre_lineup_compact_40_plus_ceiling,27,points_roll_10,compact_40_base,False
pre_lineup_compact_40_plus_ceiling,28,reboundsTotal_roll_10,compact_40_base,False
pre_lineup_compact_40_plus_ceiling,29,assists_roll_10,compact_40_base,False
pre_lineup_compact_40_plus_ceiling,30,turnovers_roll_10,compact_40_base,False
pre_lineup_compact_40_plus_ceiling,31,team_pace_roll_10,compact_40_base,False
pre_lineup_compact_40_plus_ceiling,32,team_offensiveRating_roll_10,compact_40_base,False
pre_lineup_compact_40_plus_ceiling,33,team_assists_roll_10,compact_40_base,False
pre_lineup_compact_40_plus_ceiling,34,team_turnovers_roll_10,compact_40_base,False
pre_lineup_compact_40_plus_ceiling,35,opp_pace_roll_10,compact_40_base,False
pre_lineup_compact_40_plus_ceiling,36,opp_defensiveRating_roll_10,compact_40_base,False
pre_lineup_compact_40_plus_ceiling,37,opp_points_allowed_roll_10,compact_40_base,False
pre_lineup_compact_40_plus_ceiling,38,opp_fp_allowed_roll_10,compact_40_base,False
pre_lineup_compact_40_plus_ceiling,39,opp_pos_fp_allowed_per_player_roll_30,compact_40_base,False
pre_lineup_compact_40_plus_ceiling,40,pos_opp_difficulty_roll_30,compact_40_base,False
pre_lineup_compact_40_plus_ceiling,41,reboundsTotal_roll_30,ceiling,True
pre_lineup_compact_40_plus_ceiling,42,assists_roll_30,ceiling,True
pre_lineup_compact_40_plus_ceiling,43,playerImpactEstimate_roll_30,ceiling,True
pre_lineup_compact_40_plus_ceiling,44,playerImpactEstimate_momentum_5_vs_10,ceiling,True
pre_lineup_compact_40_plus_ceiling,45,trueShootingPercentage_roll_30,ceiling,True
pre_lineup_compact_40_plus_matchup,1,home,compact_40_base,False
pre_lineup_compact_40_plus_matchup,2,guard,compact_40_base,False
pre_lineup_compact_40_plus_matchup,3,forward,compact_40_base,False
pre_lineup_compact_40_plus_matchup,4,center,compact_40_base,False
pre_lineup_compact_40_plus_matchup,5,years_since_draft,compact_40_base,False
pre_lineup_compact_40_plus_matchup,6,days_since_last_game,compact_40_base,False
pre_lineup_compact_40_plus_matchup,7,is_back_to_back,compact_40_base,False
pre_lineup_compact_40_plus_matchup,8,fantasy_points_roll_5,compact_40_base,False
pre_lineup_compact_40_plus_matchup,9,fantasy_points_roll_10,compact_40_base,False
pre_lineup_compact_40_plus_matchup,10,fantasy_points_roll_30,compact_40_base,False
pre_lineup_compact_40_plus_matchup,11,fantasy_points_momentum_5_vs_10,compact_40_base,False
pre_lineup_compact_40_plus_matchup,12,fantasy_points_momentum_10_vs_30,compact_40_base,False
pre_lineup_compact_40_plus_matchup,13,numMinutes_roll_5,compact_40_base,False
pre_lineup_compact_40_plus_matchup,14,numMinutes_roll_10,compact_40_base,False
pre_lineup_compact_40_plus_matchup,15,numMinutes_roll_30,compact_40_base,False
pre_lineup_compact_40_plus_matchup,16,current_is_starter_roll_10,compact_40_base,False
pre_lineup_compact_40_plus_matchup,17,starter_minutes_roll_5,compact_40_base,False
pre_lineup_compact_40_plus_matchup,18,starter_minutes_roll_10,compact_40_base,False
pre_lineup_compact_40_plus_matchup,19,starter_minutes_roll_30,compact_40_base,False
pre_lineup_compact_40_plus_matchup,20,starter_minutes_share_roll_10,compact_40_base,False
pre_lineup_compact_40_plus_matchup,21,usagePercentage_roll_5,compact_40_base,False
pre_lineup_compact_40_plus_matchup,22,usagePercentage_roll_10,compact_40_base,False
pre_lineup_compact_40_plus_matchup,23,usagePercentage_roll_30,compact_40_base,False
pre_lineup_compact_40_plus_matchup,24,usagePercentage_momentum_5_vs_10,compact_40_base,False
pre_lineup_compact_40_plus_matchup,25,trueShootingPercentage_roll_10,compact_40_base,False
pre_lineup_compact_40_plus_matchup,26,playerImpactEstimate_roll_10,compact_40_base,False
pre_lineup_compact_40_plus_matchup,27,points_roll_10,compact_40_base,False
pre_lineup_compact_40_plus_matchup,28,reboundsTotal_roll_10,compact_40_base,False
pre_lineup_compact_40_plus_matchup,29,assists_roll_10,compact_40_base,False
pre_lineup_compact_40_plus_matchup,30,turnovers_roll_10,compact_40_base,False
pre_lineup_compact_40_plus_matchup,31,team_pace_roll_10,compact_40_base,False
pre_lineup_compact_40_plus_matchup,32,team_offensiveRating_roll_10,compact_40_base,False
pre_lineup_compact_40_plus_matchup,33,team_assists_roll_10,compact_40_base,False
pre_lineup_compact_40_plus_matchup,34,team_turnovers_roll_10,compact_40_base,False
pre_lineup_compact_40_plus_matchup,35,opp_pace_roll_10,compact_40_base,False
pre_lineup_compact_40_plus_matchup,36,opp_defensiveRating_roll_10,compact_40_base,False
pre_lineup_compact_40_plus_matchup,37,opp_points_allowed_roll_10,compact_40_base,False
pre_lineup_compact_40_plus_matchup,38,opp_fp_allowed_roll_10,compact_40_base,False
pre_lineup_compact_40_plus_matchup,39,opp_pos_fp_allowed_per_player_roll_30,compact_40_base,False
pre_lineup_compact_40_plus_matchup,40,pos_opp_difficulty_roll_30,compact_40_base,False
pre_lineup_compact_40_plus_matchup,41,opp_pos_fp_allowed_per_player_roll_10,matchup,True
pre_lineup_compact_40_plus_matchup,42,pos_opp_difficulty_roll_10,matchup,True
pre_lineup_compact_40_plus_matchup,43,opp_fp_allowed_roll_30,matchup,True
pre_lineup_compact_40_plus_matchup,44,opp_defensiveRating_roll_30,matchup,True
pre_lineup_compact_40_plus_matchup,45,opp_pace_roll_30,matchup,True
pre_lineup_compact_40_plus_all_candidates,1,home,compact_40_base,False
pre_lineup_compact_40_plus_all_candidates,2,guard,compact_40_base,False
pre_lineup_compact_40_plus_all_candidates,3,forward,compact_40_base,False
pre_lineup_compact_40_plus_all_candidates,4,center,compact_40_base,False
pre_lineup_compact_40_plus_all_candidates,5,years_since_draft,compact_40_base,False
pre_lineup_compact_40_plus_all_candidates,6,days_since_last_game,compact_40_base,False
pre_lineup_compact_40_plus_all_candidates,7,is_back_to_back,compact_40_base,False
pre_lineup_compact_40_plus_all_candidates,8,fantasy_points_roll_5,compact_40_base,False
pre_lineup_compact_40_plus_all_candidates,9,fantasy_points_roll_10,compact_40_base,False
pre_lineup_compact_40_plus_all_candidates,10,fantasy_points_roll_30,compact_40_base,False
pre_lineup_compact_40_plus_all_candidates,11,fantasy_points_momentum_5_vs_10,compact_40_base,False
pre_lineup_compact_40_plus_all_candidates,12,fantasy_points_momentum_10_vs_30,compact_40_base,False
pre_lineup_compact_40_plus_all_candidates,13,numMinutes_roll_5,compact_40_base,False
pre_lineup_compact_40_plus_all_candidates,14,numMinutes_roll_10,compact_40_base,False
pre_lineup_compact_40_plus_all_candidates,15,numMinutes_roll_30,compact_40_base,False
pre_lineup_compact_40_plus_all_candidates,16,current_is_starter_roll_10,compact_40_base,False
pre_lineup_compact_40_plus_all_candidates,17,starter_minutes_roll_5,compact_40_base,False
pre_lineup_compact_40_plus_all_candidates,18,starter_minutes_roll_10,compact_40_base,False
pre_lineup_compact_40_plus_all_candidates,19,starter_minutes_roll_30,compact_40_base,False
pre_lineup_compact_40_plus_all_candidates,20,starter_minutes_share_roll_10,compact_40_base,False
pre_lineup_compact_40_plus_all_candidates,21,usagePercentage_roll_5,compact_40_base,False
pre_lineup_compact_40_plus_all_candidates,22,usagePercentage_roll_10,compact_40_base,False
pre_lineup_compact_40_plus_all_candidates,23,usagePercentage_roll_30,compact_40_base,False
pre_lineup_compact_40_plus_all_candidates,24,usagePercentage_momentum_5_vs_10,compact_40_base,False
pre_lineup_compact_40_plus_all_candidates,25,trueShootingPercentage_roll_10,compact_40_base,False
pre_lineup_compact_40_plus_all_candidates,26,playerImpactEstimate_roll_10,compact_40_base,False
pre_lineup_compact_40_plus_all_candidates,27,points_roll_10,compact_40_base,False
pre_lineup_compact_40_plus_all_candidates,28,reboundsTotal_roll_10,compact_40_base,False
pre_lineup_compact_40_plus_all_candidates,29,assists_roll_10,compact_40_base,False
pre_lineup_compact_40_plus_all_candidates,30,turnovers_roll_10,compact_40_base,False
pre_lineup_compact_40_plus_all_candidates,31,team_pace_roll_10,compact_40_base,False
pre_lineup_compact_40_plus_all_candidates,32,team_offensiveRating_roll_10,compact_40_base,False
pre_lineup_compact_40_plus_all_candidates,33,team_assists_roll_10,compact_40_base,False
pre_lineup_compact_40_plus_all_candidates,34,team_turnovers_roll_10,compact_40_base,False
pre_lineup_compact_40_plus_all_candidates,35,opp_pace_roll_10,compact_40_base,False
pre_lineup_compact_40_plus_all_candidates,36,opp_defensiveRating_roll_10,compact_40_base,False
pre_lineup_compact_40_plus_all_candidates,37,opp_points_allowed_roll_10,compact_40_base,False
pre_lineup_compact_40_plus_all_candidates,38,opp_fp_allowed_roll_10,compact_40_base,False
pre_lineup_compact_40_plus_all_candidates,39,opp_pos_fp_allowed_per_player_roll_30,compact_40_base,False
pre_lineup_compact_40_plus_all_candidates,40,pos_opp_difficulty_roll_30,compact_40_base,False
pre_lineup_compact_40_plus_all_candidates,41,current_is_starter_roll_5,role,True
pre_lineup_compact_40_plus_all_candidates,42,current_is_starter_roll_30,role,True
pre_lineup_compact_40_plus_all_candidates,43,starter_minutes_share_roll_30,role,True
pre_lineup_compact_40_plus_all_candidates,44,numMinutes_momentum_5_vs_10,role,True
pre_lineup_compact_40_plus_all_candidates,45,numMinutes_momentum_10_vs_30,role,True
pre_lineup_compact_40_plus_all_candidates,46,points_roll_5,scoring,True
pre_lineup_compact_40_plus_all_candidates,47,points_roll_30,scoring,True
pre_lineup_compact_40_plus_all_candidates,48,points_momentum_5_vs_10,scoring,True
pre_lineup_compact_40_plus_all_candidates,49,points_momentum_10_vs_30,scoring,True
pre_lineup_compact_40_plus_all_candidates,50,usagePercentage_z_5_vs_30,scoring,True
pre_lineup_compact_40_plus_all_candidates,51,reboundsTotal_roll_30,ceiling,True
pre_lineup_compact_40_plus_all_candidates,52,assists_roll_30,ceiling,True
pre_lineup_compact_40_plus_all_candidates,53,playerImpactEstimate_roll_30,ceiling,True
pre_lineup_compact_40_plus_all_candidates,54,playerImpactEstimate_momentum_5_vs_10,ceiling,True
pre_lineup_compact_40_plus_all_candidates,55,trueShootingPercentage_roll_30,ceiling,True
pre_lineup_compact_40_plus_all_candidates,56,opp_pos_fp_allowed_per_player_roll_10,matchup,True
pre_lineup_compact_40_plus_all_candidates,57,pos_opp_difficulty_roll_10,matchup,True
pre_lineup_compact_40_plus_all_candidates,58,opp_fp_allowed_roll_30,matchup,True
pre_lineup_compact_40_plus_all_candidates,59,opp_defensiveRating_roll_30,matchup,True
pre_lineup_compact_40_plus_all_candidates,60,opp_pace_roll_30,matchup,True
