feature_set,feature,position
pre_lineup_compact_40,home,1
pre_lineup_compact_40,guard,2
pre_lineup_compact_40,forward,3
pre_lineup_compact_40,center,4
pre_lineup_compact_40,years_since_draft,5
pre_lineup_compact_40,days_since_last_game,6
pre_lineup_compact_40,is_back_to_back,7
pre_lineup_compact_40,fantasy_points_roll_5,8
pre_lineup_compact_40,fantasy_points_roll_10,9
pre_lineup_compact_40,fantasy_points_roll_30,10
pre_lineup_compact_40,fantasy_points_momentum_5_vs_10,11
pre_lineup_compact_40,fantasy_points_momentum_10_vs_30,12
pre_lineup_compact_40,numMinutes_roll_5,13
pre_lineup_compact_40,numMinutes_roll_10,14
pre_lineup_compact_40,numMinutes_roll_30,15
pre_lineup_compact_40,current_is_starter_roll_10,16
pre_lineup_compact_40,starter_minutes_roll_5,17
pre_lineup_compact_40,starter_minutes_roll_10,18
pre_lineup_compact_40,starter_minutes_roll_30,19
pre_lineup_compact_40,starter_minutes_share_roll_10,20
pre_lineup_compact_40,usagePercentage_roll_5,21
pre_lineup_compact_40,usagePercentage_roll_10,22
pre_lineup_compact_40,usagePercentage_roll_30,23
pre_lineup_compact_40,usagePercentage_momentum_5_vs_10,24
pre_lineup_compact_40,trueShootingPercentage_roll_10,25
pre_lineup_compact_40,playerImpactEstimate_roll_10,26
pre_lineup_compact_40,points_roll_10,27
pre_lineup_compact_40,reboundsTotal_roll_10,28
pre_lineup_compact_40,assists_roll_10,29
pre_lineup_compact_40,turnovers_roll_10,30
pre_lineup_compact_40,team_pace_roll_10,31
pre_lineup_compact_40,team_offensiveRating_roll_10,32
pre_lineup_compact_40,team_assists_roll_10,33
pre_lineup_compact_40,team_turnovers_roll_10,34
pre_lineup_compact_40,opp_pace_roll_10,35
pre_lineup_compact_40,opp_defensiveRating_roll_10,36
pre_lineup_compact_40,opp_points_allowed_roll_10,37
pre_lineup_compact_40,opp_fp_allowed_roll_10,38
pre_lineup_compact_40,opp_pos_fp_allowed_per_player_roll_30,39
pre_lineup_compact_40,pos_opp_difficulty_roll_30,40
pre_lineup_player_team_opp,home,1
pre_lineup_player_team_opp,heightInches,2
pre_lineup_player_team_opp,bodyWeightLbs,3
pre_lineup_player_team_opp,guard,4
pre_lineup_player_team_opp,forward,5
pre_lineup_player_team_opp,center,6
pre_lineup_player_team_opp,years_since_draft,7
pre_lineup_player_team_opp,days_since_last_game,8
pre_lineup_player_team_opp,is_back_to_back,9
pre_lineup_player_team_opp,fantasy_points_roll_3,10
pre_lineup_player_team_opp,fantasy_points_roll_5,11
pre_lineup_player_team_opp,fantasy_points_roll_10,12
pre_lineup_player_team_opp,fantasy_points_roll_30,13
pre_lineup_player_team_opp,fantasy_points_std_30,14
pre_lineup_player_team_opp,fantasy_points_momentum_5_vs_10,15
pre_lineup_player_team_opp,fantasy_points_momentum_3_vs_10,16
pre_lineup_player_team_opp,fantasy_points_momentum_10_vs_30,17
pre_lineup_player_team_opp,fantasy_points_z_5_vs_30,18
pre_lineup_player_team_opp,fantasy_points_z_10_vs_30,19
pre_lineup_player_team_opp,current_is_starter_roll_5,20
pre_lineup_player_team_opp,current_is_starter_roll_10,21
pre_lineup_player_team_opp,current_is_starter_roll_30,22
pre_lineup_player_team_opp,current_is_starter_momentum_5_vs_10,23
pre_lineup_player_team_opp,current_is_starter_momentum_10_vs_30,24
pre_lineup_player_team_opp,starter_minutes_roll_3,25
pre_lineup_player_team_opp,starter_minutes_roll_5,26
pre_lineup_player_team_opp,starter_minutes_roll_10,27
pre_lineup_player_team_opp,starter_minutes_roll_30,28
pre_lineup_player_team_opp,starter_minutes_std_30,29
pre_lineup_player_team_opp,starter_minutes_momentum_5_vs_10,30
pre_lineup_player_team_opp,starter_minutes_momentum_3_vs_10,31
pre_lineup_player_team_opp,starter_minutes_momentum_10_vs_30,32
pre_lineup_player_team_opp,starter_minutes_z_5_vs_30,33
pre_lineup_player_team_opp,starter_minutes_z_10_vs_30,34
pre_lineup_player_team_opp,bench_minutes_roll_5,35
pre_lineup_player_team_opp,bench_minutes_roll_10,36
pre_lineup_player_team_opp,bench_minutes_roll_30,37
pre_lineup_player_team_opp,bench_minutes_std_30,38
pre_lineup_player_team_opp,bench_minutes_momentum_5_vs_10,39
pre_lineup_player_team_opp,bench_minutes_momentum_10_vs_30,40
pre_lineup_player_team_opp,bench_minutes_z_5_vs_30,41
pre_lineup_player_team_opp,bench_minutes_z_10_vs_30,42
pre_lineup_player_team_opp,numMinutes_roll_3,43
pre_lineup_player_team_opp,numMinutes_roll_5,44
pre_lineup_player_team_opp,numMinutes_roll_10,45
pre_lineup_player_team_opp,numMinutes_roll_30,46
pre_lineup_player_team_opp,numMinutes_std_30,47
pre_lineup_player_team_opp,numMinutes_momentum_5_vs_10,48
pre_lineup_player_team_opp,numMinutes_momentum_3_vs_10,49
pre_lineup_player_team_opp,numMinutes_momentum_10_vs_30,50
pre_lineup_player_team_opp,numMinutes_z_5_vs_30,51
pre_lineup_player_team_opp,numMinutes_z_10_vs_30,52
pre_lineup_player_team_opp,points_roll_5,53
pre_lineup_player_team_opp,points_roll_10,54
pre_lineup_player_team_opp,points_roll_30,55
pre_lineup_player_team_opp,points_std_30,56
pre_lineup_player_team_opp,points_momentum_5_vs_10,57
pre_lineup_player_team_opp,points_momentum_10_vs_30,58
pre_lineup_player_team_opp,points_z_5_vs_30,59
pre_lineup_player_team_opp,points_z_10_vs_30,60
pre_lineup_player_team_opp,reboundsTotal_roll_5,61
pre_lineup_player_team_opp,reboundsTotal_roll_10,62
pre_lineup_player_team_opp,reboundsTotal_roll_30,63
pre_lineup_player_team_opp,reboundsTotal_std_30,64
pre_lineup_player_team_opp,reboundsTotal_momentum_5_vs_10,65
pre_lineup_player_team_opp,reboundsTotal_momentum_10_vs_30,66
pre_lineup_player_team_opp,reboundsTotal_z_5_vs_30,67
pre_lineup_player_team_opp,reboundsTotal_z_10_vs_30,68
pre_lineup_player_team_opp,assists_roll_5,69
pre_lineup_player_team_opp,assists_roll_10,70
pre_lineup_player_team_opp,assists_roll_30,71
pre_lineup_player_team_opp,assists_std_30,72
pre_lineup_player_team_opp,assists_momentum_5_vs_10,73
pre_lineup_player_team_opp,assists_momentum_10_vs_30,74
pre_lineup_player_team_opp,assists_z_5_vs_30,75
pre_lineup_player_team_opp,assists_z_10_vs_30,76
pre_lineup_player_team_opp,steals_roll_5,77
pre_lineup_player_team_opp,steals_roll_10,78
pre_lineup_player_team_opp,steals_roll_30,79
pre_lineup_player_team_opp,steals_std_30,80
pre_lineup_player_team_opp,steals_momentum_5_vs_10,81
pre_lineup_player_team_opp,steals_momentum_10_vs_30,82
pre_lineup_player_team_opp,blocks_roll_5,83
pre_lineup_player_team_opp,blocks_roll_10,84
pre_lineup_player_team_opp,blocks_roll_30,85
pre_lineup_player_team_opp,blocks_std_30,86
pre_lineup_player_team_opp,blocks_momentum_5_vs_10,87
pre_lineup_player_team_opp,blocks_momentum_10_vs_30,88
pre_lineup_player_team_opp,turnovers_roll_5,89
pre_lineup_player_team_opp,turnovers_roll_10,90
pre_lineup_player_team_opp,turnovers_roll_30,91
pre_lineup_player_team_opp,turnovers_std_30,92
pre_lineup_player_team_opp,turnovers_momentum_5_vs_10,93
pre_lineup_player_team_opp,turnovers_momentum_10_vs_30,94
pre_lineup_player_team_opp,usagePercentage_roll_3,95
pre_lineup_player_team_opp,usagePercentage_roll_5,96
pre_lineup_player_team_opp,usagePercentage_roll_10,97
pre_lineup_player_team_opp,usagePercentage_roll_30,98
pre_lineup_player_team_opp,usagePercentage_std_30,99
pre_lineup_player_team_opp,usagePercentage_momentum_5_vs_10,100
pre_lineup_player_team_opp,usagePercentage_momentum_3_vs_10,101
pre_lineup_player_team_opp,usagePercentage_momentum_10_vs_30,102
pre_lineup_player_team_opp,usagePercentage_z_5_vs_30,103
pre_lineup_player_team_opp,usagePercentage_z_10_vs_30,104
pre_lineup_player_team_opp,trueShootingPercentage_roll_5,105
pre_lineup_player_team_opp,trueShootingPercentage_roll_10,106
pre_lineup_player_team_opp,trueShootingPercentage_roll_30,107
pre_lineup_player_team_opp,trueShootingPercentage_std_30,108
pre_lineup_player_team_opp,trueShootingPercentage_momentum_5_vs_10,109
pre_lineup_player_team_opp,trueShootingPercentage_momentum_10_vs_30,110
pre_lineup_player_team_opp,trueShootingPercentage_z_5_vs_30,111
pre_lineup_player_team_opp,trueShootingPercentage_z_10_vs_30,112
pre_lineup_player_team_opp,effectiveFieldGoalPercentage_roll_5,113
pre_lineup_player_team_opp,effectiveFieldGoalPercentage_roll_10,114
pre_lineup_player_team_opp,effectiveFieldGoalPercentage_roll_30,115
pre_lineup_player_team_opp,effectiveFieldGoalPercentage_std_30,116
pre_lineup_player_team_opp,effectiveFieldGoalPercentage_momentum_5_vs_10,117
pre_lineup_player_team_opp,effectiveFieldGoalPercentage_momentum_10_vs_30,118
pre_lineup_player_team_opp,effectiveFieldGoalPercentage_z_5_vs_30,119
pre_lineup_player_team_opp,effectiveFieldGoalPercentage_z_10_vs_30,120
pre_lineup_player_team_opp,freeThrowsPercentage_roll_5,121
pre_lineup_player_team_opp,freeThrowsPercentage_roll_10,122
pre_lineup_player_team_opp,freeThrowsPercentage_roll_30,123
pre_lineup_player_team_opp,freeThrowsPercentage_std_30,124
pre_lineup_player_team_opp,freeThrowsPercentage_momentum_5_vs_10,125
pre_lineup_player_team_opp,freeThrowsPercentage_momentum_10_vs_30,126
pre_lineup_player_team_opp,playerImpactEstimate_roll_5,127
pre_lineup_player_team_opp,playerImpactEstimate_roll_10,128
pre_lineup_player_team_opp,playerImpactEstimate_roll_30,129
pre_lineup_player_team_opp,playerImpactEstimate_std_30,130
pre_lineup_player_team_opp,playerImpactEstimate_momentum_5_vs_10,131
pre_lineup_player_team_opp,playerImpactEstimate_momentum_10_vs_30,132
pre_lineup_player_team_opp,playerImpactEstimate_z_5_vs_30,133
pre_lineup_player_team_opp,playerImpactEstimate_z_10_vs_30,134
pre_lineup_player_team_opp,offensiveRating_roll_5,135
pre_lineup_player_team_opp,offensiveRating_roll_10,136
pre_lineup_player_team_opp,offensiveRating_roll_30,137
pre_lineup_player_team_opp,offensiveRating_std_30,138
pre_lineup_player_team_opp,offensiveRating_momentum_5_vs_10,139
pre_lineup_player_team_opp,offensiveRating_momentum_10_vs_30,140
pre_lineup_player_team_opp,offensiveRating_z_5_vs_30,141
pre_lineup_player_team_opp,offensiveRating_z_10_vs_30,142
pre_lineup_player_team_opp,defensiveRating_roll_5,143
pre_lineup_player_team_opp,defensiveRating_roll_10,144
pre_lineup_player_team_opp,defensiveRating_roll_30,145
pre_lineup_player_team_opp,defensiveRating_std_30,146
pre_lineup_player_team_opp,defensiveRating_momentum_5_vs_10,147
pre_lineup_player_team_opp,defensiveRating_momentum_10_vs_30,148
pre_lineup_player_team_opp,defensiveRating_z_5_vs_30,149
pre_lineup_player_team_opp,defensiveRating_z_10_vs_30,150
pre_lineup_player_team_opp,pace_roll_5,151
pre_lineup_player_team_opp,pace_roll_10,152
pre_lineup_player_team_opp,pace_roll_30,153
pre_lineup_player_team_opp,pace_std_30,154
pre_lineup_player_team_opp,pace_momentum_5_vs_10,155
pre_lineup_player_team_opp,pace_momentum_10_vs_30,156
pre_lineup_player_team_opp,pace_z_5_vs_30,157
pre_lineup_player_team_opp,pace_z_10_vs_30,158
pre_lineup_player_team_opp,starter_minutes_share_roll_3,159
pre_lineup_player_team_opp,starter_minutes_share_roll_5,160
pre_lineup_player_team_opp,starter_minutes_share_roll_10,161
pre_lineup_player_team_opp,starter_minutes_share_roll_30,162
pre_lineup_player_team_opp,team_win_roll_5,163
pre_lineup_player_team_opp,team_win_roll_10,164
pre_lineup_player_team_opp,team_win_roll_30,165
pre_lineup_player_team_opp,team_win_std_30,166
pre_lineup_player_team_opp,team_win_momentum_5_vs_10,167
pre_lineup_player_team_opp,team_win_momentum_10_vs_30,168
pre_lineup_player_team_opp,team_win_z_5_vs_30,169
pre_lineup_player_team_opp,team_win_z_10_vs_30,170
pre_lineup_player_team_opp,team_score_roll_5,171
pre_lineup_player_team_opp,team_score_roll_10,172
pre_lineup_player_team_opp,team_score_roll_30,173
pre_lineup_player_team_opp,team_score_std_30,174
pre_lineup_player_team_opp,team_score_momentum_5_vs_10,175
pre_lineup_player_team_opp,team_score_momentum_10_vs_30,176
pre_lineup_player_team_opp,team_score_z_5_vs_30,177
pre_lineup_player_team_opp,team_score_z_10_vs_30,178
pre_lineup_player_team_opp,team_points_allowed_roll_5,179
pre_lineup_player_team_opp,team_points_allowed_roll_10,180
pre_lineup_player_team_opp,team_points_allowed_roll_30,181
pre_lineup_player_team_opp,team_points_allowed_std_30,182
pre_lineup_player_team_opp,team_points_allowed_momentum_5_vs_10,183
pre_lineup_player_team_opp,team_points_allowed_momentum_10_vs_30,184
pre_lineup_player_team_opp,team_points_allowed_z_5_vs_30,185
pre_lineup_player_team_opp,team_points_allowed_z_10_vs_30,186
pre_lineup_player_team_opp,team_pace_roll_5,187
pre_lineup_player_team_opp,team_pace_roll_10,188
pre_lineup_player_team_opp,team_pace_roll_30,189
pre_lineup_player_team_opp,team_pace_std_30,190
pre_lineup_player_team_opp,team_pace_momentum_5_vs_10,191
pre_lineup_player_team_opp,team_pace_momentum_10_vs_30,192
pre_lineup_player_team_opp,team_pace_z_5_vs_30,193
pre_lineup_player_team_opp,team_pace_z_10_vs_30,194
pre_lineup_player_team_opp,team_offensiveRating_roll_5,195
pre_lineup_player_team_opp,team_offensiveRating_roll_10,196
pre_lineup_player_team_opp,team_offensiveRating_roll_30,197
pre_lineup_player_team_opp,team_offensiveRating_std_30,198
pre_lineup_player_team_opp,team_offensiveRating_momentum_5_vs_10,199
pre_lineup_player_team_opp,team_offensiveRating_momentum_10_vs_30,200
pre_lineup_player_team_opp,team_offensiveRating_z_5_vs_30,201
pre_lineup_player_team_opp,team_offensiveRating_z_10_vs_30,202
pre_lineup_player_team_opp,team_defensiveRating_roll_5,203
pre_lineup_player_team_opp,team_defensiveRating_roll_10,204
pre_lineup_player_team_opp,team_defensiveRating_roll_30,205
pre_lineup_player_team_opp,team_defensiveRating_std_30,206
pre_lineup_player_team_opp,team_defensiveRating_momentum_5_vs_10,207
pre_lineup_player_team_opp,team_defensiveRating_momentum_10_vs_30,208
pre_lineup_player_team_opp,team_defensiveRating_z_5_vs_30,209
pre_lineup_player_team_opp,team_defensiveRating_z_10_vs_30,210
pre_lineup_player_team_opp,team_threePointersPercentage_roll_5,211
pre_lineup_player_team_opp,team_threePointersPercentage_roll_10,212
pre_lineup_player_team_opp,team_threePointersPercentage_roll_30,213
pre_lineup_player_team_opp,team_threePointersPercentage_std_30,214
pre_lineup_player_team_opp,team_threePointersPercentage_momentum_5_vs_10,215
pre_lineup_player_team_opp,team_threePointersPercentage_momentum_10_vs_30,216
pre_lineup_player_team_opp,team_threePointersPercentage_z_5_vs_30,217
pre_lineup_player_team_opp,team_threePointersPercentage_z_10_vs_30,218
pre_lineup_player_team_opp,team_effectiveFieldGoalPercentage_roll_5,219
pre_lineup_player_team_opp,team_effectiveFieldGoalPercentage_roll_10,220
pre_lineup_player_team_opp,team_effectiveFieldGoalPercentage_roll_30,221
pre_lineup_player_team_opp,team_effectiveFieldGoalPercentage_std_30,222
pre_lineup_player_team_opp,team_effectiveFieldGoalPercentage_momentum_5_vs_10,223
pre_lineup_player_team_opp,team_effectiveFieldGoalPercentage_momentum_10_vs_30,224
pre_lineup_player_team_opp,team_effectiveFieldGoalPercentage_z_5_vs_30,225
pre_lineup_player_team_opp,team_effectiveFieldGoalPercentage_z_10_vs_30,226
pre_lineup_player_team_opp,team_trueShootingPercentage_roll_5,227
pre_lineup_player_team_opp,team_trueShootingPercentage_roll_10,228
pre_lineup_player_team_opp,team_trueShootingPercentage_roll_30,229
pre_lineup_player_team_opp,team_trueShootingPercentage_std_30,230
pre_lineup_player_team_opp,team_trueShootingPercentage_momentum_5_vs_10,231
pre_lineup_player_team_opp,team_trueShootingPercentage_momentum_10_vs_30,232
pre_lineup_player_team_opp,team_trueShootingPercentage_z_5_vs_30,233
pre_lineup_player_team_opp,team_trueShootingPercentage_z_10_vs_30,234
pre_lineup_player_team_opp,team_assists_roll_5,235
pre_lineup_player_team_opp,team_assists_roll_10,236
pre_lineup_player_team_opp,team_assists_roll_30,237
pre_lineup_player_team_opp,team_assists_std_30,238
pre_lineup_player_team_opp,team_assists_momentum_5_vs_10,239
pre_lineup_player_team_opp,team_assists_momentum_10_vs_30,240
pre_lineup_player_team_opp,team_assists_z_5_vs_30,241
pre_lineup_player_team_opp,team_assists_z_10_vs_30,242
pre_lineup_player_team_opp,team_reboundsTotal_roll_5,243
pre_lineup_player_team_opp,team_reboundsTotal_roll_10,244
pre_lineup_player_team_opp,team_reboundsTotal_roll_30,245
pre_lineup_player_team_opp,team_reboundsTotal_std_30,246
pre_lineup_player_team_opp,team_reboundsTotal_momentum_5_vs_10,247
pre_lineup_player_team_opp,team_reboundsTotal_momentum_10_vs_30,248
pre_lineup_player_team_opp,team_reboundsTotal_z_5_vs_30,249
pre_lineup_player_team_opp,team_reboundsTotal_z_10_vs_30,250
pre_lineup_player_team_opp,team_steals_roll_5,251
pre_lineup_player_team_opp,team_steals_roll_10,252
pre_lineup_player_team_opp,team_steals_roll_30,253
pre_lineup_player_team_opp,team_steals_std_30,254
pre_lineup_player_team_opp,team_steals_momentum_5_vs_10,255
pre_lineup_player_team_opp,team_steals_momentum_10_vs_30,256
pre_lineup_player_team_opp,team_steals_z_5_vs_30,257
pre_lineup_player_team_opp,team_steals_z_10_vs_30,258
pre_lineup_player_team_opp,team_blocks_roll_5,259
pre_lineup_player_team_opp,team_blocks_roll_10,260
pre_lineup_player_team_opp,team_blocks_roll_30,261
pre_lineup_player_team_opp,team_blocks_std_30,262
pre_lineup_player_team_opp,team_blocks_momentum_5_vs_10,263
pre_lineup_player_team_opp,team_blocks_momentum_10_vs_30,264
pre_lineup_player_team_opp,team_blocks_z_5_vs_30,265
pre_lineup_player_team_opp,team_blocks_z_10_vs_30,266
pre_lineup_player_team_opp,team_turnovers_roll_5,267
pre_lineup_player_team_opp,team_turnovers_roll_10,268
pre_lineup_player_team_opp,team_turnovers_roll_30,269
pre_lineup_player_team_opp,team_turnovers_std_30,270
pre_lineup_player_team_opp,team_turnovers_momentum_5_vs_10,271
pre_lineup_player_team_opp,team_turnovers_momentum_10_vs_30,272
pre_lineup_player_team_opp,team_turnovers_z_5_vs_30,273
pre_lineup_player_team_opp,team_turnovers_z_10_vs_30,274
pre_lineup_player_team_opp,team_pointsInThePaint_roll_5,275
pre_lineup_player_team_opp,team_pointsInThePaint_roll_10,276
pre_lineup_player_team_opp,team_pointsInThePaint_roll_30,277
pre_lineup_player_team_opp,team_pointsInThePaint_std_30,278
pre_lineup_player_team_opp,team_pointsInThePaint_momentum_5_vs_10,279
pre_lineup_player_team_opp,team_pointsInThePaint_momentum_10_vs_30,280
pre_lineup_player_team_opp,team_pointsInThePaint_z_5_vs_30,281
pre_lineup_player_team_opp,team_pointsInThePaint_z_10_vs_30,282
pre_lineup_player_team_opp,team_pointsFastBreak_roll_5,283
pre_lineup_player_team_opp,team_pointsFastBreak_roll_10,284
pre_lineup_player_team_opp,team_pointsFastBreak_roll_30,285
pre_lineup_player_team_opp,team_pointsFastBreak_std_30,286
pre_lineup_player_team_opp,team_pointsFastBreak_momentum_5_vs_10,287
pre_lineup_player_team_opp,team_pointsFastBreak_momentum_10_vs_30,288
pre_lineup_player_team_opp,team_pointsFastBreak_z_5_vs_30,289
pre_lineup_player_team_opp,team_pointsFastBreak_z_10_vs_30,290
pre_lineup_player_team_opp,team_pointsSecondChance_roll_5,291
pre_lineup_player_team_opp,team_pointsSecondChance_roll_10,292
pre_lineup_player_team_opp,team_pointsSecondChance_roll_30,293
pre_lineup_player_team_opp,team_pointsSecondChance_std_30,294
pre_lineup_player_team_opp,team_pointsSecondChance_momentum_5_vs_10,295
pre_lineup_player_team_opp,team_pointsSecondChance_momentum_10_vs_30,296
pre_lineup_player_team_opp,team_pointsSecondChance_z_5_vs_30,297
pre_lineup_player_team_opp,team_pointsSecondChance_z_10_vs_30,298
pre_lineup_player_team_opp,team_pointsFromTurnovers_roll_5,299
pre_lineup_player_team_opp,team_pointsFromTurnovers_roll_10,300
pre_lineup_player_team_opp,team_pointsFromTurnovers_roll_30,301
pre_lineup_player_team_opp,team_pointsFromTurnovers_std_30,302
pre_lineup_player_team_opp,team_pointsFromTurnovers_momentum_5_vs_10,303
pre_lineup_player_team_opp,team_pointsFromTurnovers_momentum_10_vs_30,304
pre_lineup_player_team_opp,team_pointsFromTurnovers_z_5_vs_30,305
pre_lineup_player_team_opp,team_pointsFromTurnovers_z_10_vs_30,306
pre_lineup_player_team_opp,opp_win_roll_5,307
pre_lineup_player_team_opp,opp_win_roll_10,308
pre_lineup_player_team_opp,opp_win_roll_30,309
pre_lineup_player_team_opp,opp_win_std_30,310
pre_lineup_player_team_opp,opp_win_momentum_5_vs_10,311
pre_lineup_player_team_opp,opp_win_momentum_10_vs_30,312
pre_lineup_player_team_opp,opp_win_z_5_vs_30,313
pre_lineup_player_team_opp,opp_win_z_10_vs_30,314
pre_lineup_player_team_opp,opp_points_allowed_roll_5,315
pre_lineup_player_team_opp,opp_points_allowed_roll_10,316
pre_lineup_player_team_opp,opp_points_allowed_roll_30,317
pre_lineup_player_team_opp,opp_points_allowed_std_30,318
pre_lineup_player_team_opp,opp_points_allowed_momentum_5_vs_10,319
pre_lineup_player_team_opp,opp_points_allowed_momentum_10_vs_30,320
pre_lineup_player_team_opp,opp_points_allowed_z_5_vs_30,321
pre_lineup_player_team_opp,opp_points_allowed_z_10_vs_30,322
pre_lineup_player_team_opp,opp_pace_roll_5,323
pre_lineup_player_team_opp,opp_pace_roll_10,324
pre_lineup_player_team_opp,opp_pace_roll_30,325
pre_lineup_player_team_opp,opp_pace_std_30,326
pre_lineup_player_team_opp,opp_pace_momentum_5_vs_10,327
pre_lineup_player_team_opp,opp_pace_momentum_10_vs_30,328
pre_lineup_player_team_opp,opp_pace_z_5_vs_30,329
pre_lineup_player_team_opp,opp_pace_z_10_vs_30,330
pre_lineup_player_team_opp,opp_defensiveRating_roll_5,331
pre_lineup_player_team_opp,opp_defensiveRating_roll_10,332
pre_lineup_player_team_opp,opp_defensiveRating_roll_30,333
pre_lineup_player_team_opp,opp_defensiveRating_std_30,334
pre_lineup_player_team_opp,opp_defensiveRating_momentum_5_vs_10,335
pre_lineup_player_team_opp,opp_defensiveRating_momentum_10_vs_30,336
pre_lineup_player_team_opp,opp_defensiveRating_z_5_vs_30,337
pre_lineup_player_team_opp,opp_defensiveRating_z_10_vs_30,338
pre_lineup_player_team_opp,opp_effectiveFieldGoalPercentage_allowed_roll_5,339
pre_lineup_player_team_opp,opp_effectiveFieldGoalPercentage_allowed_roll_10,340
pre_lineup_player_team_opp,opp_effectiveFieldGoalPercentage_allowed_roll_30,341
pre_lineup_player_team_opp,opp_effectiveFieldGoalPercentage_allowed_std_30,342
pre_lineup_player_team_opp,opp_effectiveFieldGoalPercentage_allowed_momentum_5_vs_10,343
pre_lineup_player_team_opp,opp_effectiveFieldGoalPercentage_allowed_momentum_10_vs_30,344
pre_lineup_player_team_opp,opp_effectiveFieldGoalPercentage_allowed_z_5_vs_30,345
pre_lineup_player_team_opp,opp_effectiveFieldGoalPercentage_allowed_z_10_vs_30,346
pre_lineup_player_team_opp,opp_trueShootingPercentage_allowed_roll_5,347
pre_lineup_player_team_opp,opp_trueShootingPercentage_allowed_roll_10,348
pre_lineup_player_team_opp,opp_trueShootingPercentage_allowed_roll_30,349
pre_lineup_player_team_opp,opp_trueShootingPercentage_allowed_std_30,350
pre_lineup_player_team_opp,opp_trueShootingPercentage_allowed_momentum_5_vs_10,351
pre_lineup_player_team_opp,opp_trueShootingPercentage_allowed_momentum_10_vs_30,352
pre_lineup_player_team_opp,opp_trueShootingPercentage_allowed_z_5_vs_30,353
pre_lineup_player_team_opp,opp_trueShootingPercentage_allowed_z_10_vs_30,354
pre_lineup_player_team_opp,opp_rebounds_allowed_roll_5,355
pre_lineup_player_team_opp,opp_rebounds_allowed_roll_10,356
pre_lineup_player_team_opp,opp_rebounds_allowed_roll_30,357
pre_lineup_player_team_opp,opp_rebounds_allowed_std_30,358
pre_lineup_player_team_opp,opp_rebounds_allowed_momentum_5_vs_10,359
pre_lineup_player_team_opp,opp_rebounds_allowed_momentum_10_vs_30,360
pre_lineup_player_team_opp,opp_rebounds_allowed_z_5_vs_30,361
pre_lineup_player_team_opp,opp_rebounds_allowed_z_10_vs_30,362
pre_lineup_player_team_opp,opp_assists_allowed_roll_5,363
pre_lineup_player_team_opp,opp_assists_allowed_roll_10,364
pre_lineup_player_team_opp,opp_assists_allowed_roll_30,365
pre_lineup_player_team_opp,opp_assists_allowed_std_30,366
pre_lineup_player_team_opp,opp_assists_allowed_momentum_5_vs_10,367
pre_lineup_player_team_opp,opp_assists_allowed_momentum_10_vs_30,368
pre_lineup_player_team_opp,opp_assists_allowed_z_5_vs_30,369
pre_lineup_player_team_opp,opp_assists_allowed_z_10_vs_30,370
pre_lineup_player_team_opp,opp_steals_roll_5,371
pre_lineup_player_team_opp,opp_steals_roll_10,372
pre_lineup_player_team_opp,opp_steals_roll_30,373
pre_lineup_player_team_opp,opp_steals_std_30,374
pre_lineup_player_team_opp,opp_steals_momentum_5_vs_10,375
pre_lineup_player_team_opp,opp_steals_momentum_10_vs_30,376
pre_lineup_player_team_opp,opp_steals_z_5_vs_30,377
pre_lineup_player_team_opp,opp_steals_z_10_vs_30,378
pre_lineup_player_team_opp,opp_blocks_roll_5,379
pre_lineup_player_team_opp,opp_blocks_roll_10,380
pre_lineup_player_team_opp,opp_blocks_roll_30,381
pre_lineup_player_team_opp,opp_blocks_std_30,382
pre_lineup_player_team_opp,opp_blocks_momentum_5_vs_10,383
pre_lineup_player_team_opp,opp_blocks_momentum_10_vs_30,384
pre_lineup_player_team_opp,opp_blocks_z_5_vs_30,385
pre_lineup_player_team_opp,opp_blocks_z_10_vs_30,386
pre_lineup_player_team_opp,opp_turnovers_forced_roll_5,387
pre_lineup_player_team_opp,opp_turnovers_forced_roll_10,388
pre_lineup_player_team_opp,opp_turnovers_forced_roll_30,389
pre_lineup_player_team_opp,opp_turnovers_forced_std_30,390
pre_lineup_player_team_opp,opp_turnovers_forced_momentum_5_vs_10,391
pre_lineup_player_team_opp,opp_turnovers_forced_momentum_10_vs_30,392
pre_lineup_player_team_opp,opp_turnovers_forced_z_5_vs_30,393
pre_lineup_player_team_opp,opp_turnovers_forced_z_10_vs_30,394
pre_lineup_player_team_opp,opp_fp_allowed_roll_5,395
pre_lineup_player_team_opp,opp_fp_allowed_roll_10,396
pre_lineup_player_team_opp,opp_fp_allowed_roll_30,397
pre_lineup_player_team_opp,opp_fp_allowed_std_30,398
pre_lineup_player_team_opp,opp_fp_allowed_momentum_5_vs_10,399
pre_lineup_player_team_opp,opp_fp_allowed_momentum_10_vs_30,400
pre_lineup_player_team_opp,opp_fp_allowed_z_5_vs_30,401
pre_lineup_player_team_opp,opp_fp_allowed_z_10_vs_30,402
pre_lineup_player_team_opp,opp_pointsInThePaint_allowed_roll_5,403
pre_lineup_player_team_opp,opp_pointsInThePaint_allowed_roll_10,404
pre_lineup_player_team_opp,opp_pointsInThePaint_allowed_roll_30,405
pre_lineup_player_team_opp,opp_pointsInThePaint_allowed_std_30,406
pre_lineup_player_team_opp,opp_pointsInThePaint_allowed_momentum_5_vs_10,407
pre_lineup_player_team_opp,opp_pointsInThePaint_allowed_momentum_10_vs_30,408
pre_lineup_player_team_opp,opp_pointsInThePaint_allowed_z_5_vs_30,409
pre_lineup_player_team_opp,opp_pointsInThePaint_allowed_z_10_vs_30,410
pre_lineup_player_team_opp,opp_pointsFastBreak_allowed_roll_5,411
pre_lineup_player_team_opp,opp_pointsFastBreak_allowed_roll_10,412
pre_lineup_player_team_opp,opp_pointsFastBreak_allowed_roll_30,413
pre_lineup_player_team_opp,opp_pointsFastBreak_allowed_std_30,414
pre_lineup_player_team_opp,opp_pointsFastBreak_allowed_momentum_5_vs_10,415
pre_lineup_player_team_opp,opp_pointsFastBreak_allowed_momentum_10_vs_30,416
pre_lineup_player_team_opp,opp_pointsFastBreak_allowed_z_5_vs_30,417
pre_lineup_player_team_opp,opp_pointsFastBreak_allowed_z_10_vs_30,418
pre_lineup_player_team_opp,opp_pointsSecondChance_allowed_roll_5,419
pre_lineup_player_team_opp,opp_pointsSecondChance_allowed_roll_10,420
pre_lineup_player_team_opp,opp_pointsSecondChance_allowed_roll_30,421
pre_lineup_player_team_opp,opp_pointsSecondChance_allowed_std_30,422
pre_lineup_player_team_opp,opp_pointsSecondChance_allowed_momentum_5_vs_10,423
pre_lineup_player_team_opp,opp_pointsSecondChance_allowed_momentum_10_vs_30,424
pre_lineup_player_team_opp,opp_pointsSecondChance_allowed_z_5_vs_30,425
pre_lineup_player_team_opp,opp_pointsSecondChance_allowed_z_10_vs_30,426
pre_lineup_player_team_opp,opp_pointsFromTurnovers_allowed_roll_5,427
pre_lineup_player_team_opp,opp_pointsFromTurnovers_allowed_roll_10,428
pre_lineup_player_team_opp,opp_pointsFromTurnovers_allowed_roll_30,429
pre_lineup_player_team_opp,opp_pointsFromTurnovers_allowed_std_30,430
pre_lineup_player_team_opp,opp_pointsFromTurnovers_allowed_momentum_5_vs_10,431
pre_lineup_player_team_opp,opp_pointsFromTurnovers_allowed_momentum_10_vs_30,432
pre_lineup_player_team_opp,opp_pointsFromTurnovers_allowed_z_5_vs_30,433
pre_lineup_player_team_opp,opp_pointsFromTurnovers_allowed_z_10_vs_30,434
pre_lineup_player_team_opp,opp_pos_fp_allowed_roll_3,435
pre_lineup_player_team_opp,opp_pos_fp_allowed_roll_5,436
pre_lineup_player_team_opp,opp_pos_fp_allowed_roll_10,437
pre_lineup_player_team_opp,opp_pos_fp_allowed_roll_30,438
pre_lineup_player_team_opp,opp_pos_fp_allowed_std_30,439
pre_lineup_player_team_opp,opp_pos_fp_allowed_momentum_5_vs_10,440
pre_lineup_player_team_opp,opp_pos_fp_allowed_momentum_3_vs_10,441
pre_lineup_player_team_opp,opp_pos_fp_allowed_momentum_10_vs_30,442
pre_lineup_player_team_opp,opp_pos_fp_allowed_z_5_vs_30,443
pre_lineup_player_team_opp,opp_pos_fp_allowed_z_10_vs_30,444
pre_lineup_player_team_opp,opp_pos_fp_allowed_per_player_roll_3,445
pre_lineup_player_team_opp,opp_pos_fp_allowed_per_player_roll_5,446
pre_lineup_player_team_opp,opp_pos_fp_allowed_per_player_roll_10,447
pre_lineup_player_team_opp,opp_pos_fp_allowed_per_player_roll_30,448
pre_lineup_player_team_opp,opp_pos_fp_allowed_per_player_std_30,449
pre_lineup_player_team_opp,opp_pos_fp_allowed_per_player_momentum_5_vs_10,450
pre_lineup_player_team_opp,opp_pos_fp_allowed_per_player_momentum_3_vs_10,451
pre_lineup_player_team_opp,opp_pos_fp_allowed_per_player_momentum_10_vs_30,452
pre_lineup_player_team_opp,opp_pos_fp_allowed_per_player_z_5_vs_30,453
pre_lineup_player_team_opp,opp_pos_fp_allowed_per_player_z_10_vs_30,454
pre_lineup_player_team_opp,opp_pos_minutes_allowed_roll_5,455
pre_lineup_player_team_opp,opp_pos_minutes_allowed_roll_10,456
pre_lineup_player_team_opp,opp_pos_minutes_allowed_roll_30,457
pre_lineup_player_team_opp,opp_pos_minutes_allowed_std_30,458
pre_lineup_player_team_opp,opp_pos_minutes_allowed_momentum_5_vs_10,459
pre_lineup_player_team_opp,opp_pos_minutes_allowed_momentum_10_vs_30,460
pre_lineup_player_team_opp,opp_pos_minutes_allowed_z_5_vs_30,461
pre_lineup_player_team_opp,opp_pos_minutes_allowed_z_10_vs_30,462
pre_lineup_player_team_opp,opp_pos_player_count_roll_5,463
pre_lineup_player_team_opp,opp_pos_player_count_roll_10,464
pre_lineup_player_team_opp,opp_pos_player_count_roll_30,465
pre_lineup_player_team_opp,opp_pos_player_count_std_30,466
pre_lineup_player_team_opp,opp_pos_player_count_momentum_5_vs_10,467
pre_lineup_player_team_opp,opp_pos_player_count_momentum_10_vs_30,468
pre_lineup_player_team_opp,opp_pos_player_count_z_5_vs_30,469
pre_lineup_player_team_opp,opp_pos_player_count_z_10_vs_30,470
pre_lineup_player_team_opp,opp_pos_starter_count_roll_5,471
pre_lineup_player_team_opp,opp_pos_starter_count_roll_10,472
pre_lineup_player_team_opp,opp_pos_starter_count_roll_30,473
pre_lineup_player_team_opp,opp_pos_starter_count_std_30,474
pre_lineup_player_team_opp,opp_pos_starter_count_momentum_5_vs_10,475
pre_lineup_player_team_opp,opp_pos_starter_count_momentum_10_vs_30,476
pre_lineup_player_team_opp,opp_pos_starter_count_z_5_vs_30,477
pre_lineup_player_team_opp,opp_pos_starter_count_z_10_vs_30,478
pre_lineup_player_team_opp,pos_opp_difficulty_roll_3,479
pre_lineup_player_team_opp,pos_opp_difficulty_ratio_3,480
pre_lineup_player_team_opp,pos_opp_difficulty_roll_5,481
pre_lineup_player_team_opp,pos_opp_difficulty_ratio_5,482
pre_lineup_player_team_opp,pos_opp_difficulty_roll_10,483
pre_lineup_player_team_opp,pos_opp_difficulty_ratio_10,484
pre_lineup_player_team_opp,pos_opp_difficulty_roll_30,485
pre_lineup_player_team_opp,pos_opp_difficulty_ratio_30,486
pre_lineup_compact_40_plus_role,home,1
pre_lineup_compact_40_plus_role,guard,2
pre_lineup_compact_40_plus_role,forward,3
pre_lineup_compact_40_plus_role,center,4
pre_lineup_compact_40_plus_role,years_since_draft,5
pre_lineup_compact_40_plus_role,days_since_last_game,6
pre_lineup_compact_40_plus_role,is_back_to_back,7
pre_lineup_compact_40_plus_role,fantasy_points_roll_5,8
pre_lineup_compact_40_plus_role,fantasy_points_roll_10,9
pre_lineup_compact_40_plus_role,fantasy_points_roll_30,10
pre_lineup_compact_40_plus_role,fantasy_points_momentum_5_vs_10,11
pre_lineup_compact_40_plus_role,fantasy_points_momentum_10_vs_30,12
pre_lineup_compact_40_plus_role,numMinutes_roll_5,13
pre_lineup_compact_40_plus_role,numMinutes_roll_10,14
pre_lineup_compact_40_plus_role,numMinutes_roll_30,15
pre_lineup_compact_40_plus_role,current_is_starter_roll_10,16
pre_lineup_compact_40_plus_role,starter_minutes_roll_5,17
pre_lineup_compact_40_plus_role,starter_minutes_roll_10,18
pre_lineup_compact_40_plus_role,starter_minutes_roll_30,19
pre_lineup_compact_40_plus_role,starter_minutes_share_roll_10,20
pre_lineup_compact_40_plus_role,usagePercentage_roll_5,21
pre_lineup_compact_40_plus_role,usagePercentage_roll_10,22
pre_lineup_compact_40_plus_role,usagePercentage_roll_30,23
pre_lineup_compact_40_plus_role,usagePercentage_momentum_5_vs_10,24
pre_lineup_compact_40_plus_role,trueShootingPercentage_roll_10,25
pre_lineup_compact_40_plus_role,playerImpactEstimate_roll_10,26
pre_lineup_compact_40_plus_role,points_roll_10,27
pre_lineup_compact_40_plus_role,reboundsTotal_roll_10,28
pre_lineup_compact_40_plus_role,assists_roll_10,29
pre_lineup_compact_40_plus_role,turnovers_roll_10,30
pre_lineup_compact_40_plus_role,team_pace_roll_10,31
pre_lineup_compact_40_plus_role,team_offensiveRating_roll_10,32
pre_lineup_compact_40_plus_role,team_assists_roll_10,33
pre_lineup_compact_40_plus_role,team_turnovers_roll_10,34
pre_lineup_compact_40_plus_role,opp_pace_roll_10,35
pre_lineup_compact_40_plus_role,opp_defensiveRating_roll_10,36
pre_lineup_compact_40_plus_role,opp_points_allowed_roll_10,37
pre_lineup_compact_40_plus_role,opp_fp_allowed_roll_10,38
pre_lineup_compact_40_plus_role,opp_pos_fp_allowed_per_player_roll_30,39
pre_lineup_compact_40_plus_role,pos_opp_difficulty_roll_30,40
pre_lineup_compact_40_plus_role,current_is_starter_roll_5,41
pre_lineup_compact_40_plus_role,current_is_starter_roll_30,42
pre_lineup_compact_40_plus_role,starter_minutes_share_roll_30,43
pre_lineup_compact_40_plus_role,numMinutes_momentum_5_vs_10,44
pre_lineup_compact_40_plus_role,numMinutes_momentum_10_vs_30,45
pre_lineup_compact_40_plus_scoring,home,1
pre_lineup_compact_40_plus_scoring,guard,2
pre_lineup_compact_40_plus_scoring,forward,3
pre_lineup_compact_40_plus_scoring,center,4
pre_lineup_compact_40_plus_scoring,years_since_draft,5
pre_lineup_compact_40_plus_scoring,days_since_last_game,6
pre_lineup_compact_40_plus_scoring,is_back_to_back,7
pre_lineup_compact_40_plus_scoring,fantasy_points_roll_5,8
pre_lineup_compact_40_plus_scoring,fantasy_points_roll_10,9
pre_lineup_compact_40_plus_scoring,fantasy_points_roll_30,10
pre_lineup_compact_40_plus_scoring,fantasy_points_momentum_5_vs_10,11
pre_lineup_compact_40_plus_scoring,fantasy_points_momentum_10_vs_30,12
pre_lineup_compact_40_plus_scoring,numMinutes_roll_5,13
pre_lineup_compact_40_plus_scoring,numMinutes_roll_10,14
pre_lineup_compact_40_plus_scoring,numMinutes_roll_30,15
pre_lineup_compact_40_plus_scoring,current_is_starter_roll_10,16
pre_lineup_compact_40_plus_scoring,starter_minutes_roll_5,17
pre_lineup_compact_40_plus_scoring,starter_minutes_roll_10,18
pre_lineup_compact_40_plus_scoring,starter_minutes_roll_30,19
pre_lineup_compact_40_plus_scoring,starter_minutes_share_roll_10,20
pre_lineup_compact_40_plus_scoring,usagePercentage_roll_5,21
pre_lineup_compact_40_plus_scoring,usagePercentage_roll_10,22
pre_lineup_compact_40_plus_scoring,usagePercentage_roll_30,23
pre_lineup_compact_40_plus_scoring,usagePercentage_momentum_5_vs_10,24
pre_lineup_compact_40_plus_scoring,trueShootingPercentage_roll_10,25
pre_lineup_compact_40_plus_scoring,playerImpactEstimate_roll_10,26
pre_lineup_compact_40_plus_scoring,points_roll_10,27
pre_lineup_compact_40_plus_scoring,reboundsTotal_roll_10,28
pre_lineup_compact_40_plus_scoring,assists_roll_10,29
pre_lineup_compact_40_plus_scoring,turnovers_roll_10,30
pre_lineup_compact_40_plus_scoring,team_pace_roll_10,31
pre_lineup_compact_40_plus_scoring,team_offensiveRating_roll_10,32
pre_lineup_compact_40_plus_scoring,team_assists_roll_10,33
pre_lineup_compact_40_plus_scoring,team_turnovers_roll_10,34
pre_lineup_compact_40_plus_scoring,opp_pace_roll_10,35
pre_lineup_compact_40_plus_scoring,opp_defensiveRating_roll_10,36
pre_lineup_compact_40_plus_scoring,opp_points_allowed_roll_10,37
pre_lineup_compact_40_plus_scoring,opp_fp_allowed_roll_10,38
pre_lineup_compact_40_plus_scoring,opp_pos_fp_allowed_per_player_roll_30,39
pre_lineup_compact_40_plus_scoring,pos_opp_difficulty_roll_30,40
pre_lineup_compact_40_plus_scoring,points_roll_5,41
pre_lineup_compact_40_plus_scoring,points_roll_30,42
pre_lineup_compact_40_plus_scoring,points_momentum_5_vs_10,43
pre_lineup_compact_40_plus_scoring,points_momentum_10_vs_30,44
pre_lineup_compact_40_plus_scoring,usagePercentage_z_5_vs_30,45
pre_lineup_compact_40_plus_ceiling,home,1
pre_lineup_compact_40_plus_ceiling,guard,2
pre_lineup_compact_40_plus_ceiling,forward,3
pre_lineup_compact_40_plus_ceiling,center,4
pre_lineup_compact_40_plus_ceiling,years_since_draft,5
pre_lineup_compact_40_plus_ceiling,days_since_last_game,6
pre_lineup_compact_40_plus_ceiling,is_back_to_back,7
pre_lineup_compact_40_plus_ceiling,fantasy_points_roll_5,8
pre_lineup_compact_40_plus_ceiling,fantasy_points_roll_10,9
pre_lineup_compact_40_plus_ceiling,fantasy_points_roll_30,10
pre_lineup_compact_40_plus_ceiling,fantasy_points_momentum_5_vs_10,11
pre_lineup_compact_40_plus_ceiling,fantasy_points_momentum_10_vs_30,12
pre_lineup_compact_40_plus_ceiling,numMinutes_roll_5,13
pre_lineup_compact_40_plus_ceiling,numMinutes_roll_10,14
pre_lineup_compact_40_plus_ceiling,numMinutes_roll_30,15
pre_lineup_compact_40_plus_ceiling,current_is_starter_roll_10,16
pre_lineup_compact_40_plus_ceiling,starter_minutes_roll_5,17
pre_lineup_compact_40_plus_ceiling,starter_minutes_roll_10,18
pre_lineup_compact_40_plus_ceiling,starter_minutes_roll_30,19
pre_lineup_compact_40_plus_ceiling,starter_minutes_share_roll_10,20
pre_lineup_compact_40_plus_ceiling,usagePercentage_roll_5,21
pre_lineup_compact_40_plus_ceiling,usagePercentage_roll_10,22
pre_lineup_compact_40_plus_ceiling,usagePercentage_roll_30,23
pre_lineup_compact_40_plus_ceiling,usagePercentage_momentum_5_vs_10,24
pre_lineup_compact_40_plus_ceiling,trueShootingPercentage_roll_10,25
pre_lineup_compact_40_plus_ceiling,playerImpactEstimate_roll_10,26
pre_lineup_compact_40_plus_ceiling,points_roll_10,27
pre_lineup_compact_40_plus_ceiling,reboundsTotal_roll_10,28
pre_lineup_compact_40_plus_ceiling,assists_roll_10,29
pre_lineup_compact_40_plus_ceiling,turnovers_roll_10,30
pre_lineup_compact_40_plus_ceiling,team_pace_roll_10,31
pre_lineup_compact_40_plus_ceiling,team_offensiveRating_roll_10,32
pre_lineup_compact_40_plus_ceiling,team_assists_roll_10,33
pre_lineup_compact_40_plus_ceiling,team_turnovers_roll_10,34
pre_lineup_compact_40_plus_ceiling,opp_pace_roll_10,35
pre_lineup_compact_40_plus_ceiling,opp_defensiveRating_roll_10,36
pre_lineup_compact_40_plus_ceiling,opp_points_allowed_roll_10,37
pre_lineup_compact_40_plus_ceiling,opp_fp_allowed_roll_10,38
pre_lineup_compact_40_plus_ceiling,opp_pos_fp_allowed_per_player_roll_30,39
pre_lineup_compact_40_plus_ceiling,pos_opp_difficulty_roll_30,40
pre_lineup_compact_40_plus_ceiling,reboundsTotal_roll_30,41
pre_lineup_compact_40_plus_ceiling,assists_roll_30,42
pre_lineup_compact_40_plus_ceiling,playerImpactEstimate_roll_30,43
pre_lineup_compact_40_plus_ceiling,playerImpactEstimate_momentum_5_vs_10,44
pre_lineup_compact_40_plus_ceiling,trueShootingPercentage_roll_30,45
pre_lineup_compact_40_plus_matchup,home,1
pre_lineup_compact_40_plus_matchup,guard,2
pre_lineup_compact_40_plus_matchup,forward,3
pre_lineup_compact_40_plus_matchup,center,4
pre_lineup_compact_40_plus_matchup,years_since_draft,5
pre_lineup_compact_40_plus_matchup,days_since_last_game,6
pre_lineup_compact_40_plus_matchup,is_back_to_back,7
pre_lineup_compact_40_plus_matchup,fantasy_points_roll_5,8
pre_lineup_compact_40_plus_matchup,fantasy_points_roll_10,9
pre_lineup_compact_40_plus_matchup,fantasy_points_roll_30,10
pre_lineup_compact_40_plus_matchup,fantasy_points_momentum_5_vs_10,11
pre_lineup_compact_40_plus_matchup,fantasy_points_momentum_10_vs_30,12
pre_lineup_compact_40_plus_matchup,numMinutes_roll_5,13
pre_lineup_compact_40_plus_matchup,numMinutes_roll_10,14
pre_lineup_compact_40_plus_matchup,numMinutes_roll_30,15
pre_lineup_compact_40_plus_matchup,current_is_starter_roll_10,16
pre_lineup_compact_40_plus_matchup,starter_minutes_roll_5,17
pre_lineup_compact_40_plus_matchup,starter_minutes_roll_10,18
pre_lineup_compact_40_plus_matchup,starter_minutes_roll_30,19
pre_lineup_compact_40_plus_matchup,starter_minutes_share_roll_10,20
pre_lineup_compact_40_plus_matchup,usagePercentage_roll_5,21
pre_lineup_compact_40_plus_matchup,usagePercentage_roll_10,22
pre_lineup_compact_40_plus_matchup,usagePercentage_roll_30,23
pre_lineup_compact_40_plus_matchup,usagePercentage_momentum_5_vs_10,24
pre_lineup_compact_40_plus_matchup,trueShootingPercentage_roll_10,25
pre_lineup_compact_40_plus_matchup,playerImpactEstimate_roll_10,26
pre_lineup_compact_40_plus_matchup,points_roll_10,27
pre_lineup_compact_40_plus_matchup,reboundsTotal_roll_10,28
pre_lineup_compact_40_plus_matchup,assists_roll_10,29
pre_lineup_compact_40_plus_matchup,turnovers_roll_10,30
pre_lineup_compact_40_plus_matchup,team_pace_roll_10,31
pre_lineup_compact_40_plus_matchup,team_offensiveRating_roll_10,32
pre_lineup_compact_40_plus_matchup,team_assists_roll_10,33
pre_lineup_compact_40_plus_matchup,team_turnovers_roll_10,34
pre_lineup_compact_40_plus_matchup,opp_pace_roll_10,35
pre_lineup_compact_40_plus_matchup,opp_defensiveRating_roll_10,36
pre_lineup_compact_40_plus_matchup,opp_points_allowed_roll_10,37
pre_lineup_compact_40_plus_matchup,opp_fp_allowed_roll_10,38
pre_lineup_compact_40_plus_matchup,opp_pos_fp_allowed_per_player_roll_30,39
pre_lineup_compact_40_plus_matchup,pos_opp_difficulty_roll_30,40
pre_lineup_compact_40_plus_matchup,opp_pos_fp_allowed_per_player_roll_10,41
pre_lineup_compact_40_plus_matchup,pos_opp_difficulty_roll_10,42
pre_lineup_compact_40_plus_matchup,opp_fp_allowed_roll_30,43
pre_lineup_compact_40_plus_matchup,opp_defensiveRating_roll_30,44
pre_lineup_compact_40_plus_matchup,opp_pace_roll_30,45
pre_lineup_compact_40_plus_all_candidates,home,1
pre_lineup_compact_40_plus_all_candidates,guard,2
pre_lineup_compact_40_plus_all_candidates,forward,3
pre_lineup_compact_40_plus_all_candidates,center,4
pre_lineup_compact_40_plus_all_candidates,years_since_draft,5
pre_lineup_compact_40_plus_all_candidates,days_since_last_game,6
pre_lineup_compact_40_plus_all_candidates,is_back_to_back,7
pre_lineup_compact_40_plus_all_candidates,fantasy_points_roll_5,8
pre_lineup_compact_40_plus_all_candidates,fantasy_points_roll_10,9
pre_lineup_compact_40_plus_all_candidates,fantasy_points_roll_30,10
pre_lineup_compact_40_plus_all_candidates,fantasy_points_momentum_5_vs_10,11
pre_lineup_compact_40_plus_all_candidates,fantasy_points_momentum_10_vs_30,12
pre_lineup_compact_40_plus_all_candidates,numMinutes_roll_5,13
pre_lineup_compact_40_plus_all_candidates,numMinutes_roll_10,14
pre_lineup_compact_40_plus_all_candidates,numMinutes_roll_30,15
pre_lineup_compact_40_plus_all_candidates,current_is_starter_roll_10,16
pre_lineup_compact_40_plus_all_candidates,starter_minutes_roll_5,17
pre_lineup_compact_40_plus_all_candidates,starter_minutes_roll_10,18
pre_lineup_compact_40_plus_all_candidates,starter_minutes_roll_30,19
pre_lineup_compact_40_plus_all_candidates,starter_minutes_share_roll_10,20
pre_lineup_compact_40_plus_all_candidates,usagePercentage_roll_5,21
pre_lineup_compact_40_plus_all_candidates,usagePercentage_roll_10,22
pre_lineup_compact_40_plus_all_candidates,usagePercentage_roll_30,23
pre_lineup_compact_40_plus_all_candidates,usagePercentage_momentum_5_vs_10,24
pre_lineup_compact_40_plus_all_candidates,trueShootingPercentage_roll_10,25
pre_lineup_compact_40_plus_all_candidates,playerImpactEstimate_roll_10,26
pre_lineup_compact_40_plus_all_candidates,points_roll_10,27
pre_lineup_compact_40_plus_all_candidates,reboundsTotal_roll_10,28
pre_lineup_compact_40_plus_all_candidates,assists_roll_10,29
pre_lineup_compact_40_plus_all_candidates,turnovers_roll_10,30
pre_lineup_compact_40_plus_all_candidates,team_pace_roll_10,31
pre_lineup_compact_40_plus_all_candidates,team_offensiveRating_roll_10,32
pre_lineup_compact_40_plus_all_candidates,team_assists_roll_10,33
pre_lineup_compact_40_plus_all_candidates,team_turnovers_roll_10,34
pre_lineup_compact_40_plus_all_candidates,opp_pace_roll_10,35
pre_lineup_compact_40_plus_all_candidates,opp_defensiveRating_roll_10,36
pre_lineup_compact_40_plus_all_candidates,opp_points_allowed_roll_10,37
pre_lineup_compact_40_plus_all_candidates,opp_fp_allowed_roll_10,38
pre_lineup_compact_40_plus_all_candidates,opp_pos_fp_allowed_per_player_roll_30,39
pre_lineup_compact_40_plus_all_candidates,pos_opp_difficulty_roll_30,40
pre_lineup_compact_40_plus_all_candidates,current_is_starter_roll_5,41
pre_lineup_compact_40_plus_all_candidates,current_is_starter_roll_30,42
pre_lineup_compact_40_plus_all_candidates,starter_minutes_share_roll_30,43
pre_lineup_compact_40_plus_all_candidates,numMinutes_momentum_5_vs_10,44
pre_lineup_compact_40_plus_all_candidates,numMinutes_momentum_10_vs_30,45
pre_lineup_compact_40_plus_all_candidates,points_roll_5,46
pre_lineup_compact_40_plus_all_candidates,points_roll_30,47
pre_lineup_compact_40_plus_all_candidates,points_momentum_5_vs_10,48
pre_lineup_compact_40_plus_all_candidates,points_momentum_10_vs_30,49
pre_lineup_compact_40_plus_all_candidates,usagePercentage_z_5_vs_30,50
pre_lineup_compact_40_plus_all_candidates,reboundsTotal_roll_30,51
pre_lineup_compact_40_plus_all_candidates,assists_roll_30,52
pre_lineup_compact_40_plus_all_candidates,playerImpactEstimate_roll_30,53
pre_lineup_compact_40_plus_all_candidates,playerImpactEstimate_momentum_5_vs_10,54
pre_lineup_compact_40_plus_all_candidates,trueShootingPercentage_roll_30,55
pre_lineup_compact_40_plus_all_candidates,opp_pos_fp_allowed_per_player_roll_10,56
pre_lineup_compact_40_plus_all_candidates,pos_opp_difficulty_roll_10,57
pre_lineup_compact_40_plus_all_candidates,opp_fp_allowed_roll_30,58
pre_lineup_compact_40_plus_all_candidates,opp_defensiveRating_roll_30,59
pre_lineup_compact_40_plus_all_candidates,opp_pace_roll_30,60
