column,dtype,missing_count,missing_pct,non_null_count,unique_count_profiled,all_null,near_constant
opp_pos_starter_count_z_10_vs_30,float64,129750,1.0,0,0,True,True
opp_pos_starter_count_z_5_vs_30,float64,129750,1.0,0,0,True,True
startingPosition,object,81270,0.6263583815028901,48480,3,False,False
current_is_starter_z_10_vs_30,float64,71910,0.5542196531791908,57840,1870,False,False
current_is_starter_z_5_vs_30,float64,71910,0.5542196531791908,57840,1802,False,False
starter_minutes_z_10_vs_30,float64,47037,0.36252023121387283,82713,60878,False,False
starter_minutes_z_5_vs_30,float64,47037,0.36252023121387283,82713,60671,False,False
bench_minutes_z_10_vs_30,float64,26986,0.20798458574181117,102764,89303,False,False
bench_minutes_z_5_vs_30,float64,26986,0.20798458574181117,102764,93067,False,False
opp_pos_player_count_z_10_vs_30,float64,26827,0.2067591522157996,102923,14141,False,False
opp_pos_player_count_z_5_vs_30,float64,26827,0.2067591522157996,102923,14578,False,False
team_pointsFromTurnovers_z_10_vs_30,float64,26727,0.20598843930635838,103023,9255,False,False
team_pointsFromTurnovers_z_5_vs_30,float64,26727,0.20598843930635838,103023,9420,False,False
team_pointsInThePaint_z_10_vs_30,float64,26706,0.20582658959537573,103044,9232,False,False
team_pointsInThePaint_z_5_vs_30,float64,26706,0.20582658959537573,103044,9398,False,False
team_pointsFastBreak_z_10_vs_30,float64,26695,0.20574181117533719,103055,9265,False,False
team_pointsFastBreak_z_5_vs_30,float64,26695,0.20574181117533719,103055,9424,False,False
team_pointsFastBreak_std_30,float64,26682,0.20564161849710982,103068,8689,False,False
team_pointsFromTurnovers_std_30,float64,26682,0.20564161849710982,103068,8831,False,False
team_pointsInThePaint_std_30,float64,26682,0.20564161849710982,103068,8466,False,False
team_pointsSecondChance_std_30,float64,26682,0.20564161849710982,103068,8491,False,False
team_pointsSecondChance_z_10_vs_30,float64,26682,0.20564161849710982,103068,9235,False,False
team_pointsSecondChance_z_5_vs_30,float64,26682,0.20564161849710982,103068,9410,False,False
opp_fp_allowed_std_30,float64,26677,0.20560308285163775,103073,9631,False,False
opp_fp_allowed_z_10_vs_30,float64,26677,0.20560308285163775,103073,9366,False,False
opp_fp_allowed_z_5_vs_30,float64,26677,0.20560308285163775,103073,9515,False,False
opp_pos_minutes_allowed_z_10_vs_30,float64,26670,0.2055491329479769,103080,28021,False,False
opp_pos_minutes_allowed_z_5_vs_30,float64,26670,0.2055491329479769,103080,28475,False,False
opp_pos_fp_allowed_per_player_std_30,float64,26666,0.20551830443159924,103084,28881,False,False
opp_pos_fp_allowed_per_player_z_10_vs_30,float64,26666,0.20551830443159924,103084,28099,False,False
opp_pos_fp_allowed_per_player_z_5_vs_30,float64,26666,0.20551830443159924,103084,28549,False,False
opp_pos_fp_allowed_std_30,float64,26666,0.20551830443159924,103084,28857,False,False
opp_pos_fp_allowed_z_10_vs_30,float64,26666,0.20551830443159924,103084,28093,False,False
opp_pos_fp_allowed_z_5_vs_30,float64,26666,0.20551830443159924,103084,28547,False,False
opp_pos_minutes_allowed_std_30,float64,26666,0.20551830443159924,103084,28275,False,False
opp_pos_player_count_std_30,float64,26666,0.20551830443159924,103084,5678,False,False
opp_pos_starter_count_std_30,float64,26666,0.20551830443159924,103084,1,False,True
opp_fp_allowed_momentum_10_vs_30,float64,26368,0.20322157996146437,103382,8211,False,False
opp_fp_allowed_momentum_5_vs_10,float64,26368,0.20322157996146437,103382,6094,False,False
opp_fp_allowed_roll_10,float64,26368,0.20322157996146437,103382,5294,False,False
opp_fp_allowed_roll_5,float64,26368,0.20322157996146437,103382,3748,False,False
team_pointsFastBreak_momentum_10_vs_30,float64,26368,0.20322157996146437,103382,1227,False,False
team_pointsFastBreak_momentum_5_vs_10,float64,26368,0.20322157996146437,103382,476,False,False
team_pointsFastBreak_roll_10,float64,26368,0.20322157996146437,103382,283,False,False
team_pointsFastBreak_roll_5,float64,26368,0.20322157996146437,103382,164,False,False
team_pointsFromTurnovers_momentum_10_vs_30,float64,26368,0.20322157996146437,103382,1241,False,False
team_pointsFromTurnovers_momentum_5_vs_10,float64,26368,0.20322157996146437,103382,435,False,False
team_pointsFromTurnovers_roll_10,float64,26368,0.20322157996146437,103382,269,False,False
team_pointsFromTurnovers_roll_5,float64,26368,0.20322157996146437,103382,157,False,False
team_pointsInThePaint_momentum_10_vs_30,float64,26368,0.20322157996146437,103382,913,False,False
team_pointsInThePaint_momentum_5_vs_10,float64,26368,0.20322157996146437,103382,292,False,False
team_pointsInThePaint_roll_10,float64,26368,0.20322157996146437,103382,252,False,False
team_pointsInThePaint_roll_5,float64,26368,0.20322157996146437,103382,144,False,False
team_pointsSecondChance_momentum_10_vs_30,float64,26368,0.20322157996146437,103382,1091,False,False
team_pointsSecondChance_momentum_5_vs_10,float64,26368,0.20322157996146437,103382,447,False,False
team_pointsSecondChance_roll_10,float64,26368,0.20322157996146437,103382,262,False,False
team_pointsSecondChance_roll_5,float64,26368,0.20322157996146437,103382,148,False,False
opp_fp_allowed_roll_30,float64,26346,0.2030520231213873,103404,7901,False,False
opp_pos_fp_allowed_momentum_10_vs_30,float64,26346,0.2030520231213873,103404,17427,False,False
opp_pos_fp_allowed_momentum_3_vs_10,float64,26346,0.2030520231213873,103404,23956,False,False
opp_pos_fp_allowed_momentum_5_vs_10,float64,26346,0.2030520231213873,103404,10883,False,False
opp_pos_fp_allowed_per_player_momentum_10_vs_30,float64,26346,0.2030520231213873,103404,27220,False,False
opp_pos_fp_allowed_per_player_momentum_3_vs_10,float64,26346,0.2030520231213873,103404,28149,False,False
opp_pos_fp_allowed_per_player_momentum_5_vs_10,float64,26346,0.2030520231213873,103404,25444,False,False
opp_pos_fp_allowed_per_player_roll_10,float64,26346,0.2030520231213873,103404,23631,False,False
opp_pos_fp_allowed_per_player_roll_3,float64,26346,0.2030520231213873,103404,19829,False,False
opp_pos_fp_allowed_per_player_roll_30,float64,26346,0.2030520231213873,103404,27278,False,False
opp_pos_fp_allowed_per_player_roll_5,float64,26346,0.2030520231213873,103404,19978,False,False
opp_pos_fp_allowed_roll_10,float64,26346,0.2030520231213873,103404,10844,False,False
opp_pos_fp_allowed_roll_3,float64,26346,0.2030520231213873,103404,11103,False,False
opp_pos_fp_allowed_roll_30,float64,26346,0.2030520231213873,103404,18665,False,False
opp_pos_fp_allowed_roll_5,float64,26346,0.2030520231213873,103404,7591,False,False
opp_pos_minutes_allowed_momentum_10_vs_30,float64,26346,0.2030520231213873,103404,16698,False,False
opp_pos_minutes_allowed_momentum_5_vs_10,float64,26346,0.2030520231213873,103404,13908,False,False
opp_pos_minutes_allowed_roll_10,float64,26346,0.2030520231213873,103404,14112,False,False
opp_pos_minutes_allowed_roll_30,float64,26346,0.2030520231213873,103404,16548,False,False
opp_pos_minutes_allowed_roll_5,float64,26346,0.2030520231213873,103404,13034,False,False
opp_pos_player_count_momentum_10_vs_30,float64,26346,0.2030520231213873,103404,1110,False,False
opp_pos_player_count_momentum_5_vs_10,float64,26346,0.2030520231213873,103404,246,False,False
opp_pos_player_count_roll_10,float64,26346,0.2030520231213873,103404,148,False,False
opp_pos_player_count_roll_30,float64,26346,0.2030520231213873,103404,677,False,False
opp_pos_player_count_roll_5,float64,26346,0.2030520231213873,103404,60,False,False
opp_pos_starter_count_momentum_10_vs_30,float64,26346,0.2030520231213873,103404,1,False,True
opp_pos_starter_count_momentum_5_vs_10,float64,26346,0.2030520231213873,103404,1,False,True
opp_pos_starter_count_roll_10,float64,26346,0.2030520231213873,103404,2,False,False
opp_pos_starter_count_roll_30,float64,26346,0.2030520231213873,103404,2,False,False
opp_pos_starter_count_roll_5,float64,26346,0.2030520231213873,103404,2,False,False
pos_opp_difficulty_ratio_10,float64,26346,0.2030520231213873,103404,28998,False,False
pos_opp_difficulty_ratio_3,float64,26346,0.2030520231213873,103404,28992,False,False
pos_opp_difficulty_ratio_30,float64,26346,0.2030520231213873,103404,28998,False,False
pos_opp_difficulty_ratio_5,float64,26346,0.2030520231213873,103404,28996,False,False
pos_opp_difficulty_roll_10,float64,26346,0.2030520231213873,103404,27229,False,False
pos_opp_difficulty_roll_3,float64,26346,0.2030520231213873,103404,27937,False,False
pos_opp_difficulty_roll_30,float64,26346,0.2030520231213873,103404,28415,False,False
pos_opp_difficulty_roll_5,float64,26346,0.2030520231213873,103404,26677,False,False
team_pointsFastBreak_roll_30,float64,26344,0.20303660886319846,103406,825,False,False
team_pointsFromTurnovers_roll_30,float64,26344,0.20303660886319846,103406,802,False,False
team_pointsInThePaint_roll_30,float64,26344,0.20303660886319846,103406,803,False,False
team_pointsSecondChance_roll_30,float64,26344,0.20303660886319846,103406,780,False,False
league_pos_fp_allowed_per_player_roll_10,float64,26029,0.20060886319845858,103721,23468,False,False
league_pos_fp_allowed_per_player_roll_3,float64,26029,0.20060886319845858,103721,24657,False,False
league_pos_fp_allowed_per_player_roll_30,float64,26029,0.20060886319845858,103721,27059,False,False
league_pos_fp_allowed_per_player_roll_5,float64,26029,0.20060886319845858,103721,21799,False,False
opp_assists_allowed_momentum_10_vs_30,float64,26018,0.20052408477842004,103732,449,False,False
opp_assists_allowed_momentum_5_vs_10,float64,26018,0.20052408477842004,103732,214,False,False
opp_assists_allowed_roll_10,float64,26018,0.20052408477842004,103732,157,False,False
opp_assists_allowed_roll_30,float64,26018,0.20052408477842004,103732,330,False,False
opp_assists_allowed_roll_5,float64,26018,0.20052408477842004,103732,99,False,False
opp_assists_allowed_std_30,float64,26018,0.20052408477842004,103732,8706,False,False
opp_assists_allowed_z_10_vs_30,float64,26018,0.20052408477842004,103732,9535,False,False
opp_assists_allowed_z_5_vs_30,float64,26018,0.20052408477842004,103732,9558,False,False
opp_blocks_momentum_10_vs_30,float64,26018,0.20052408477842004,103732,358,False,False
opp_blocks_momentum_5_vs_10,float64,26018,0.20052408477842004,103732,169,False,False
opp_blocks_roll_10,float64,26018,0.20052408477842004,103732,70,False,False
opp_blocks_roll_30,float64,26018,0.20052408477842004,103732,142,False,False
opp_blocks_roll_5,float64,26018,0.20052408477842004,103732,46,False,False
opp_blocks_std_30,float64,26018,0.20052408477842004,103732,6044,False,False
opp_blocks_z_10_vs_30,float64,26018,0.20052408477842004,103732,9022,False,False
opp_blocks_z_5_vs_30,float64,26018,0.20052408477842004,103732,9074,False,False
opp_defensiveRating_momentum_10_vs_30,float64,26018,0.20052408477842004,103732,6446,False,False
opp_defensiveRating_momentum_5_vs_10,float64,26018,0.20052408477842004,103732,4099,False,False
opp_defensiveRating_roll_10,float64,26018,0.20052408477842004,103732,2677,False,False
opp_defensiveRating_roll_30,float64,26018,0.20052408477842004,103732,4619,False,False
opp_defensiveRating_roll_5,float64,26018,0.20052408477842004,103732,1875,False,False
opp_defensiveRating_std_30,float64,26018,0.20052408477842004,103732,9655,False,False
opp_defensiveRating_z_10_vs_30,float64,26018,0.20052408477842004,103732,9694,False,False
opp_defensiveRating_z_5_vs_30,float64,26018,0.20052408477842004,103732,9696,False,False
opp_effectiveFieldGoalPercentage_allowed_momentum_10_vs_30,float64,26018,0.20052408477842004,103732,4553,False,False
opp_effectiveFieldGoalPercentage_allowed_momentum_5_vs_10,float64,26018,0.20052408477842004,103732,2511,False,False
opp_effectiveFieldGoalPercentage_allowed_roll_10,float64,26018,0.20052408477842004,103732,1908,False,False
opp_effectiveFieldGoalPercentage_allowed_roll_30,float64,26018,0.20052408477842004,103732,3040,False,False
opp_effectiveFieldGoalPercentage_allowed_roll_5,float64,26018,0.20052408477842004,103732,1485,False,False
opp_effectiveFieldGoalPercentage_allowed_std_30,float64,26018,0.20052408477842004,103732,9632,False,False
opp_effectiveFieldGoalPercentage_allowed_z_10_vs_30,float64,26018,0.20052408477842004,103732,9694,False,False
opp_effectiveFieldGoalPercentage_allowed_z_5_vs_30,float64,26018,0.20052408477842004,103732,9694,False,False
opp_estimatedDefensiveRating_momentum_10_vs_30,float64,26018,0.20052408477842004,103732,6373,False,False
opp_estimatedDefensiveRating_momentum_5_vs_10,float64,26018,0.20052408477842004,103732,4005,False,False
opp_estimatedDefensiveRating_roll_10,float64,26018,0.20052408477842004,103732,2583,False,False
opp_estimatedDefensiveRating_roll_30,float64,26018,0.20052408477842004,103732,4631,False,False
opp_estimatedDefensiveRating_roll_5,float64,26018,0.20052408477842004,103732,1834,False,False
opp_estimatedDefensiveRating_std_30,float64,26018,0.20052408477842004,103732,9678,False,False
opp_estimatedDefensiveRating_z_10_vs_30,float64,26018,0.20052408477842004,103732,9696,False,False
opp_estimatedDefensiveRating_z_5_vs_30,float64,26018,0.20052408477842004,103732,9695,False,False
opp_fieldGoalsPercentage_allowed_momentum_10_vs_30,float64,26018,0.20052408477842004,103732,3844,False,False
opp_fieldGoalsPercentage_allowed_momentum_5_vs_10,float64,26018,0.20052408477842004,103732,2100,False,False
opp_fieldGoalsPercentage_allowed_roll_10,float64,26018,0.20052408477842004,103732,1819,False,False
opp_fieldGoalsPercentage_allowed_roll_30,float64,26018,0.20052408477842004,103732,3070,False,False
opp_fieldGoalsPercentage_allowed_roll_5,float64,26018,0.20052408477842004,103732,1362,False,False
opp_fieldGoalsPercentage_allowed_std_30,float64,26018,0.20052408477842004,103732,9571,False,False
opp_fieldGoalsPercentage_allowed_z_10_vs_30,float64,26018,0.20052408477842004,103732,9694,False,False
opp_fieldGoalsPercentage_allowed_z_5_vs_30,float64,26018,0.20052408477842004,103732,9696,False,False
opp_pace_momentum_10_vs_30,float64,26018,0.20052408477842004,103732,7122,False,False
opp_pace_momentum_5_vs_10,float64,26018,0.20052408477842004,103732,3437,False,False
opp_pace_roll_10,float64,26018,0.20052408477842004,103732,3024,False,False
opp_pace_roll_30,float64,26018,0.20052408477842004,103732,6494,False,False
opp_pace_roll_5,float64,26018,0.20052408477842004,103732,1723,False,False
opp_pace_std_30,float64,26018,0.20052408477842004,103732,9425,False,False
opp_pace_z_10_vs_30,float64,26018,0.20052408477842004,103732,9679,False,False
opp_pace_z_5_vs_30,float64,26018,0.20052408477842004,103732,9678,False,False
opp_pointsFastBreak_allowed_momentum_10_vs_30,float64,26018,0.20052408477842004,103732,781,False,False
opp_pointsFastBreak_allowed_momentum_5_vs_10,float64,26018,0.20052408477842004,103732,378,False,False
opp_pointsFastBreak_allowed_roll_10,float64,26018,0.20052408477842004,103732,168,False,False
opp_pointsFastBreak_allowed_roll_30,float64,26018,0.20052408477842004,103732,336,False,False
opp_pointsFastBreak_allowed_roll_5,float64,26018,0.20052408477842004,103732,113,False,False
opp_pointsFastBreak_allowed_std_30,float64,26018,0.20052408477842004,103732,8680,False,False
opp_pointsFastBreak_allowed_z_10_vs_30,float64,26018,0.20052408477842004,103732,9578,False,False
opp_pointsFastBreak_allowed_z_5_vs_30,float64,26018,0.20052408477842004,103732,9595,False,False
opp_pointsFromTurnovers_allowed_momentum_10_vs_30,float64,26018,0.20052408477842004,103732,775,False,False
opp_pointsFromTurnovers_allowed_momentum_5_vs_10,float64,26018,0.20052408477842004,103732,335,False,False
opp_pointsFromTurnovers_allowed_roll_10,float64,26018,0.20052408477842004,103732,163,False,False
opp_pointsFromTurnovers_allowed_roll_30,float64,26018,0.20052408477842004,103732,334,False,False
opp_pointsFromTurnovers_allowed_roll_5,float64,26018,0.20052408477842004,103732,112,False,False
opp_pointsFromTurnovers_allowed_std_30,float64,26018,0.20052408477842004,103732,8866,False,False
opp_pointsFromTurnovers_allowed_z_10_vs_30,float64,26018,0.20052408477842004,103732,9590,False,False
opp_pointsFromTurnovers_allowed_z_5_vs_30,float64,26018,0.20052408477842004,103732,9609,False,False
opp_pointsInThePaint_allowed_momentum_10_vs_30,float64,26018,0.20052408477842004,103732,437,False,False
opp_pointsInThePaint_allowed_momentum_5_vs_10,float64,26018,0.20052408477842004,103732,206,False,False
opp_pointsInThePaint_allowed_roll_10,float64,26018,0.20052408477842004,103732,159,False,False
opp_pointsInThePaint_allowed_roll_30,float64,26018,0.20052408477842004,103732,355,False,False
opp_pointsInThePaint_allowed_roll_5,float64,26018,0.20052408477842004,103732,101,False,False
opp_pointsInThePaint_allowed_std_30,float64,26018,0.20052408477842004,103732,8632,False,False
opp_pointsInThePaint_allowed_z_10_vs_30,float64,26018,0.20052408477842004,103732,9559,False,False
opp_pointsInThePaint_allowed_z_5_vs_30,float64,26018,0.20052408477842004,103732,9560,False,False
opp_pointsSecondChance_allowed_momentum_10_vs_30,float64,26018,0.20052408477842004,103732,663,False,False
opp_pointsSecondChance_allowed_momentum_5_vs_10,float64,26018,0.20052408477842004,103732,341,False,False
opp_pointsSecondChance_allowed_roll_10,float64,26018,0.20052408477842004,103732,146,False,False
opp_pointsSecondChance_allowed_roll_30,float64,26018,0.20052408477842004,103732,286,False,False
opp_pointsSecondChance_allowed_roll_5,float64,26018,0.20052408477842004,103732,95,False,False
opp_pointsSecondChance_allowed_std_30,float64,26018,0.20052408477842004,103732,8610,False,False
opp_pointsSecondChance_allowed_z_10_vs_30,float64,26018,0.20052408477842004,103732,9551,False,False
opp_pointsSecondChance_allowed_z_5_vs_30,float64,26018,0.20052408477842004,103732,9592,False,False
opp_points_allowed_momentum_10_vs_30,float64,26018,0.20052408477842004,103732,1009,False,False
opp_points_allowed_momentum_5_vs_10,float64,26018,0.20052408477842004,103732,492,False,False
opp_points_allowed_roll_10,float64,26018,0.20052408477842004,103732,357,False,False
opp_points_allowed_roll_30,float64,26018,0.20052408477842004,103732,749,False,False
opp_points_allowed_roll_5,float64,26018,0.20052408477842004,103732,232,False,False
opp_points_allowed_std_30,float64,26018,0.20052408477842004,103732,9411,False,False
opp_points_allowed_z_10_vs_30,float64,26018,0.20052408477842004,103732,9658,False,False
opp_points_allowed_z_5_vs_30,float64,26018,0.20052408477842004,103732,9661,False,False
opp_rebounds_allowed_momentum_10_vs_30,float64,26018,0.20052408477842004,103732,557,False,False
opp_rebounds_allowed_momentum_5_vs_10,float64,26018,0.20052408477842004,103732,246,False,False
opp_rebounds_allowed_roll_10,float64,26018,0.20052408477842004,103732,186,False,False
opp_rebounds_allowed_roll_30,float64,26018,0.20052408477842004,103732,388,False,False
opp_rebounds_allowed_roll_5,float64,26018,0.20052408477842004,103732,121,False,False
opp_rebounds_allowed_std_30,float64,26018,0.20052408477842004,103732,9110,False,False
opp_rebounds_allowed_z_10_vs_30,float64,26018,0.20052408477842004,103732,9613,False,False
opp_rebounds_allowed_z_5_vs_30,float64,26018,0.20052408477842004,103732,9614,False,False
opp_steals_momentum_10_vs_30,float64,26018,0.20052408477842004,103732,419,False,False
opp_steals_momentum_5_vs_10,float64,26018,0.20052408477842004,103732,182,False,False
opp_steals_roll_10,float64,26018,0.20052408477842004,103732,91,False,False
opp_steals_roll_30,float64,26018,0.20052408477842004,103732,208,False,False
opp_steals_roll_5,float64,26018,0.20052408477842004,103732,57,False,False
opp_steals_std_30,float64,26018,0.20052408477842004,103732,6803,False,False
opp_steals_z_10_vs_30,float64,26018,0.20052408477842004,103732,9255,False,False
opp_steals_z_5_vs_30,float64,26018,0.20052408477842004,103732,9314,False,False
opp_trueShootingPercentage_allowed_momentum_10_vs_30,float64,26018,0.20052408477842004,103732,4465,False,False
opp_trueShootingPercentage_allowed_momentum_5_vs_10,float64,26018,0.20052408477842004,103732,2335,False,False
opp_trueShootingPercentage_allowed_roll_10,float64,26018,0.20052408477842004,103732,1931,False,False
opp_trueShootingPercentage_allowed_roll_30,float64,26018,0.20052408477842004,103732,3627,False,False
opp_trueShootingPercentage_allowed_roll_5,float64,26018,0.20052408477842004,103732,1410,False,False
opp_trueShootingPercentage_allowed_std_30,float64,26018,0.20052408477842004,103732,9638,False,False
opp_trueShootingPercentage_allowed_z_10_vs_30,float64,26018,0.20052408477842004,103732,9687,False,False
opp_trueShootingPercentage_allowed_z_5_vs_30,float64,26018,0.20052408477842004,103732,9694,False,False
opp_turnovers_forced_momentum_10_vs_30,float64,26018,0.20052408477842004,103732,441,False,False
opp_turnovers_forced_momentum_5_vs_10,float64,26018,0.20052408477842004,103732,207,False,False
opp_turnovers_forced_roll_10,float64,26018,0.20052408477842004,103732,107,False,False
opp_turnovers_forced_roll_30,float64,26018,0.20052408477842004,103732,219,False,False
opp_turnovers_forced_roll_5,float64,26018,0.20052408477842004,103732,70,False,False
opp_turnovers_forced_std_30,float64,26018,0.20052408477842004,103732,7905,False,False
opp_turnovers_forced_z_10_vs_30,float64,26018,0.20052408477842004,103732,9384,False,False
opp_turnovers_forced_z_5_vs_30,float64,26018,0.20052408477842004,103732,9470,False,False
opp_win_momentum_10_vs_30,float64,26018,0.20052408477842004,103732,52,False,False
opp_win_momentum_5_vs_10,float64,26018,0.20052408477842004,103732,17,False,False
opp_win_roll_10,float64,26018,0.20052408477842004,103732,11,False,False
opp_win_roll_30,float64,26018,0.20052408477842004,103732,28,False,False
opp_win_roll_5,float64,26018,0.20052408477842004,103732,6,False,False
opp_win_std_30,float64,26018,0.20052408477842004,103732,64,False,False
opp_win_z_10_vs_30,float64,26018,0.20052408477842004,103732,346,False,False
opp_win_z_5_vs_30,float64,26018,0.20052408477842004,103732,301,False,False
opponentteamId,float64,26018,0.20052408477842004,103732,30,False,False
playerteamId,float64,26018,0.20052408477842004,103732,30,False,False
team_assists_momentum_10_vs_30,float64,26018,0.20052408477842004,103732,449,False,False
team_assists_momentum_5_vs_10,float64,26018,0.20052408477842004,103732,214,False,False
team_assists_roll_10,float64,26018,0.20052408477842004,103732,157,False,False
team_assists_roll_30,float64,26018,0.20052408477842004,103732,330,False,False
team_assists_roll_5,float64,26018,0.20052408477842004,103732,99,False,False
team_assists_std_30,float64,26018,0.20052408477842004,103732,8706,False,False
team_assists_z_10_vs_30,float64,26018,0.20052408477842004,103732,9535,False,False
team_assists_z_5_vs_30,float64,26018,0.20052408477842004,103732,9558,False,False
team_blocks_momentum_10_vs_30,float64,26018,0.20052408477842004,103732,358,False,False
team_blocks_momentum_5_vs_10,float64,26018,0.20052408477842004,103732,169,False,False
team_blocks_roll_10,float64,26018,0.20052408477842004,103732,70,False,False
team_blocks_roll_30,float64,26018,0.20052408477842004,103732,142,False,False
team_blocks_roll_5,float64,26018,0.20052408477842004,103732,46,False,False
team_blocks_std_30,float64,26018,0.20052408477842004,103732,6044,False,False
team_blocks_z_10_vs_30,float64,26018,0.20052408477842004,103732,9022,False,False
team_blocks_z_5_vs_30,float64,26018,0.20052408477842004,103732,9074,False,False
team_defensiveRating_momentum_10_vs_30,float64,26018,0.20052408477842004,103732,6446,False,False
team_defensiveRating_momentum_5_vs_10,float64,26018,0.20052408477842004,103732,4099,False,False
team_defensiveRating_roll_10,float64,26018,0.20052408477842004,103732,2677,False,False
team_defensiveRating_roll_30,float64,26018,0.20052408477842004,103732,4619,False,False
team_defensiveRating_roll_5,float64,26018,0.20052408477842004,103732,1875,False,False
team_defensiveRating_std_30,float64,26018,0.20052408477842004,103732,9655,False,False
team_defensiveRating_z_10_vs_30,float64,26018,0.20052408477842004,103732,9694,False,False
team_defensiveRating_z_5_vs_30,float64,26018,0.20052408477842004,103732,9696,False,False
team_effectiveFieldGoalPercentage_momentum_10_vs_30,float64,26018,0.20052408477842004,103732,4536,False,False
team_effectiveFieldGoalPercentage_momentum_5_vs_10,float64,26018,0.20052408477842004,103732,2449,False,False
team_effectiveFieldGoalPercentage_roll_10,float64,26018,0.20052408477842004,103732,2050,False,False
team_effectiveFieldGoalPercentage_roll_30,float64,26018,0.20052408477842004,103732,3459,False,False
team_effectiveFieldGoalPercentage_roll_5,float64,26018,0.20052408477842004,103732,1511,False,False
team_effectiveFieldGoalPercentage_std_30,float64,26018,0.20052408477842004,103732,9621,False,False
team_effectiveFieldGoalPercentage_z_10_vs_30,float64,26018,0.20052408477842004,103732,9693,False,False
team_effectiveFieldGoalPercentage_z_5_vs_30,float64,26018,0.20052408477842004,103732,9693,False,False
team_estimatedDefensiveRating_momentum_10_vs_30,float64,26018,0.20052408477842004,103732,6373,False,False
team_estimatedDefensiveRating_momentum_5_vs_10,float64,26018,0.20052408477842004,103732,4005,False,False
team_estimatedDefensiveRating_roll_10,float64,26018,0.20052408477842004,103732,2583,False,False
team_estimatedDefensiveRating_roll_30,float64,26018,0.20052408477842004,103732,4631,False,False
team_estimatedDefensiveRating_roll_5,float64,26018,0.20052408477842004,103732,1834,False,False
team_estimatedDefensiveRating_std_30,float64,26018,0.20052408477842004,103732,9678,False,False
team_estimatedDefensiveRating_z_10_vs_30,float64,26018,0.20052408477842004,103732,9696,False,False
team_estimatedDefensiveRating_z_5_vs_30,float64,26018,0.20052408477842004,103732,9695,False,False
team_fieldGoalsPercentage_momentum_10_vs_30,float64,26018,0.20052408477842004,103732,3844,False,False
team_fieldGoalsPercentage_momentum_5_vs_10,float64,26018,0.20052408477842004,103732,2100,False,False
team_fieldGoalsPercentage_roll_10,float64,26018,0.20052408477842004,103732,1819,False,False
team_fieldGoalsPercentage_roll_30,float64,26018,0.20052408477842004,103732,3070,False,False
team_fieldGoalsPercentage_roll_5,float64,26018,0.20052408477842004,103732,1362,False,False
team_fieldGoalsPercentage_std_30,float64,26018,0.20052408477842004,103732,9571,False,False
team_fieldGoalsPercentage_z_10_vs_30,float64,26018,0.20052408477842004,103732,9694,False,False
team_fieldGoalsPercentage_z_5_vs_30,float64,26018,0.20052408477842004,103732,9696,False,False
team_offensiveRating_momentum_10_vs_30,float64,26018,0.20052408477842004,103732,6449,False,False
team_offensiveRating_momentum_5_vs_10,float64,26018,0.20052408477842004,103732,4144,False,False
team_offensiveRating_roll_10,float64,26018,0.20052408477842004,103732,2728,False,False
team_offensiveRating_roll_30,float64,26018,0.20052408477842004,103732,4851,False,False
team_offensiveRating_roll_5,float64,26018,0.20052408477842004,103732,1952,False,False
team_offensiveRating_std_30,float64,26018,0.20052408477842004,103732,9655,False,False
team_offensiveRating_z_10_vs_30,float64,26018,0.20052408477842004,103732,9696,False,False
team_offensiveRating_z_5_vs_30,float64,26018,0.20052408477842004,103732,9696,False,False
team_pace_momentum_10_vs_30,float64,26018,0.20052408477842004,103732,7122,False,False
team_pace_momentum_5_vs_10,float64,26018,0.20052408477842004,103732,3437,False,False
team_pace_roll_10,float64,26018,0.20052408477842004,103732,3024,False,False
team_pace_roll_30,float64,26018,0.20052408477842004,103732,6494,False,False
team_pace_roll_5,float64,26018,0.20052408477842004,103732,1723,False,False
team_pace_std_30,float64,26018,0.20052408477842004,103732,9425,False,False
team_pace_z_10_vs_30,float64,26018,0.20052408477842004,103732,9679,False,False
team_pace_z_5_vs_30,float64,26018,0.20052408477842004,103732,9678,False,False
team_points_allowed_momentum_10_vs_30,float64,26018,0.20052408477842004,103732,1009,False,False
team_points_allowed_momentum_5_vs_10,float64,26018,0.20052408477842004,103732,492,False,False
team_points_allowed_roll_10,float64,26018,0.20052408477842004,103732,357,False,False
team_points_allowed_roll_30,float64,26018,0.20052408477842004,103732,749,False,False
team_points_allowed_roll_5,float64,26018,0.20052408477842004,103732,232,False,False
team_points_allowed_std_30,float64,26018,0.20052408477842004,103732,9411,False,False
team_points_allowed_z_10_vs_30,float64,26018,0.20052408477842004,103732,9658,False,False
team_points_allowed_z_5_vs_30,float64,26018,0.20052408477842004,103732,9661,False,False
team_reboundsTotal_momentum_10_vs_30,float64,26018,0.20052408477842004,103732,557,False,False
team_reboundsTotal_momentum_5_vs_10,float64,26018,0.20052408477842004,103732,246,False,False
team_reboundsTotal_roll_10,float64,26018,0.20052408477842004,103732,186,False,False
team_reboundsTotal_roll_30,float64,26018,0.20052408477842004,103732,388,False,False
team_reboundsTotal_roll_5,float64,26018,0.20052408477842004,103732,121,False,False
team_reboundsTotal_std_30,float64,26018,0.20052408477842004,103732,9110,False,False
team_reboundsTotal_z_10_vs_30,float64,26018,0.20052408477842004,103732,9613,False,False
team_reboundsTotal_z_5_vs_30,float64,26018,0.20052408477842004,103732,9614,False,False
team_score_momentum_10_vs_30,float64,26018,0.20052408477842004,103732,1001,False,False
team_score_momentum_5_vs_10,float64,26018,0.20052408477842004,103732,451,False,False
team_score_roll_10,float64,26018,0.20052408477842004,103732,350,False,False
team_score_roll_30,float64,26018,0.20052408477842004,103732,741,False,False
team_score_roll_5,float64,26018,0.20052408477842004,103732,234,False,False
team_score_std_30,float64,26018,0.20052408477842004,103732,9384,False,False
team_score_z_10_vs_30,float64,26018,0.20052408477842004,103732,9658,False,False
team_score_z_5_vs_30,float64,26018,0.20052408477842004,103732,9662,False,False
team_steals_momentum_10_vs_30,float64,26018,0.20052408477842004,103732,419,False,False
team_steals_momentum_5_vs_10,float64,26018,0.20052408477842004,103732,182,False,False
team_steals_roll_10,float64,26018,0.20052408477842004,103732,91,False,False
team_steals_roll_30,float64,26018,0.20052408477842004,103732,208,False,False
team_steals_roll_5,float64,26018,0.20052408477842004,103732,57,False,False
team_steals_std_30,float64,26018,0.20052408477842004,103732,6803,False,False
team_steals_z_10_vs_30,float64,26018,0.20052408477842004,103732,9255,False,False
team_steals_z_5_vs_30,float64,26018,0.20052408477842004,103732,9314,False,False
team_threePointersPercentage_momentum_10_vs_30,float64,26018,0.20052408477842004,103732,4236,False,False
team_threePointersPercentage_momentum_5_vs_10,float64,26018,0.20052408477842004,103732,2387,False,False
team_threePointersPercentage_roll_10,float64,26018,0.20052408477842004,103732,1864,False,False
team_threePointersPercentage_roll_30,float64,26018,0.20052408477842004,103732,3246,False,False
team_threePointersPercentage_roll_5,float64,26018,0.20052408477842004,103732,1560,False,False
team_threePointersPercentage_std_30,float64,26018,0.20052408477842004,103732,9574,False,False
team_threePointersPercentage_z_10_vs_30,float64,26018,0.20052408477842004,103732,9692,False,False
team_threePointersPercentage_z_5_vs_30,float64,26018,0.20052408477842004,103732,9694,False,False
team_trueShootingPercentage_momentum_10_vs_30,float64,26018,0.20052408477842004,103732,4465,False,False
team_trueShootingPercentage_momentum_5_vs_10,float64,26018,0.20052408477842004,103732,2335,False,False
team_trueShootingPercentage_roll_10,float64,26018,0.20052408477842004,103732,1931,False,False
team_trueShootingPercentage_roll_30,float64,26018,0.20052408477842004,103732,3627,False,False
team_trueShootingPercentage_roll_5,float64,26018,0.20052408477842004,103732,1410,False,False
team_trueShootingPercentage_std_30,float64,26018,0.20052408477842004,103732,9638,False,False
team_trueShootingPercentage_z_10_vs_30,float64,26018,0.20052408477842004,103732,9687,False,False
team_trueShootingPercentage_z_5_vs_30,float64,26018,0.20052408477842004,103732,9694,False,False
team_turnovers_momentum_10_vs_30,float64,26018,0.20052408477842004,103732,441,False,False
team_turnovers_momentum_5_vs_10,float64,26018,0.20052408477842004,103732,207,False,False
team_turnovers_roll_10,float64,26018,0.20052408477842004,103732,107,False,False
team_turnovers_roll_30,float64,26018,0.20052408477842004,103732,219,False,False
team_turnovers_roll_5,float64,26018,0.20052408477842004,103732,70,False,False
team_turnovers_std_30,float64,26018,0.20052408477842004,103732,7905,False,False
team_turnovers_z_10_vs_30,float64,26018,0.20052408477842004,103732,9384,False,False
team_turnovers_z_5_vs_30,float64,26018,0.20052408477842004,103732,9470,False,False
team_win_momentum_10_vs_30,float64,26018,0.20052408477842004,103732,52,False,False
team_win_momentum_5_vs_10,float64,26018,0.20052408477842004,103732,17,False,False
team_win_roll_10,float64,26018,0.20052408477842004,103732,11,False,False
team_win_roll_30,float64,26018,0.20052408477842004,103732,28,False,False
team_win_roll_5,float64,26018,0.20052408477842004,103732,6,False,False
team_win_std_30,float64,26018,0.20052408477842004,103732,64,False,False
team_win_z_10_vs_30,float64,26018,0.20052408477842004,103732,346,False,False
team_win_z_5_vs_30,float64,26018,0.20052408477842004,103732,301,False,False
threePointersPercentage_z_10_vs_30,float64,13014,0.10030057803468208,116736,95363,False,False
threePointersPercentage_z_5_vs_30,float64,13014,0.10030057803468208,116736,97610,False,False
blocks_z_10_vs_30,float64,7361,0.056732177263969175,122389,17992,False,False
blocks_z_5_vs_30,float64,7361,0.056732177263969175,122389,18373,False,False
freeThrowsPercentage_z_10_vs_30,float64,4580,0.035298651252408476,125170,86503,False,False
freeThrowsPercentage_z_5_vs_30,float64,4580,0.035298651252408476,125170,87337,False,False
steals_z_10_vs_30,float64,4329,0.033364161849710985,125421,25278,False,False
steals_z_5_vs_30,float64,4329,0.033364161849710985,125421,26225,False,False
turnovers_z_10_vs_30,float64,3428,0.026420038535645472,126322,43366,False,False
turnovers_z_5_vs_30,float64,3428,0.026420038535645472,126322,44531,False,False
assists_z_10_vs_30,float64,3223,0.024840077071290944,126527,72095,False,False
assists_z_5_vs_30,float64,3223,0.024840077071290944,126527,72871,False,False
fieldGoalsPercentage_z_10_vs_30,float64,2470,0.019036608863198457,127280,118002,False,False
fieldGoalsPercentage_z_5_vs_30,float64,2470,0.019036608863198457,127280,121931,False,False
effectiveFieldGoalPercentage_z_10_vs_30,float64,2457,0.0189364161849711,127293,118180,False,False
effectiveFieldGoalPercentage_z_5_vs_30,float64,2457,0.0189364161849711,127293,122215,False,False
reboundsTotal_z_10_vs_30,float64,2413,0.018597302504816955,127337,95088,False,False
reboundsTotal_z_5_vs_30,float64,2413,0.018597302504816955,127337,97137,False,False
points_z_10_vs_30,float64,2372,0.01828131021194605,127378,115851,False,False
points_z_5_vs_30,float64,2372,0.01828131021194605,127378,119621,False,False
trueShootingPercentage_z_10_vs_30,float64,2316,0.01784971098265896,127434,118773,False,False
trueShootingPercentage_z_5_vs_30,float64,2316,0.01784971098265896,127434,122987,False,False
numMinutes_z_10_vs_30,float64,2112,0.016277456647398846,127638,118787,False,False
numMinutes_z_5_vs_30,float64,2112,0.016277456647398846,127638,123129,False,False
usagePercentage_z_10_vs_30,float64,2086,0.016077071290944125,127664,119411,False,False
usagePercentage_z_5_vs_30,float64,2086,0.016077071290944125,127664,123812,False,False
fantasy_points_z_10_vs_30,float64,2079,0.016023121387283238,127671,119473,False,False
fantasy_points_z_5_vs_30,float64,2079,0.016023121387283238,127671,123861,False,False
playerImpactEstimate_z_10_vs_30,float64,2070,0.015953757225433525,127680,119457,False,False
playerImpactEstimate_z_5_vs_30,float64,2070,0.015953757225433525,127680,123856,False,False
offensiveRating_z_10_vs_30,float64,2060,0.015876685934489404,127690,119483,False,False
offensiveRating_z_5_vs_30,float64,2060,0.015876685934489404,127690,123885,False,False
defensiveRating_z_10_vs_30,float64,2047,0.015776493256262042,127703,119501,False,False
defensiveRating_z_5_vs_30,float64,2047,0.015776493256262042,127703,123885,False,False
estimatedDefensiveRating_z_10_vs_30,float64,2045,0.01576107899807322,127705,119510,False,False
estimatedDefensiveRating_z_5_vs_30,float64,2045,0.01576107899807322,127705,123911,False,False
pace_z_10_vs_30,float64,2034,0.015676300578034683,127716,119521,False,False
pace_z_5_vs_30,float64,2034,0.015676300578034683,127716,123913,False,False
assists_std_30,float64,2033,0.01566859344894027,127717,29830,False,False
bench_minutes_std_30,float64,2033,0.01566859344894027,127717,86649,False,False
blocks_std_30,float64,2033,0.01566859344894027,127717,7454,False,False
current_is_starter_std_30,float64,2033,0.01566859344894027,127717,387,False,False
defensiveRating_std_30,float64,2033,0.01566859344894027,127717,126767,False,False
effectiveFieldGoalPercentage_std_30,float64,2033,0.01566859344894027,127717,119128,False,False
estimatedDefensiveRating_std_30,float64,2033,0.01566859344894027,127717,127220,False,False
fantasy_points_std_30,float64,2033,0.01566859344894027,127717,126148,False,False
fieldGoalsPercentage_std_30,float64,2033,0.01566859344894027,127717,116933,False,False
freeThrowsPercentage_std_30,float64,2033,0.01566859344894027,127717,62847,False,False
numMinutes_std_30,float64,2033,0.01566859344894027,127717,114222,False,False
offensiveRating_std_30,float64,2033,0.01566859344894027,127717,126776,False,False
pace_std_30,float64,2033,0.01566859344894027,127717,127557,False,False
playerImpactEstimate_std_30,float64,2033,0.01566859344894027,127717,124162,False,False
points_std_30,float64,2033,0.01566859344894027,127717,84528,False,False
reboundsTotal_std_30,float64,2033,0.01566859344894027,127717,42295,False,False
starter_minutes_std_30,float64,2033,0.01566859344894027,127717,56591,False,False
steals_std_30,float64,2033,0.01566859344894027,127717,8451,False,False
threePointersPercentage_std_30,float64,2033,0.01566859344894027,127717,84594,False,False
trueShootingPercentage_std_30,float64,2033,0.01566859344894027,127717,123291,False,False
turnovers_std_30,float64,2033,0.01566859344894027,127717,15373,False,False
usagePercentage_std_30,float64,2033,0.01566859344894027,127717,122985,False,False
starter_minutes_share_roll_3,float64,1073,0.008269749518304432,128677,9237,False,False
starter_minutes_share_roll_10,float64,1069,0.008238921001926783,128681,28913,False,False
starter_minutes_share_roll_30,float64,1069,0.008238921001926783,128681,53359,False,False
starter_minutes_share_roll_5,float64,1069,0.008238921001926783,128681,16040,False,False
assists_momentum_10_vs_30,float64,1029,0.007930635838150289,128721,5196,False,False
assists_momentum_5_vs_10,float64,1029,0.007930635838150289,128721,768,False,False
assists_roll_10,float64,1029,0.007930635838150289,128721,328,False,False
assists_roll_30,float64,1029,0.007930635838150289,128721,1976,False,False
assists_roll_5,float64,1029,0.007930635838150289,128721,130,False,False
bench_minutes_momentum_10_vs_30,float64,1029,0.007930635838150289,128721,40828,False,False
bench_minutes_momentum_5_vs_10,float64,1029,0.007930635838150289,128721,26296,False,False
bench_minutes_roll_10,float64,1029,0.007930635838150289,128721,20832,False,False
bench_minutes_roll_30,float64,1029,0.007930635838150289,128721,33920,False,False
bench_minutes_roll_5,float64,1029,0.007930635838150289,128721,15234,False,False
blocks_momentum_10_vs_30,float64,1029,0.007930635838150289,128721,2041,False,False
blocks_momentum_5_vs_10,float64,1029,0.007930635838150289,128721,296,False,False
blocks_roll_10,float64,1029,0.007930635838150289,128721,119,False,False
blocks_roll_30,float64,1029,0.007930635838150289,128721,683,False,False
blocks_roll_5,float64,1029,0.007930635838150289,128721,51,False,False
current_is_starter_momentum_10_vs_30,float64,1029,0.007930635838150289,128721,748,False,False
current_is_starter_momentum_5_vs_10,float64,1029,0.007930635838150289,128721,63,False,False
current_is_starter_roll_10,float64,1029,0.007930635838150289,128721,33,False,False
current_is_starter_roll_30,float64,1029,0.007930635838150289,128721,274,False,False
current_is_starter_roll_5,float64,1029,0.007930635838150289,128721,11,False,False
days_since_last_game,float64,1029,0.007930635838150289,128721,344,False,False
defensiveRating_momentum_10_vs_30,float64,1029,0.007930635838150289,128721,39791,False,False
defensiveRating_momentum_5_vs_10,float64,1029,0.007930635838150289,128721,19329,False,False
defensiveRating_roll_10,float64,1029,0.007930635838150289,128721,11731,False,False
defensiveRating_roll_30,float64,1029,0.007930635838150289,128721,27306,False,False
defensiveRating_roll_5,float64,1029,0.007930635838150289,128721,7948,False,False
effectiveFieldGoalPercentage_momentum_10_vs_30,float64,1029,0.007930635838150289,128721,39032,False,False
effectiveFieldGoalPercentage_momentum_5_vs_10,float64,1029,0.007930635838150289,128721,17709,False,False
effectiveFieldGoalPercentage_roll_10,float64,1029,0.007930635838150289,128721,12809,False,False
effectiveFieldGoalPercentage_roll_30,float64,1029,0.007930635838150289,128721,31611,False,False
effectiveFieldGoalPercentage_roll_5,float64,1029,0.007930635838150289,128721,8621,False,False
estimatedDefensiveRating_momentum_10_vs_30,float64,1029,0.007930635838150289,128721,39451,False,False
estimatedDefensiveRating_momentum_5_vs_10,float64,1029,0.007930635838150289,128721,19680,False,False
estimatedDefensiveRating_roll_10,float64,1029,0.007930635838150289,128721,11826,False,False
estimatedDefensiveRating_roll_30,float64,1029,0.007930635838150289,128721,27023,False,False
estimatedDefensiveRating_roll_5,float64,1029,0.007930635838150289,128721,8434,False,False
fantasy_points_momentum_10_vs_30,float64,1029,0.007930635838150289,128721,40974,False,False
fantasy_points_momentum_3_vs_10,float64,1029,0.007930635838150289,128721,57711,False,False
fantasy_points_momentum_5_vs_10,float64,1029,0.007930635838150289,128721,18837,False,False
fantasy_points_roll_10,float64,1029,0.007930635838150289,128721,12242,False,False
fantasy_points_roll_3,float64,1029,0.007930635838150289,128721,11346,False,False
fantasy_points_roll_30,float64,1029,0.007930635838150289,128721,34742,False,False
fantasy_points_roll_5,float64,1029,0.007930635838150289,128721,8773,False,False
fieldGoalsPercentage_momentum_10_vs_30,float64,1029,0.007930635838150289,128721,34587,False,False
fieldGoalsPercentage_momentum_5_vs_10,float64,1029,0.007930635838150289,128721,15363,False,False
fieldGoalsPercentage_roll_10,float64,1029,0.007930635838150289,128721,12724,False,False
fieldGoalsPercentage_roll_30,float64,1029,0.007930635838150289,128721,31928,False,False
fieldGoalsPercentage_roll_5,float64,1029,0.007930635838150289,128721,8187,False,False
freeThrowsPercentage_momentum_10_vs_30,float64,1029,0.007930635838150289,128721,32526,False,False
freeThrowsPercentage_momentum_5_vs_10,float64,1029,0.007930635838150289,128721,12577,False,False
freeThrowsPercentage_roll_10,float64,1029,0.007930635838150289,128721,8829,False,False
freeThrowsPercentage_roll_30,float64,1029,0.007930635838150289,128721,25913,False,False
freeThrowsPercentage_roll_5,float64,1029,0.007930635838150289,128721,4887,False,False
numMinutes_momentum_10_vs_30,float64,1029,0.007930635838150289,128721,50273,False,False
numMinutes_momentum_3_vs_10,float64,1029,0.007930635838150289,128721,48484,False,False
numMinutes_momentum_5_vs_10,float64,1029,0.007930635838150289,128721,31026,False,False
numMinutes_roll_10,float64,1029,0.007930635838150289,128721,30887,False,False
numMinutes_roll_3,float64,1029,0.007930635838150289,128721,22339,False,False
numMinutes_roll_30,float64,1029,0.007930635838150289,128721,48322,False,False
numMinutes_roll_5,float64,1029,0.007930635838150289,128721,21486,False,False
offensiveRating_momentum_10_vs_30,float64,1029,0.007930635838150289,128721,39711,False,False
offensiveRating_momentum_5_vs_10,float64,1029,0.007930635838150289,128721,19257,False,False
offensiveRating_roll_10,float64,1029,0.007930635838150289,128721,12311,False,False
offensiveRating_roll_30,float64,1029,0.007930635838150289,128721,30067,False,False
offensiveRating_roll_5,float64,1029,0.007930635838150289,128721,8192,False,False
pace_momentum_10_vs_30,float64,1029,0.007930635838150289,128721,67533,False,False
pace_momentum_5_vs_10,float64,1029,0.007930635838150289,128721,36392,False,False
pace_roll_10,float64,1029,0.007930635838150289,128721,25486,False,False
pace_roll_30,float64,1029,0.007930635838150289,128721,58607,False,False
pace_roll_5,float64,1029,0.007930635838150289,128721,17367,False,False
playerImpactEstimate_momentum_10_vs_30,float64,1029,0.007930635838150289,128721,20406,False,False
playerImpactEstimate_momentum_5_vs_10,float64,1029,0.007930635838150289,128721,9476,False,False
playerImpactEstimate_roll_10,float64,1029,0.007930635838150289,128721,9709,False,False
playerImpactEstimate_roll_30,float64,1029,0.007930635838150289,128721,21258,False,False
playerImpactEstimate_roll_5,float64,1029,0.007930635838150289,128721,6632,False,False
points_momentum_10_vs_30,float64,1029,0.007930635838150289,128721,10108,False,False
points_momentum_5_vs_10,float64,1029,0.007930635838150289,128721,2085,False,False
points_roll_10,float64,1029,0.007930635838150289,128721,893,False,False
points_roll_30,float64,1029,0.007930635838150289,128721,5134,False,False
points_roll_5,float64,1029,0.007930635838150289,128721,354,False,False
reboundsTotal_momentum_10_vs_30,float64,1029,0.007930635838150289,128721,6842,False,False
reboundsTotal_momentum_5_vs_10,float64,1029,0.007930635838150289,128721,1077,False,False
reboundsTotal_roll_10,float64,1029,0.007930635838150289,128721,431,False,False
reboundsTotal_roll_30,float64,1029,0.007930635838150289,128721,2675,False,False
reboundsTotal_roll_5,float64,1029,0.007930635838150289,128721,165,False,False
starter_minutes_momentum_10_vs_30,float64,1029,0.007930635838150289,128721,33837,False,False
starter_minutes_momentum_3_vs_10,float64,1029,0.007930635838150289,128721,29986,False,False
starter_minutes_momentum_5_vs_10,float64,1029,0.007930635838150289,128721,23117,False,False
starter_minutes_roll_10,float64,1029,0.007930635838150289,128721,19841,False,False
starter_minutes_roll_3,float64,1029,0.007930635838150289,128721,13102,False,False
starter_minutes_roll_30,float64,1029,0.007930635838150289,128721,28507,False,False
starter_minutes_roll_5,float64,1029,0.007930635838150289,128721,14129,False,False
steals_momentum_10_vs_30,float64,1029,0.007930635838150289,128721,2378,False,False
steals_momentum_5_vs_10,float64,1029,0.007930635838150289,128721,311,False,False
steals_roll_10,float64,1029,0.007930635838150289,128721,102,False,False
steals_roll_30,float64,1029,0.007930635838150289,128721,642,False,False
steals_roll_5,float64,1029,0.007930635838150289,128721,44,False,False
threePointersPercentage_momentum_10_vs_30,float64,1029,0.007930635838150289,128721,28768,False,False
threePointersPercentage_momentum_5_vs_10,float64,1029,0.007930635838150289,128721,12000,False,False
threePointersPercentage_roll_10,float64,1029,0.007930635838150289,128721,8306,False,False
threePointersPercentage_roll_30,float64,1029,0.007930635838150289,128721,21214,False,False
threePointersPercentage_roll_5,float64,1029,0.007930635838150289,128721,5822,False,False
trueShootingPercentage_momentum_10_vs_30,float64,1029,0.007930635838150289,128721,39025,False,False
trueShootingPercentage_momentum_5_vs_10,float64,1029,0.007930635838150289,128721,18441,False,False
trueShootingPercentage_roll_10,float64,1029,0.007930635838150289,128721,14072,False,False
trueShootingPercentage_roll_30,float64,1029,0.007930635838150289,128721,32701,False,False
trueShootingPercentage_roll_5,float64,1029,0.007930635838150289,128721,10193,False,False
turnovers_momentum_10_vs_30,float64,1029,0.007930635838150289,128721,3521,False,False
turnovers_momentum_5_vs_10,float64,1029,0.007930635838150289,128721,473,False,False
turnovers_roll_10,float64,1029,0.007930635838150289,128721,173,False,False
turnovers_roll_30,float64,1029,0.007930635838150289,128721,1125,False,False
turnovers_roll_5,float64,1029,0.007930635838150289,128721,68,False,False
usagePercentage_momentum_10_vs_30,float64,1029,0.007930635838150289,128721,17741,False,False
usagePercentage_momentum_3_vs_10,float64,1029,0.007930635838150289,128721,16188,False,False
usagePercentage_momentum_5_vs_10,float64,1029,0.007930635838150289,128721,6050,False,False
usagePercentage_roll_10,float64,1029,0.007930635838150289,128721,7635,False,False
usagePercentage_roll_3,float64,1029,0.007930635838150289,128721,3819,False,False
usagePercentage_roll_30,float64,1029,0.007930635838150289,128721,22049,False,False
usagePercentage_roll_5,float64,1029,0.007930635838150289,128721,4255,False,False
bodyWeightLbs,float64,226,0.0017418111753371868,129524,106,False,False
actual_assists,float64,0,0.0,129750,24,False,False
actual_blocks,float64,0,0.0,129750,11,False,False
actual_numMinutes,float64,0,0.0,129750,2802,False,False
actual_playerImpactEstimate,float64,0,0.0,129750,898,False,False
actual_points,float64,0,0.0,129750,68,False,False
actual_reboundsTotal,float64,0,0.0,129750,31,False,False
actual_steals,float64,0,0.0,129750,9,False,False
actual_trueShootingPercentage,float64,0,0.0,129750,1067,False,False
actual_turnovers,float64,0,0.0,129750,13,False,False
actual_usagePercentage,float64,0,0.0,129750,486,False,False
bench_minutes,float64,0,0.0,129750,2272,False,False
center,int64,0,0.0,129750,2,False,False
current_is_starter,int64,0,0.0,129750,2,False,False
fantasy_points,float64,0,0.0,129750,945,False,False
firstName,object,0,0.0,129750,689,False,False
forward,int64,0,0.0,129750,2,False,False
fp_bucket,category,0,0.0,129750,6,False,False
gameId,int64,0,0.0,129750,6077,False,False
game_date,datetime64[ns],0,0.0,129750,3784,False,False
guard,int64,0,0.0,129750,2,False,False
heightInches,float64,0,0.0,129750,23,False,False
home,float64,0,0.0,129750,2,False,False
is_back_to_back,int64,0,0.0,129750,2,False,False
lastName,object,0,0.0,129750,809,False,False
minutes_bucket,category,0,0.0,129750,5,False,False
opponentteamCity,object,0,0.0,129750,30,False,False
opponentteamName,object,0,0.0,129750,30,False,False
personId,int64,0,0.0,129750,1029,False,False
player_name,object,0,0.0,129750,1032,False,False
playerteamCity,object,0,0.0,129750,30,False,False
playerteamName,object,0,0.0,129750,30,False,False
primary_position,object,0,0.0,129750,3,False,False
primary_position_group,object,0,0.0,129750,3,False,False
season_start,int64,0,0.0,129750,5,False,False
starter_label,object,0,0.0,129750,2,False,False
starter_minutes,float64,0,0.0,129750,2227,False,False
years_since_draft,float64,0,0.0,129750,30,False,False
