personId,player_name,games,starts,starter_rate,mean_fp,median_fp,max_fp,mean_minutes
1628969,Mikal Bridges,407,325,0.7985257985257985,30.593120393120394,29.700000000000003,71.1,34.673169533169535
203084,Harrison Barnes,393,291,0.7404580152671756,22.002544529262085,21.2,55.8,29.263358778625953
1626220,Royce O'Neale,381,155,0.4068241469816273,21.597637795275592,21.5,54.1,27.712230971128612
201942,DeMar DeRozan,379,303,0.7994722955145118,38.148548812664906,38.6,79.8,35.08733509234828
1629675,Naz Reid,379,45,0.11873350923482849,24.54538258575198,23.3,64.3,22.21759894459103
1628401,Derrick White,378,291,0.7698412698412699,31.09206349206349,30.9,64.4,31.20759259259259
202685,Jonas Valanciunas,375,182,0.48533333333333334,27.5744,26.7,67.1,21.917093333333334
1630183,Jaden McDaniels,374,303,0.8101604278074866,23.999465240641708,23.7,60.2,29.644946524064167
1627741,Buddy Hield,372,136,0.3655913978494624,23.32715053763441,22.450000000000003,52.8,25.541666666666668
1630558,Davion Mitchell,368,120,0.32608695652173914,17.57771739130435,16.9,49.2,23.045570652173915
1630166,Deni Avdija,367,231,0.6294277929155313,29.56893732970027,29.2,70.8,28.229209809264308
1630162,Anthony Edwards,366,292,0.7978142076502732,41.61748633879781,42.05,70.2,34.99885245901639
202696,Nikola Vucevic,364,273,0.75,37.78901098901099,38.1,75.6,31.899560439560442
1626145,Tyus Jones,363,154,0.42424242424242425,21.101101928374653,19.8,63.3,22.902947658402205
1629611,Terance Mann,363,169,0.465564738292011,18.212947658402204,17.7,46.4,24.133250688705235
1629638,Nickeil Alexander-Walker,362,102,0.281767955801105,20.952762430939224,19.7,60.0,24.097292817679556
1629640,Keldon Johnson,361,87,0.2409972299168975,26.81772853185596,26.5,61.7,27.60443213296399
1628973,Jalen Brunson,358,279,0.7793296089385475,38.51731843575419,38.2,83.7,34.09184357541899
203497,Rudy Gobert,356,290,0.8146067415730337,35.88398876404494,35.8,64.8,31.920702247191013
1627783,Pascal Siakam,355,287,0.8084507042253521,40.48647887323944,39.3,75.3,34.45216901408451
1630202,Payton Pritchard,355,61,0.17183098591549295,20.81154929577465,19.4,64.8,22.7256338028169
201566,Russell Westbrook,354,128,0.3615819209039548,32.83531073446328,31.6,65.4,28.44906779661017
203999,Nikola Jokic,353,279,0.7903682719546742,59.62747875354108,59.6,98.7,34.249858356940514
1630578,Alperen Sengun,353,278,0.7875354107648725,37.133711048158645,36.0,84.7,28.86116147308782
1630567,Scottie Barnes,352,277,0.7869318181818182,38.77159090909091,38.6,77.0,33.94019886363637
203484,Kentavious Caldwell-Pope,352,238,0.6761363636363636,20.56278409090909,20.3,50.2,28.856818181818184
203471,Dennis Schroder,351,170,0.4843304843304843,24.914529914529915,23.8,54.1,28.066666666666666
1628389,Bam Adebayo,349,293,0.839541547277937,40.369914040114615,39.9,105.3,33.25636103151862
1628404,Josh Hart,349,221,0.6332378223495702,30.964756446991405,30.5,71.6,33.13679083094556
202699,Tobias Harris,349,276,0.7908309455587392,29.760171919770773,30.1,60.4,31.816103151862464
1628370,Malik Monk,347,49,0.14121037463976946,25.557060518731987,24.9,60.1,25.566743515850142
1630557,Corey Kispert,347,77,0.2219020172910663,17.240345821325647,16.6,46.2,24.297118155619597
1630198,Isaiah Joe,347,36,0.1037463976945245,14.936023054755044,13.6,57.5,18.306224783861673
1628989,Kevin Huerter,346,174,0.5028901734104047,22.071098265895955,21.6,55.5,25.705404624277456
201587,Nicolas Batum,346,71,0.20520231213872833,14.944219653179191,13.649999999999999,47.5,20.711127167630057
1630245,Ayo Dosunmu,345,133,0.3855072463768116,22.11159420289855,20.4,63.5,27.557681159420287
203501,Tim Hardaway Jr.,345,140,0.4057971014492754,21.014782608695654,20.1,52.2,27.771275362318843
1627826,Ivica Zubac,343,266,0.7755102040816326,30.75247813411079,30.3,74.3,28.043206997084546
1629018,Gary Trent Jr.,341,113,0.3313782991202346,22.033431085043986,21.1,59.2,28.055689149560116
1628983,Shai Gilgeous-Alexander,340,284,0.8352941176470589,50.36676470588235,49.6,83.1,33.930470588235295
1629652,Luguentz Dort,340,288,0.8470588235294118,22.200588235294116,21.9,49.4,29.039470588235293
201935,James Harden,339,274,0.8082595870206489,43.88731563421829,43.6,80.3,35.29814159292035
203944,Julius Randle,338,266,0.7869822485207101,39.18165680473373,38.650000000000006,69.7,33.850798816568044
1629673,Jordan Poole,338,180,0.5325443786982249,29.414792899408287,29.2,60.5,28.8394674556213
203991,Clint Capela,338,176,0.5207100591715976,26.581952662721896,26.75,63.6,22.292781065088757
1629130,Duncan Robinson,337,149,0.4421364985163205,18.13946587537092,17.1,44.4,24.68982195845697
1628368,De'Aaron Fox,336,277,0.8244047619047619,40.00654761904762,40.35,80.1,33.833125
201144,Mike Conley,336,217,0.6458333333333334,23.81815476190476,24.1,52.3,26.100892857142856
1630230,Naji Marshall,336,100,0.2976190476190476,20.39404761904762,18.75,63.8,22.869940476190475
1630598,Aaron Wiggins,336,65,0.19345238095238096,16.715178571428574,15.2,60.3,20.01589285714286
1628386,Jarrett Allen,335,279,0.8328358208955224,34.21074626865672,34.1,85.9,29.988955223880595
1628971,Bruce Brown,335,84,0.2507462686567164,21.47492537313433,21.0,59.2,25.270985074626868
203939,Dwight Powell,335,88,0.2626865671641791,13.388955223880597,11.9,48.9,15.999910447761195
1630224,Jalen Green,334,262,0.7844311377245509,30.810179640718562,30.4,63.5,31.61311377245509
1626171,Bobby Portis,334,42,0.12574850299401197,28.33413173652695,27.25,68.0,25.314999999999998
1629632,Coby White,334,175,0.5239520958083832,26.769161676646707,27.35,58.7,29.1312874251497
1628978,Donte DiVincenzo,334,190,0.5688622754491018,25.09940119760479,24.75,62.2,27.367934131736526
203468,CJ McCollum,333,255,0.7657657657657657,34.62522522522523,35.0,67.6,32.60927927927928
1627759,Jaylen Brown,332,266,0.8012048192771084,40.05512048192771,40.3,73.8,33.954668674698794
1629655,Daniel Gafford,332,184,0.5542168674698795,25.045481927710846,24.2,77.5,21.21262048192771
1629651,Nic Claxton,331,275,0.8308157099697885,30.227190332326288,30.0,55.7,27.169395770392747
1626172,Kevon Looney,331,117,0.35347432024169184,19.381873111782475,18.7,53.7,18.44036253776435
1630596,Evan Mobley,330,259,0.7848484848484848,37.25636363636364,37.1,68.9,31.989545454545453
1630581,Josh Giddey,330,272,0.8242424242424242,35.0369696969697,34.1,74.7,29.34360606060606
1628378,Donovan Mitchell,329,262,0.7963525835866262,42.49422492401216,42.2,96.1,33.487355623100306
1628398,Kyle Kuzma,329,234,0.7112462006079028,31.426443768996958,31.0,64.1,30.965106382978725
1630573,Sam Hauser,329,89,0.270516717325228,14.720364741641337,13.9,46.0,19.548936170212766
1630173,Precious Achiuwa,328,97,0.29573170731707316,21.04542682926829,19.8,61.4,21.987286585365855
1630171,Isaac Okoro,328,172,0.524390243902439,16.35670731707317,16.55,40.0,24.69719512195122
1630168,Onyeka Okongwu,326,128,0.39263803680981596,28.022699386503067,26.55,65.0,25.698680981595093
1628991,Jaren Jackson Jr.,325,247,0.76,36.66676923076923,36.7,68.1,29.111887179487177
1630193,Immanuel Quickley,325,162,0.49846153846153846,28.015384615384615,27.0,75.1,27.777415384615384
1626164,Devin Booker,324,256,0.7901234567901234,41.98456790123457,41.650000000000006,79.0,34.92882716049383
1628392,Isaiah Hartenstein,324,156,0.48148148148148145,25.473148148148145,24.75,70.3,22.343456790123454
1630178,Tyrese Maxey,323,229,0.7089783281733746,38.81424148606811,39.1,86.5,35.9871826625387
1630217,Desmond Bane,323,246,0.7616099071207431,34.68452012383901,34.2,74.2,31.766646026831786
1630559,Austin Reaves,323,195,0.6037151702786377,28.61733746130031,28.5,81.7,30.51529411764706
1630200,Tre Jones,323,163,0.5046439628482973,23.92105263157895,24.7,57.1,24.02235294117647
1628960,Grayson Allen,323,173,0.5356037151702786,22.625696594427247,21.6,58.4,27.865356037151702
1629234,Drew Eubanks,322,49,0.15217391304347827,15.627639751552795,14.2,62.3,15.81860248447205
1627747,Caris LeVert,321,43,0.13395638629283488,25.16791277258567,23.7,63.3,26.535015576323985
1630532,Franz Wagner,320,239,0.746875,32.625625,32.349999999999994,69.7,31.593416666666666
1629023,P.J. Washington,320,224,0.7,28.2453125,27.75,59.5,30.28784375
1628976,Wendell Carter Jr.,319,230,0.7210031347962382,27.642633228840126,27.4,56.4,27.760898641588298
1626167,Myles Turner,318,276,0.8679245283018868,31.629874213836477,31.9,63.0,28.108459119496853
201572,Brook Lopez,318,270,0.8490566037735849,26.899685534591196,26.05,68.5,28.04339622641509
203083,Andre Drummond,318,58,0.18238993710691823,22.091509433962266,20.55,68.5,17.129119496855346
1630167,Obi Toppin,318,35,0.11006289308176101,17.66320754716981,16.15,59.5,17.899119496855345
1628988,Aaron Holiday,318,11,0.03459119496855346,10.925471698113208,9.45,42.6,14.17377358490566
203937,Kyle Anderson,317,65,0.20504731861198738,21.41167192429022,20.8,54.0,21.657476340694007
1630530,Trey Murphy III,315,205,0.6507936507936508,27.17650793650794,27.6,65.2,28.621301587301584
202691,Klay Thompson,315,208,0.6603174603174603,25.67079365079365,25.1,68.1,27.788285714285713
1627736,Malik Beasley,315,116,0.3682539682539683,20.877460317460315,20.8,48.7,26.59279365079365
201950,Jrue Holiday,314,243,0.7738853503184714,32.431210191082805,31.75,72.6,31.351656050955413
1629656,Quentin Grimes,314,136,0.43312101910828027,20.52324840764331,18.45,70.6,25.3143949044586
201142,Kevin Durant,313,258,0.8242811501597445,45.240255591054314,45.2,76.9,36.269169329073485
1629628,RJ Barrett,313,243,0.7763578274760383,32.4258785942492,32.1,64.5,32.268753993610225
1627884,Derrick Jones Jr.,313,162,0.5175718849840255,16.381789137380192,16.0,50.9,20.968115015974444
1627777,Georges Niang,311,14,0.04501607717041801,15.371061093247587,14.8,41.0,21.05405144694534
1630541,Moses Moody,311,94,0.3022508038585209,14.573633440514469,14.1,51.1,17.976848874598073
1629636,Darius Garland,310,240,0.7741935483870968,35.70451612903226,34.849999999999994,68.5,32.78132258064516
1629029,Luka Doncic,309,244,0.7896440129449838,56.71423948220065,56.3,105.2,35.77676375404531
1626157,Karl-Anthony Towns,308,234,0.7597402597402597,42.28603896103896,41.5,81.9,32.612272727272725
1627827,Dorian Finney-Smith,308,158,0.512987012987013,19.04448051948052,18.1,45.7,28.380292207792206
1628379,Luke Kennard,308,53,0.17207792207792208,18.044155844155846,16.65,50.7,23.42021645021645
1628369,Jayson Tatum,307,231,0.752442996742671,47.271009771986975,47.0,84.7,35.63039087947883
1627734,Domantas Sabonis,307,241,0.7850162866449512,45.18664495114006,45.7,85.6,34.12801302931596
203110,Draymond Green,307,256,0.8338762214983714,29.076547231270357,29.4,60.7,28.63299674267101
2544,LeBron James,305,248,0.8131147540983606,47.92590163934426,48.2,80.7,34.896918032786886
203952,Andrew Wiggins,305,220,0.7213114754098361,28.807540983606554,28.5,60.1,29.88655737704918
1629599,Amir Coffey,305,39,0.12786885245901639,12.25639344262295,11.0,61.7,18.83255737704918
201939,Stephen Curry,304,238,0.7828947368421053,41.93684210526315,41.7,92.0,32.70019736842105
204456,T.J. McConnell,304,15,0.049342105263157895,22.401973684210525,21.4,56.5,18.718355263157896
1630182,Josh Green,304,118,0.3881578947368421,13.981907894736842,12.7,39.2,21.725822368421053
1628975,Jevon Carter,304,41,0.13486842105263158,12.112499999999999,10.4,56.8,15.579605263157895
1628384,OG Anunoby,303,255,0.8415841584158416,31.264356435643567,31.0,64.9,34.76851485148515
1630170,Devin Vassell,303,208,0.6864686468646864,28.39405940594059,28.8,70.7,30.124224422442243
1628415,Dillon Brooks,303,271,0.8943894389438944,24.699669966996698,24.0,60.6,30.241848184818483
1630175,Cole Anthony,303,26,0.0858085808580858,23.682178217821782,24.2,62.2,22.87085808580858
1626162,Kelly Oubre Jr.,301,189,0.627906976744186,27.999335548172755,27.9,59.5,30.25621262458472
1629637,Jaxson Hayes,301,49,0.16279069767441862,15.260465116279068,14.1,46.5,16.423056478405314
203507,Giannis Antetokounmpo,300,233,0.7766666666666666,55.776999999999994,55.8,98.3,32.597699999999996
1627752,Taurean Prince,300,126,0.42,16.387666666666668,15.1,43.8,23.104733333333332
203932,Aaron Gordon,299,212,0.7090301003344481,28.904013377926418,27.8,63.6,29.77327759197324
203903,Jordan Clarkson,299,86,0.28762541806020064,24.33344481605351,24.5,62.5,26.03344481605351
1628381,John Collins,298,220,0.738255033557047,28.991275167785233,28.8,57.0,28.656275167785235
201143,Al Horford,298,148,0.4966442953020134,25.198657718120806,24.7,54.8,27.056778523489932
203915,Spencer Dinwiddie,297,157,0.5286195286195287,26.216835016835017,26.1,55.7,29.454848484848487
1629723,John Konchar,297,58,0.19528619528619529,15.70976430976431,14.1,57.2,18.349999999999998
1628997,Caleb Martin,296,108,0.36486486486486486,18.42297297297297,17.950000000000003,49.8,24.05320945945946
1630194,Paul Reed,295,37,0.12542372881355932,16.292542372881357,14.3,63.6,12.975966101694915
1626181,Norman Powell,294,122,0.41496598639455784,27.040476190476188,27.1,51.9,28.791054421768706
1629026,Kenrich Williams,294,20,0.06802721088435375,15.361224489795918,14.3,41.9,17.538333333333334
1629006,Josh Okogie,294,76,0.2585034013605442,12.787414965986395,10.9,56.0,15.728401360544217
1630191,Isaiah Stewart,293,105,0.3583617747440273,22.538225255972694,22.4,59.8,24.541672354948805
1629060,Rui Hachimura,293,145,0.4948805460750853,20.872013651877133,20.0,51.5,26.40911262798635
1630188,Jalen Smith,293,68,0.23208191126279865,20.328327645051193,20.3,49.6,17.567474402730372
1630631,Jose Alvarado,293,36,0.12286689419795221,18.384641638225254,16.8,51.4,19.597645051194537
203486,Mason Plumlee,292,95,0.3253424657534247,20.641780821917806,19.95,46.8,20.142191780821918
1630529,Herbert Jones,291,213,0.7319587628865979,23.367697594501717,22.3,54.9,29.446494845360824
1629027,Trae Young,290,214,0.7379310344827587,44.738965517241375,45.150000000000006,77.8,34.48906896551724
1626156,D'Angelo Russell,290,173,0.596551724137931,30.523448275862066,30.75,65.7,29.52668965517241
1629014,Anfernee Simons,290,183,0.6310344827586207,28.648620689655175,28.65,58.4,30.99144827586207
1630180,Saddiq Bey,290,151,0.5206896551724138,27.27689655172414,27.0,75.8,30.68889655172414
1630228,Jonathan Kuminga,290,86,0.296551724137931,22.107241379310345,21.6,59.5,21.789551724137933
1627751,Jakob Poeltl,289,217,0.7508650519031141,31.971626297577853,31.9,62.8,27.01217993079585
1629028,Deandre Ayton,288,230,0.7986111111111112,32.503819444444446,32.5,65.7,29.31392361111111
1628970,Miles Bridges,286,205,0.7167832167832168,35.56013986013986,35.4,74.1,33.59867132867133
1629111,Jock Landale,286,37,0.12937062937062938,14.578321678321677,13.7,56.7,14.683811188811188
1631095,Jabari Smith Jr.,285,267,0.9368421052631579,27.859649122807017,27.0,63.1,31.81463157894737
1627936,Alex Caruso,285,94,0.3298245614035088,21.046666666666667,19.9,48.5,23.258280701754384
1629639,Tyler Herro,284,211,0.7429577464788732,34.80140845070423,34.45,69.0,33.46362676056338
1630208,Nick Richards,284,109,0.38380281690140844,17.991197183098592,16.35,60.8,18.10975352112676
1628436,Luke Kornet,284,48,0.16901408450704225,15.723239436619718,15.05,52.1,15.872323943661971
1630174,Aaron Nesmith,282,185,0.6560283687943262,18.965602836879434,18.15,53.9,23.39414893617021
1629631,De'Andre Hunter,281,134,0.47686832740213525,23.58967971530249,23.4,49.7,28.695017793594307
1626192,Pat Connaughton,281,37,0.13167259786476868,14.482918149466192,13.6,67.7,19.558718861209965
1629684,Grant Williams,280,72,0.2571428571428571,18.412142857142857,17.25,53.1,25.090999999999998
203897,Zach LaVine,278,207,0.7446043165467626,34.7453237410072,35.150000000000006,63.6,34.33838129496403
1629020,Jarred Vanderbilt,278,76,0.2733812949640288,19.657913669064747,18.85,59.8,21.178489208633092
1629008,Michael Porter Jr.,277,268,0.9675090252707581,31.34837545126354,30.4,65.5,31.29801444043321
1631128,Christian Braun,277,131,0.4729241877256318,19.530685920577618,19.5,52.9,24.261985559566785
1629622,Max Strus,276,141,0.5108695652173914,20.818115942028985,20.0,50.4,26.76836956521739
1630583,Santi Aldama,275,81,0.29454545454545455,22.855272727272727,22.6,56.4,23.05187878787879
1631105,Jalen Duren,274,238,0.8686131386861314,32.09562043795621,31.75,68.9,26.688576642335768
101108,Chris Paul,274,156,0.5693430656934306,31.184306569343065,31.700000000000003,63.900000000000006,28.55970802919708
1629661,Cameron Johnson,274,196,0.7153284671532847,25.483941605839416,25.8,58.0,28.441934306569344
1630172,Patrick Williams,273,136,0.4981684981684982,18.56959706959707,17.2,46.4,24.88157509157509
1626168,Trey Lyles,273,5,0.018315018315018316,16.753113553113554,16.6,51.6,18.747692307692308
1630540,Miles McBride,273,41,0.15018315018315018,14.234065934065935,12.9,52.7,18.353406593406593
1626166,Cameron Payne,272,31,0.11397058823529412,17.62389705882353,16.799999999999997,65.6,17.689705882352943
1629216,Gabe Vincent,270,52,0.1925925925925926,13.935925925925925,12.6,46.6,21.567777777777778
1630169,Tyrese Haliburton,269,191,0.7100371747211895,41.19479553903346,42.5,71.4,33.16825278810409
203994,Jusuf Nurkic,269,191,0.7100371747211895,31.88475836431227,32.0,66.0,25.700111524163567
1630595,Cade Cunningham,268,204,0.7611940298507462,42.63507462686567,43.2,95.9,33.41466417910448
203992,Bogdan Bogdanovic,268,48,0.1791044776119403,24.550746268656717,24.25,56.0,27.28037313432836
203482,Kelly Olynyk,268,117,0.43656716417910446,21.50820895522388,21.15,49.3,20.61623134328358
1630570,Trendon Watford,268,27,0.10074626865671642,16.08805970149254,14.149999999999999,57.4,16.95761194029851
1627780,Gary Payton II,268,13,0.048507462686567165,15.645522388059701,14.2,41.2,15.681492537313433
1630572,Sandro Mamukelashvili,268,25,0.09328358208955224,14.95410447761194,12.7,52.3,14.240708955223882
1628374,Lauri Markkanen,267,206,0.7715355805243446,35.27340823970037,34.4,73.7,32.39955056179775
1630256,Jae'Sean Tate,267,19,0.07116104868913857,14.760299625468164,13.3,72.5,17.12700374531835
201145,Jeff Green,267,13,0.04868913857677903,12.599250936329588,12.2,40.3,17.40584269662921
1630533,Ziaire Williams,266,76,0.2857142857142857,16.41315789473684,15.1,44.8,21.105263157894736
1631094,Paolo Banchero,265,265,1.0,39.63509433962264,39.3,84.1,34.1637106918239
1627750,Jamal Murray,265,265,1.0,39.06075471698114,39.8,71.3,33.738754716981134
1630700,Dyson Daniels,265,174,0.6566037735849056,26.90641509433962,27.4,57.3,27.201207547169812
1630591,Jalen Suggs,265,182,0.6867924528301886,26.3211320754717,26.8,62.7,26.29445283018868
203924,Jerami Grant,264,198,0.75,29.996590909090912,29.85,63.6,32.37204545454545
1629731,Dean Wade,264,111,0.42045454545454547,14.431818181818182,13.649999999999999,40.1,20.441363636363636
1629012,Collin Sexton,263,148,0.5627376425855514,26.443726235741444,26.5,55.1,25.4980608365019
1630231,Kenyon Martin Jr.,263,67,0.25475285171102663,16.61787072243346,15.9,44.2,20.83003802281369
1627832,Fred VanVleet,262,197,0.7519083969465649,37.6587786259542,37.3,71.0,36.203473282442744
1629021,Moritz Wagner,262,20,0.07633587786259542,17.917175572519085,17.200000000000003,47.1,16.349847328244273
1627749,Dejounte Murray,261,193,0.7394636015325671,42.30536398467433,41.2,77.5,34.415862068965524
1628449,Chris Boucher,261,0,0.0,18.903065134099617,17.1,61.8,18.044674329501916
1626179,Terry Rozier,260,145,0.5576923076923077,31.603461538461538,32.0,64.3,31.68907692307692
1629614,Andrew Nembhard,260,232,0.8923076923076924,24.03846153846154,23.15,59.1,28.00153846153846
1631323,Simone Fontecchio,259,58,0.22393822393822393,14.366795366795367,13.2,42.2,17.993861003861003
1630534,Ochai Agbaji,259,104,0.4015444015444015,14.243629343629344,13.1,40.2,20.7580694980695
1631108,Max Christie,258,114,0.4418604651162791,15.213178294573643,14.7,43.6,22.04968992248062
1631097,Bennedict Mathurin,257,108,0.42023346303501946,25.6284046692607,25.4,59.3,28.42105058365759
1630192,Zeke Nnaji,257,13,0.05058365758754864,10.090661478599223,7.7,44.5,12.101984435797666
1630560,Cam Thomas,256,85,0.33203125,21.3390625,20.700000000000003,56.5,22.3758984375
1630538,Bones Hyland,256,9,0.03515625,17.0359375,15.4,60.3,16.4984765625
1629750,Javonte Green,256,31,0.12109375,15.7609375,15.25,50.1,18.946015625
1630264,Anthony Gill,256,19,0.07421875,8.293359375,5.800000000000001,39.3,10.84765625
1627739,Kris Dunn,255,161,0.6313725490196078,20.91372549019608,20.1,58.6,23.825764705882353
203914,Gary Harris,255,73,0.28627450980392155,13.007843137254902,11.7,39.1,21.178810457516338
1630579,Jericho Sims,255,51,0.2,10.928627450980393,9.2,43.2,14.913960784313725
1627742,Brandon Ingram,253,198,0.782608695652174,37.45415019762846,37.6,71.9,33.15391304347826
1630552,Jalen Johnson,253,163,0.6442687747035574,31.877865612648222,31.700000000000003,88.6,26.34905138339921
1631099,Keegan Murray,253,250,0.9881422924901185,26.4201581027668,25.5,65.6,32.28430830039526
202704,Reggie Jackson,252,62,0.24603174603174602,20.575,18.65,64.5,23.715079365079365
1629013,Landry Shamet,252,26,0.10317460317460317,13.214285714285714,12.149999999999999,43.4,18.856706349206352
1630577,Julian Champagnie,251,157,0.6254980079681275,18.979282868525896,19.0,49.0,23.076972111553783
1629162,Jordan McLaughlin,250,0,0.0,9.382,8.05,39.5,10.83116
1630549,Day'Ron Sharpe,249,13,0.05220883534136546,18.88674698795181,17.299999999999997,63.5,15.160883534136547
203114,Khris Middleton,248,139,0.5604838709677419,27.871774193548386,27.95,61.1,26.132943548387097
201567,Kevin Love,248,38,0.1532258064516129,20.603225806451615,18.8,53.2,18.26834677419355
1628418,Thomas Bryant,248,39,0.15725806451612903,15.22701612903226,13.7,53.9,14.296491935483871
1631133,Jabari Walker,248,30,0.12096774193548387,13.005645161290323,11.05,46.4,14.834233870967742
1630163,LaMelo Ball,247,169,0.6842105263157895,41.716599190283404,41.0,78.1,31.006599190283403
203926,Doug McDermott,246,3,0.012195121951219513,11.163821138211382,10.7,34.8,16.47609756097561
204001,Kristaps Porzingis,244,184,0.7540983606557377,38.26352459016393,38.05,65.4,29.023524590163934
1631114,Jalen Williams,244,231,0.9467213114754098,34.20450819672131,34.150000000000006,64.7,30.563852459016392
203935,Marcus Smart,244,139,0.569672131147541,25.50655737704918,25.6,52.4,29.217336065573768
202692,Alec Burks,244,23,0.0942622950819672,19.63073770491803,19.15,53.4,21.912704918032787
1629726,Garrison Mathews,244,8,0.03278688524590164,12.093032786885246,10.7,38.8,17.627663934426227
1629680,Matisse Thybulle,243,51,0.20987654320987653,16.137860082304528,15.2,42.6,20.470699588477366
203552,Seth Curry,241,25,0.1037344398340249,15.664315352697095,14.9,45.4,20.747178423236512
1629001,De'Anthony Melton,239,113,0.47280334728033474,24.135564853556485,24.4,59.8,24.426652719665274
203076,Anthony Davis,237,196,0.8270042194092827,51.11054852320675,53.0,91.5,33.97493670886076
1631260,AJ Green,236,76,0.3220338983050847,12.633050847457627,11.7,53.0,20.18983050847458
202331,Paul George,235,204,0.8680851063829788,38.220851063829784,38.2,78.8,32.97523404255319
1629011,Mitchell Robinson,234,93,0.3974358974358974,25.00384615384615,23.3,60.7,23.254743589743587
201569,Eric Gordon,234,91,0.3888888888888889,18.417521367521367,18.2,46.0,26.091239316239317
202710,Jimmy Butler,233,176,0.7553648068669528,39.45236051502146,39.8,87.8,32.855321888412014
1630544,Tre Mann,233,34,0.1459227467811159,16.313733905579397,14.4,57.4,18.954978540772533
1629645,Kevin Porter Jr.,232,98,0.4224137931034483,30.79655172413793,30.55,62.400000000000006,28.265387931034482
1628470,Torrey Craig,232,77,0.33189655172413796,16.10603448275862,15.7,47.3,20.317068965517244
1629003,Shake Milton,231,13,0.05627705627705628,13.837229437229437,12.7,51.8,17.334761904761905
1630702,Jaden Hardy,231,19,0.08225108225108226,12.693073593073592,11.3,45.1,14.62207792207792
1631101,Shaedon Sharpe,230,130,0.5652173913043478,25.13,24.65,56.9,27.516521739130436
1628380,Zach Collins,230,63,0.27391304347826084,21.367826086956523,20.6,54.9,19.22382608695652
1629659,Talen Horton-Tucker,230,31,0.13478260869565217,18.699565217391303,17.55,58.6,19.066173913043478
1630214,Xavier Tillman,229,47,0.2052401746724891,13.035807860262008,11.2,49.4,13.66655021834061
1626204,Larry Nance Jr.,228,7,0.03070175438596491,17.68201754385965,17.05,49.3,19.295219298245616
1628963,Marvin Bagley III,227,62,0.27312775330396477,20.92422907488987,20.3,57.1,19.782687224669605
203954,Joel Embiid,226,158,0.6991150442477876,53.558407079646024,53.95,104.1,32.84884955752212
1641739,Toumani Camara,226,206,0.911504424778761,24.029646017699115,24.3,48.0,30.168982300884952
1631119,Jaylin Williams,226,57,0.252212389380531,16.585840707964604,14.9,58.9,16.504690265486726
200768,Kyle Lowry,223,107,0.4798206278026906,22.87982062780269,22.7,64.5,27.446143497757845
1631110,Jeremy Sochan,223,145,0.6502242152466368,21.980269058295967,22.0,55.1,23.554529147982063
1641717,Cason Wallace,223,113,0.5067264573991032,19.71883408071749,18.9,48.1,24.42892376681614
1631212,Peyton Watson,221,64,0.2895927601809955,19.420814479638008,19.9,66.1,21.799502262443436
1628420,Monte Morris,221,61,0.27601809954751133,19.27782805429864,19.3,49.3,22.426696832579186
1631165,Keon Ellis,221,59,0.2669683257918552,15.753393665158372,14.4,47.7,19.751674208144795
1641764,Brandin Podziemski,218,104,0.47706422018348627,25.707339449541283,26.4,50.4,27.07275229357798
1631222,Jake LaRavia,218,49,0.22477064220183487,17.13853211009174,16.2,50.1,20.951788990825687
1630625,Dalano Banton,218,18,0.08256880733944955,14.024770642201835,10.850000000000001,54.7,14.139266055045873
202695,Kawhi Leonard,217,215,0.9907834101382489,42.34930875576037,42.0,92.2,32.71488479262673
1631106,Tari Eason,217,55,0.2534562211981567,24.66221198156682,23.4,57.3,23.357834101382487
1629312,Haywood Highsmith,217,76,0.35023041474654376,13.520276497695853,11.8,39.8,19.578294930875575
1631207,Dalen Terry,217,7,0.03225806451612903,9.034562211981568,6.5,39.8,10.871566820276499
1628467,Maxi Kleber,216,17,0.0787037037037037,13.52037037037037,12.4,48.0,19.74013888888889
1631093,Jaden Ivey,215,168,0.7813953488372093,25.958604651162794,26.2,50.5,27.55246511627907
1630543,Isaiah Jackson,215,30,0.13953488372093023,18.005581395348838,17.6,47.0,14.868511627906976
1629048,ga Bitadze,215,72,0.33488372093023255,17.83767441860465,17.1,49.3,15.719565891472868
1629004,Svi Mykhailiuk,215,64,0.29767441860465116,11.971162790697676,9.9,51.0,15.926325581395348
1630692,Jordan Goodwin,214,33,0.1542056074766355,18.885981308411214,17.3,57.9,19.205607476635514
1630526,Jeremiah Robinson-Earl,214,33,0.1542056074766355,14.164018691588785,13.350000000000001,40.9,17.33144859813084
1628964,Mo Bamba,213,26,0.12206572769953052,19.02300469483568,19.1,57.9,17.350093896713616
203081,Damian Lillard,212,183,0.8632075471698113,43.37028301886792,42.6,85.4,35.5147641509434
1631170,Jaime Jaquez Jr.,212,38,0.1792452830188679,23.979716981132075,22.95,60.5,25.554669811320757
1626153,Delon Wright,212,22,0.10377358490566038,16.15377358490566,15.2,53.7,18.503349056603774
1626224,Cedi Osman,211,5,0.023696682464454975,15.591469194312797,14.0,43.9,19.488151658767773
1631103,Malaki Branham,211,60,0.2843601895734597,13.175355450236967,11.5,39.0,17.40990521327014
1641708,Amen Thompson,209,143,0.6842105263157895,34.15741626794258,36.4,66.3,30.987894736842108
1630165,Killian Hayes,209,92,0.44019138755980863,21.95023923444976,20.9,64.4,24.779521531100478
203500,Steven Adams,208,56,0.2692307692307692,23.236057692307693,22.200000000000003,56.9,22.022451923076922
1641710,Anthony Black,206,79,0.38349514563106796,20.41747572815534,19.25,59.9,23.412038834951456
1630249,Vit Krejci,202,37,0.18316831683168316,13.9509900990099,13.2,47.9,19.040940594059407
203078,Bradley Beal,201,146,0.7263681592039801,33.865671641791046,34.0,64.9,32.77915422885572
204060,Joe Ingles,201,3,0.014925373134328358,12.393034825870647,11.7,40.2,17.13084577114428
1631117,Walker Kessler,200,124,0.62,29.8845,28.799999999999997,68.0,24.99915
1629022,Lonnie Walker IV,200,39,0.195,18.274,17.299999999999997,46.7,21.131050000000002
202709,Cory Joseph,200,17,0.085,13.574000000000002,12.8,40.7,18.0664
1628972,Troy Brown Jr.,198,60,0.30303030303030304,12.447474747474747,11.5,40.2,18.12121212121212
1629630,Ja Morant,197,138,0.700507614213198,43.18223350253807,43.9,71.8,31.303045685279187
201976,Patrick Beverley,194,80,0.41237113402061853,20.314432989690722,19.299999999999997,49.1,23.664948453608247
1630322,Lindy Waters III,194,9,0.04639175257731959,9.159278350515464,7.2,39.6,11.53603092783505
202681,Kyrie Irving,193,164,0.8497409326424871,43.189119170984455,42.2,87.2,36.06300518134715
1630241,Sam Merrill,193,43,0.22279792746113988,15.788601036269428,14.9,44.5,20.182176165803106
1630568,Luka Garza,193,6,0.031088082901554404,11.115544041450779,8.0,43.9,10.531709844559584
1629634,Brandon Clarke,192,29,0.15104166666666666,21.402083333333334,20.8,48.5,18.83092013888889
1641718,Keyonte George,191,129,0.675392670157068,29.171204188481674,27.8,61.2,29.969895287958114
1641709,Ausar Thompson,191,154,0.806282722513089,26.01675392670157,24.9,53.8,24.261047120418848
1629052,Oshae Brissett,191,5,0.02617801047120419,14.418848167539267,12.8,45.1,17.311780104712042
201599,DeAndre Jordan,191,22,0.11518324607329843,13.257068062827225,11.6,51.1,12.662251308900522
203493,Reggie Bullock,190,55,0.2894736842105263,13.665263157894737,12.2,44.6,24.142105263157895
1630551,Justin Champagnie,187,51,0.2727272727272727,17.25989304812834,17.0,49.3,17.201176470588234
1641711,Gradey Dick,187,72,0.3850267379679144,15.425668449197861,15.1,46.9,20.537433155080215
1628371,Jonathan Isaac,187,3,0.016042780748663103,14.983957219251337,14.6,42.4,13.427326203208555
1629674,Neemias Queta,186,81,0.43548387096774194,18.802150537634407,18.7,62.4,17.317150537634408
1629667,Jalen McDaniels,186,25,0.13440860215053763,14.529032258064516,12.8,52.7,17.429086021505377
1629627,Zion Williamson,185,178,0.9621621621621622,39.6772972972973,39.8,66.5,30.322216216216216
202711,Bojan Bogdanovic,185,86,0.4648648648648649,25.565945945945945,26.1,59.6,29.27027027027027
1631200,Kris Murray,185,50,0.2702702702702703,13.603783783783783,13.1,40.4,19.805297297297297
1641716,Jarace Walker,184,46,0.25,17.09565217391304,16.95,47.3,18.68032608695652
202687,Bismack Biyombo,184,63,0.3423913043478261,13.583152173913044,11.75,51.1,14.326576086956523
1631104,Blake Wesley,184,4,0.021739130434782608,10.645652173913044,9.7,40.9,13.463641304347826
1641767,Ben Sheppard,183,30,0.16393442622950818,12.48360655737705,11.4,36.6,18.439453551912568
1631218,Trayce Jackson-Davis,181,54,0.2983425414364641,16.11049723756906,13.8,46.0,13.896243093922651
201988,Patty Mills,181,7,0.03867403314917127,13.214917127071823,10.9,49.9,19.665027624309392
1631216,Caleb Houstan,181,23,0.1270718232044199,7.246408839779005,5.0,36.4,13.136187845303867
1626174,Christian Wood,180,18,0.1,29.43388888888889,29.85,69.1,25.155555555555555
1629057,Robert Williams III,180,24,0.13333333333333333,26.081666666666667,25.549999999999997,56.5,22.339666666666666
1629660,Ty Jerome,180,20,0.1111111111111111,19.060555555555556,17.950000000000003,57.0,18.31266666666667
1630550,JT Thor,180,10,0.05555555555555555,7.904444444444445,6.2,51.8,11.578055555555556
1631096,Chet Holmgren,179,179,1.0,36.36033519553072,36.4,70.3,28.543519553072624
1630205,Lamar Stevens,178,29,0.16292134831460675,12.408426966292133,10.8,41.7,15.51191011235955
1641705,Victor Wembanyama,177,168,0.9491525423728814,52.89661016949153,53.1,83.1,30.03135593220339
1641729,Brice Sensabaugh,177,48,0.2711864406779661,19.000564971751412,18.8,56.0,20.97090395480226
1626196,Josh Richardson,177,14,0.07909604519774012,18.875706214689266,18.4,47.0,23.5654802259887
1630643,Jay Huff,177,49,0.2768361581920904,16.179661016949154,16.1,53.3,14.610508474576271
1629670,Jordan Nwora,176,15,0.08522727272727272,14.80852272727273,13.0,45.8,17.056818181818183
200782,P.J. Tucker,176,86,0.48863636363636365,13.911363636363637,13.149999999999999,41.3,24.381363636363634
1630592,Jalen Wilson,176,27,0.1534090909090909,13.636363636363637,12.95,37.8,19.92130681818182
203200,Justin Holiday,176,11,0.0625,13.219886363636363,12.2,48.4,20.02840909090909
1641731,Bilal Coulibaly,175,130,0.7428571428571429,24.4,25.0,50.9,28.594628571428572
1631217,Moussa Diabate,175,56,0.32,18.725714285714286,18.2,51.0,18.99302857142857
1629002,Chimezie Metu,175,12,0.06857142857142857,15.297142857142857,13.4,48.8,15.554285714285715
1630556,Kessler Edwards,175,22,0.12571428571428572,8.932571428571428,7.2,42.7,12.309885714285715
1628966,Keita Bates-Diop,174,48,0.27586206896551724,13.929885057471266,12.8,41.7,16.603448275862068
1630537,Chris Duarte,173,21,0.12138728323699421,14.278034682080925,12.3,48.9,17.8964161849711
1628984,Devonte' Graham,171,8,0.04678362573099415,17.981286549707605,16.5,44.8,21.719298245614034
1631124,Julian Strawther,170,18,0.10588235294117647,12.367058823529412,11.0,39.3,16.020588235294117
1641722,Jordan Hawkins,169,19,0.11242603550295859,12.997041420118343,11.2,49.2,17.684437869822485
1631223,David Roddy,169,19,0.11242603550295859,12.26923076923077,11.7,36.6,16.214556213017755
201959,Taj Gibson,168,15,0.08928571428571429,9.751190476190477,8.2,31.6,12.269226190476191
1631230,Dominick Barlow,166,64,0.3855421686746988,14.85421686746988,13.55,57.2,17.088614457831326
1630201,Malachi Flynn,166,2,0.012048192771084338,10.274096385542169,8.45,69.7,12.027771084337349
1641748,Andre Jackson Jr.,166,52,0.3132530120481928,7.892771084337349,6.300000000000001,29.4,11.35012048192771
1641763,Julian Phillips,165,7,0.04242424242424243,7.526666666666667,6.0,38.3,10.98030303030303
1627763,Malcolm Brogdon,164,36,0.21951219512195122,28.882317073170732,28.5,64.2,27.36981707317073
202694,Marcus Morris Sr.,164,73,0.4451219512195122,19.952439024390245,19.15,47.6,24.975609756097562
1629629,Cam Reddish,164,48,0.2926829268292683,14.36890243902439,13.1,49.8,20.530853658536586
1641706,Brandon Miller,163,157,0.9631901840490797,31.708588957055216,31.9,60.400000000000006,31.42668711656442
1642267,Bub Carrington,163,104,0.6380368098159509,22.2079754601227,21.6,52.3,28.662208588957053
1628998,Cody Martin,163,30,0.18404907975460122,19.562576687116565,19.3,48.1,24.015030674846624
1629626,Bol Bol,163,43,0.26380368098159507,15.39079754601227,13.2,53.8,14.946871165644172
1641854,Craig Porter Jr.,163,10,0.06134969325153374,12.993865030674847,11.2,56.3,13.582515337423311
1631172,Ousmane Dieng,163,22,0.13496932515337423,11.826993865030675,8.4,57.4,14.566871165644173
1631204,Marcus Sasser,162,17,0.10493827160493827,13.977160493827162,12.2,39.9,15.453148148148147
1627814,Damion Lee,162,5,0.030864197530864196,12.895679012345678,12.25,38.2,17.442345679012345
1630553,Keon Johnson,161,56,0.34782608695652173,16.41801242236025,15.1,42.7,18.906645962732917
1631109,Mark Williams,160,126,0.7875,28.189375000000002,27.75,58.6,23.1905625
202066,Garrett Temple,160,2,0.0125,8.188125,5.7,38.7,11.128937500000001
1641842,Ronald Holland II,159,7,0.0440251572327044,15.434591194968553,14.6,44.0,17.51805031446541
1630703,Scoot Henderson,158,52,0.3291139240506329,24.967721518987343,23.299999999999997,60.9,26.74411392405063
201580,JaVale McGee,158,7,0.04430379746835443,14.779746835443037,13.9,48.3,11.120253164556962
203488,Mike Muscala,158,15,0.0949367088607595,11.678481012658228,10.399999999999999,37.6,12.949367088607595
1641824,Matas Buzelis,157,108,0.6878980891719745,23.940764331210193,24.5,62.2,23.73605095541401
1642347,Jamal Shead,157,23,0.1464968152866242,17.678980891719746,17.3,39.3,20.957197452229302
203458,Alex Len,157,9,0.05732484076433121,9.438853503184713,7.9,39.0,9.70343949044586
1626158,Richaun Holmes,156,18,0.11538461538461539,15.32179487179487,13.5,49.5,15.490192307692306
1631121,Bryce McGowens,156,34,0.21794871794871795,10.42051282051282,8.4,40.4,15.720320512820512
1631107,Nikola Jovic,154,57,0.37012987012987014,17.4525974025974,17.1,51.8,19.559935064935065
1631157,Ryan Rollins,153,86,0.5620915032679739,22.04313725490196,22.2,60.2,21.33281045751634
1641712,Rayan Rupert,153,20,0.13071895424836602,9.607843137254902,6.6,71.0,13.858039215686276
1630528,Josh Christopher,152,2,0.013157894736842105,12.333552631578948,11.0,43.2,13.97375
1641783,Tristan da Silva,151,72,0.4768211920529801,17.167549668874173,16.2,53.4,23.166401766004416
1629643,Chuma Okeke,151,19,0.12582781456953643,15.52980132450331,14.9,56.0,18.70072847682119
203648,Thanasis Antetokounmpo,151,0,0.0,4.979470198675497,3.0,34.3,6.040860927152318
1628464,Daniel Theis,150,13,0.08666666666666667,15.871333333333332,14.649999999999999,43.5,17.512999999999998
1642271,Kyle Filipowski,148,67,0.4527027027027027,24.044594594594592,23.6,69.1,22.115
1642377,Jaylen Wells,148,143,0.9662162162162162,19.36216216216216,19.4,39.8,25.917522522522525
202397,Ish Smith,148,5,0.033783783783783786,12.422297297297296,11.4,44.6,14.41891891891892
1642264,Stephon Castle,147,112,0.7619047619047619,30.482312925170067,32.9,78.4,27.9356462585034
202330,Gordon Hayward,147,75,0.5102040816326531,25.591836734693878,26.2,57.1,28.714285714285715
1628365,Markelle Fultz,147,78,0.5306122448979592,21.99931972789116,21.6,54.2,21.766666666666666
1629669,Jaylen Nowell,147,3,0.02040816326530612,16.33265306122449,15.7,49.8,17.257414965986396
1630611,Gui Santos,147,32,0.21768707482993196,14.414285714285715,10.0,44.7,15.725986394557822
1630215,Jared Butler,147,18,0.12244897959183673,14.108163265306123,11.2,43.3,13.532380952380953
1630527,Brandon Boston Jr.,147,11,0.07482993197278912,13.778231292517008,12.1,43.7,15.535170068027211
1642270,Donovan Clingan,144,114,0.7916666666666666,29.293750000000003,28.8,68.0,23.530763888888888
1628372,Dennis Smith Jr.,144,17,0.11805555555555555,20.088194444444444,18.35,52.4,20.5
203496,Robert Covington,144,4,0.027777777777777776,19.727777777777778,19.299999999999997,68.6,21.36111111111111
1642346,Ryan Dunn,144,60,0.4166666666666667,15.668750000000001,14.3,43.7,18.99388888888889
202722,Davis Bertans,144,2,0.013888888888888888,9.900694444444445,8.2,34.9,13.222222222222221
1630699,MarJon Beauchamp,144,13,0.09027777777777778,8.149999999999999,6.2,35.2,10.6475
203109,Jae Crowder,143,30,0.2097902097902098,18.273426573426573,18.0,41.1,23.712307692307693
1642345,Oso Ighodaro,143,30,0.2097902097902098,16.496503496503497,16.5,42.4,19.773566433566433
1641871,Duop Reath,143,20,0.13986013986013987,12.239160839160839,8.6,43.6,13.037482517482516
202684,Tristan Thompson,143,0,0.0,11.174125874125874,10.6,34.5,11.887902097902098
1641738,Kobe Brown,143,10,0.06993006993006994,8.321678321678322,5.4,36.3,10.964615384615385
1642258,Zaccharie Risacher,142,119,0.8380281690140845,20.190140845070424,19.8,60.9,23.37732394366197
1641765,Olivier-Maxence Prosper,142,29,0.20422535211267606,11.965492957746479,9.6,48.4,13.029436619718311
1631169,Josh Minott,142,11,0.07746478873239436,8.992253521126761,5.0,45.1,8.853661971830986
1642276,Kel'el Ware,141,70,0.49645390070921985,25.960283687943264,24.7,69.8,21.984326241134752
1630314,Brandon Williams,140,18,0.12857142857142856,19.833571428571428,20.6,56.8,19.013357142857142
201152,Thaddeus Young,139,15,0.1079136690647482,14.341007194244606,13.4,45.8,14.503597122302159
1642274,Yves Missi,138,80,0.5797101449275363,22.38985507246377,22.700000000000003,48.3,23.153623188405795
203095,Evan Fournier,138,7,0.050724637681159424,18.689855072463768,16.95,57.7,23.956521739130434
203967,Dario Saric,138,24,0.17391304347826086,13.854347826086958,12.850000000000001,37.3,14.517246376811595
1627824,Guerschon Yabusele,137,62,0.45255474452554745,17.92919708029197,16.0,47.4,20.986058394160587
1629642,Nassir Little,137,6,0.043795620437956206,13.671532846715328,12.2,50.0,17.423357664233578
1627788,Furkan Korkmaz,137,0,0.0,10.433576642335767,7.699999999999999,49.2,14.591240875912408
1631221,Collin Gillespie,136,67,0.49264705882352944,20.773529411764706,20.55,57.8,21.554558823529412
1641733,Nick Smith Jr.,136,27,0.19852941176470587,12.234558823529412,11.1,48.2,17.33786764705882
1628995,Kevin Knox II,136,15,0.11029411764705882,9.781617647058823,6.65,47.2,12.471985294117648
1629308,Juan Toscano-Anderson,136,9,0.0661764705882353,9.601470588235294,8.350000000000001,37.2,12.360294117647058
1641730,Noah Clowney,135,84,0.6222222222222222,19.125925925925927,18.2,45.7,23.397037037037038
1627745,Damian Jones,135,1,0.007407407407407408,12.137037037037038,9.7,57.4,12.622222222222222
1642263,Reed Sheppard,134,24,0.1791044776119403,20.67313432835821,19.35,63.400000000000006,20.71373134328358
202083,Wesley Matthews,134,3,0.022388059701492536,8.976119402985073,8.2,26.2,15.902985074626866
1641724,Jett Howard,132,0,0.0,7.797727272727272,6.300000000000001,42.9,10.821338383838384
1641713,GG Jackson,131,49,0.37404580152671757,20.794656488549617,21.8,65.9,21.61297709923664
1631246,Vince Williams Jr.,131,51,0.3893129770992366,19.419847328244273,18.9,46.9,21.228931297709924
1628981,Bruno Fernando,130,8,0.06153846153846154,11.612307692307692,10.75,39.7,10.188846153846153
1642261,Dalton Knecht,130,17,0.13076923076923078,11.38923076923077,8.25,46.0,15.292076923076923
1642268,Isaiah Collier,129,64,0.49612403100775193,24.62713178294574,25.7,63.0,25.607596899224806
1641737,Adem Bona,129,29,0.2248062015503876,15.006976744186048,13.0,51.5,16.366201550387593
1630587,Isaiah Livers,129,28,0.21705426356589147,11.165891472868218,10.0,43.8,17.972403100775193
1627863,Danuel House Jr.,129,9,0.06976744186046512,10.010077519379845,9.1,39.4,14.968992248062015
1641775,Jordan Walsh,129,27,0.20930232558139536,9.947286821705427,7.2,43.9,12.95937984496124
1626149,Montrezl Harrell,128,7,0.0546875,19.234375,19.6,57.1,17.6640625
1629139,Yuta Watanabe,128,1,0.0078125,9.896875,8.25,41.1,13.703125
203115,Will Barton,127,2,0.015748031496062992,21.908661417322836,21.8,47.1,25.283464566929133
203082,Terrence Ross,126,9,0.07142857142857142,15.734126984126984,14.1,47.0,21.563492063492063
1641796,Pelle Larsson,125,62,0.496,16.7416,15.0,49.4,20.853360000000002
1642266,Ja'Kobe Walter,124,37,0.29838709677419356,16.028225806451612,16.6,43.6,20.575000000000003
203210,JaMychal Green,124,1,0.008064516129032258,14.420967741935485,13.25,40.0,14.669354838709678
1629618,Jalen Pickett,124,22,0.1774193548387097,9.380645161290323,6.15,45.2,12.393790322580644
1630197,Aleksej Pokusevski,122,25,0.20491803278688525,18.487704918032787,17.6,47.3,18.647540983606557
1629646,Charles Bassey,122,3,0.02459016393442623,13.858196721311476,11.35,43.3,10.853688524590165
1631213,Tyrese Martin,122,17,0.13934426229508196,13.626229508196722,12.7,39.7,17.45549180327869
1630548,Johnny Juzang,122,23,0.1885245901639344,11.85655737704918,11.0,40.4,15.604590163934427
1628396,Tony Bradley,122,4,0.03278688524590164,8.721311475409836,6.8,46.3,9.003770491803278
1629647,Darius Bazley,121,1,0.008264462809917356,19.986776859504133,19.7,49.1,21.74380165289256
1631132,Christian Koloko,121,23,0.19008264462809918,10.061157024793388,8.8,39.4,11.995289256198348
1630209,Omer Yurtseven,120,12,0.1,12.3775,8.0,43.2,11.366416666666668
1642419,Jamison Battle,120,12,0.1,9.065833333333334,7.300000000000001,38.3,12.795916666666667
1630181,R.J. Hampton,119,5,0.04201680672268908,13.583193277310926,13.7,39.5,18.22689075630252
203085,Austin Rivers,119,10,0.08403361344537816,11.192436974789917,10.6,37.1,20.41176470588235
1631288,Jamal Cain,119,2,0.01680672268907563,9.80420168067227,7.1,37.9,11.916302521008403
1630235,Trent Forrest,119,3,0.025210084033613446,8.346218487394959,6.6,35.4,11.61344537815126
1641715,Cam Whitmore,118,5,0.0423728813559322,17.64915254237288,16.8,59.7,16.963050847457627
203526,Raul Neto,118,1,0.00847457627118644,12.516949152542374,10.95,42.3,15.415254237288135
1642273,Kyshawn George,116,86,0.7413793103448276,25.13362068965517,23.25,63.2,27.33706896551724
1630590,Scotty Pippen Jr.,116,43,0.3706896551724138,23.563793103448276,23.5,51.0,20.910229885057472
1628977,Hamidou Diallo,116,0,0.0,19.55258620689655,17.700000000000003,74.8,19.120689655172413
1642262,Cody Williams,116,61,0.5258620689655172,14.737068965517242,11.9,55.9,22.76155172413793
1631243,Mouhamed Gueye,115,35,0.30434782608695654,14.563478260869564,12.7,47.4,15.120608695652175
1631115,Orlando Robinson,115,17,0.14782608695652175,12.089565217391304,7.6,47.4,12.888521739130436
1630688,Ish Wainright,115,2,0.017391304347826087,8.407826086956522,6.2,44.6,11.121739130434783
1642259,Alex Sarr,114,114,1.0,31.909649122807014,31.200000000000003,69.9,26.95964912280702
1642265,Rob Dillingham,114,1,0.008771929824561403,11.190350877192984,9.2,39.5,12.826842105263157
1642281,Jaylon Tyson,113,45,0.39823008849557523,17.83451327433628,15.7,52.4,19.536725663716815
201568,Danilo Gallinari,111,0,0.0,16.575675675675676,15.8,41.5,19.7027027027027
200752,Rudy Gay,111,0,0.0,13.995495495495495,13.9,36.9,16.225225225225227
1630311,Pat Spencer,111,14,0.12612612612612611,12.262162162162161,10.5,44.1,13.358108108108109
1630164,James Wiseman,110,29,0.2636363636363636,17.14,15.599999999999998,50.9,17.71690909090909
1630695,Micah Potter,110,17,0.15454545454545454,14.29909090909091,13.350000000000001,43.9,16.68581818181818
1629650,Moses Brown,110,8,0.07272727272727272,10.123636363636363,6.800000000000001,48.2,8.217636363636364
1628373,Frank Ntilikina,110,5,0.045454545454545456,7.844545454545455,5.7,28.3,11.645454545454545
1642366,Quinten Post,109,49,0.44954128440366975,16.27889908256881,16.7,35.1,16.720825688073393
1631321,Sidy Cissoko,109,26,0.23853211009174313,10.085321100917431,7.9,33.3,15.285596330275231
1631098,Johnny Davis,109,11,0.10091743119266056,7.791743119266054,4.7,43.0,11.056880733944954
1642348,Justin Edwards,108,38,0.35185185185185186,15.165740740740741,12.75,46.5,19.561666666666664
1630177,Theo Maledon,108,7,0.06481481481481481,14.907407407407407,11.95,50.2,17.39814814814815
1631248,Baylor Scheierman,108,22,0.2037037037037037,12.10462962962963,10.4,54.9,16.587407407407408
1641740,Jaylen Clark,108,5,0.046296296296296294,9.260185185185186,8.2,30.9,12.842962962962963
1630696,Dru Smith,107,3,0.028037383177570093,15.541121495327104,15.4,43.5,15.586261682242991
1630639,A.J. Lawson,107,2,0.018691588785046728,9.074766355140186,5.7,48.4,10.19
1630539,Kai Jones,107,6,0.056074766355140186,8.998130841121496,5.6,45.9,9.669345794392525
1630531,Jaden Springer,107,6,0.056074766355140186,7.683177570093458,4.9,32.2,8.408130841121494
1627732,Ben Simmons,106,68,0.6415094339622641,24.003773584905662,23.25,50.9,23.578584905660378
1628366,Lonzo Ball,105,17,0.1619047619047619,24.067619047619047,23.4,57.5,25.596666666666668
203473,Dewayne Dedmon,105,1,0.009523809523809525,14.68095238095238,13.9,42.4,13.723809523809523
1641757,Jordan Miller,105,1,0.009523809523809525,13.866666666666667,13.1,42.4,16.678761904761906
1641741,Ricky Council IV,105,12,0.11428571428571428,12.3,9.5,38.8,14.398095238095237
1630586,Usman Garuba,105,1,0.009523809523809525,10.613333333333335,9.9,36.3,11.209523809523809
203925,Joe Harris,104,33,0.3173076923076923,12.962499999999999,12.4,32.4,19.923076923076923
1631255,Karlo Matkovic,103,9,0.08737864077669903,16.224271844660194,16.0,36.1,16.16611650485437
1642367,Jonathan Mogbo,103,18,0.17475728155339806,13.604854368932038,10.9,52.7,14.690679611650484
1642278,Tyler Kolek,103,1,0.009708737864077669,8.912621359223301,7.5,52.2,9.74378640776699
1641707,Taylor Hendricks,102,43,0.4215686274509804,17.104901960784314,16.4,41.9,19.784313725490197
1631116,Patrick Baldwin Jr.,102,8,0.0784313725490196,8.129411764705884,5.7,43.4,8.683627450980392
201949,James Johnson,101,1,0.009900990099009901,11.272277227722773,9.3,39.1,13.732376237623763
201588,George Hill,100,1,0.01,13.64,13.05,33.2,20.38
1627854,Bryn Forbes,100,0,0.0,10.686,8.8,38.4,15.05
203995,Vasilije Micic,99,37,0.37373737373737376,14.590909090909092,12.5,41.0,19.109494949494948
1629117,Wenyen Gabriel,99,2,0.020202020202020204,12.849494949494948,11.2,36.5,14.272727272727273
1630227,Daishen Nix,99,7,0.0707070707070707,8.293939393939395,6.7,28.1,12.068080808080808
1642285,Cam Spencer,97,21,0.21649484536082475,19.903092783505155,20.4,45.6,20.082474226804123
201933,Blake Griffin,97,16,0.16494845360824742,14.191752577319587,12.8,37.4,15.29896907216495
1630678,Terry Taylor,97,2,0.020618556701030927,9.565979381443299,5.2,49.7,11.571134020618558
1629678,Admiral Schofield,97,0,0.0,6.702061855670103,5.0,25.0,9.896907216494846
1642275,Tidjane Salaun,96,10,0.10416666666666667,13.990625,13.5,32.8,18.585208333333334
1629056,Terence Davis,95,5,0.05263157894736842,14.44,11.6,59.8,14.131894736842105
1631111,Wendell Moore Jr.,95,3,0.031578947368421054,5.957894736842105,3.5,26.4,7.700842105263158
1641726,Dereck Lively II,94,71,0.7553191489361702,24.756382978723405,25.049999999999997,61.2,22.46808510638298
1642349,Ajay Mitchell,93,17,0.1827956989247312,21.146236559139783,21.3,49.0,22.054516129032258
1641774,Tristan Vukcevic,93,16,0.17204301075268819,16.689247311827955,14.7,47.7,13.962688172043011
202693,Markieff Morris,93,5,0.053763440860215055,8.388172043010753,5.7,36.2,10.703870967741937
1629641,Romeo Langford,91,21,0.23076923076923078,11.724175824175825,10.0,35.1,17.285714285714285
1628432,Davon Reed,91,1,0.01098901098901099,8.048351648351648,7.2,30.4,10.615384615384615
1642272,Jared McCain,90,11,0.12222222222222222,15.984444444444444,13.5,54.4,19.24988888888889
1631100,AJ Griffin,90,12,0.13333333333333333,12.488888888888889,10.8,38.3,16.733333333333334
1641816,Hunter Tyson,90,4,0.044444444444444446,4.945555555555556,3.55,26.4,6.516777777777778
1631245,Quenton Jackson,89,26,0.29213483146067415,14.741573033707866,13.1,56.2,15.726741573033708
1626195,Willy Hernangomez,88,2,0.022727272727272728,18.188636363636363,17.9,52.7,14.227272727272727
1628427,Vlatko Cancar,88,9,0.10227272727272728,9.68409090909091,7.8,39.3,13.192045454545456
201577,Robin Lopez,88,4,0.045454545454545456,8.510227272727272,5.1,37.5,10.579545454545455
1629676,Isaiah Roby,87,2,0.022988505747126436,15.982758620689655,14.4,55.6,15.873563218390805
1630288,Jeff Dowtin Jr.,87,3,0.034482758620689655,10.772413793103448,8.7,48.5,12.607816091954025
1630240,Saben Lee,86,1,0.011627906976744186,12.762790697674417,9.55,48.6,13.0
203490,Otto Porter Jr.,85,3,0.03529411764705882,18.348235294117647,16.6,49.4,19.63529411764706
1630647,Eugene Omoruyi,85,6,0.07058823529411765,11.212941176470588,8.8,41.5,11.83529411764706
1642277,Johnny Furphy,85,21,0.24705882352941178,9.044705882352941,6.2,36.3,11.820352941176472
1642461,Spencer Jones,84,37,0.44047619047619047,11.549999999999999,10.2,38.8,18.148333333333333
203585,Rodney McGruder,83,12,0.14457831325301204,10.74698795180723,9.1,46.1,14.927710843373495
1630811,Keaton Wallace,83,8,0.0963855421686747,10.512048192771084,8.5,62.7,12.047710843373494
1642847,Jeremiah Fears,82,49,0.5975609756097561,26.225609756097562,23.9,62.5,25.580365853658538
1642883,Sion James,82,19,0.23170731707317074,14.389024390243904,13.45,37.9,22.27329268292683
1627823,Juancho Hernangomez,82,10,0.12195121951219512,8.476829268292683,5.25,36.6,12.390243902439025
1642851,Kon Knueppel,81,80,0.9876543209876543,30.795061728395062,30.6,50.5,31.289382716049385
1642852,Derik Queen,81,48,0.5925925925925926,29.20246913580247,27.9,65.0,24.77111111111111
203469,Cody Zeller,80,2,0.025,10.209999999999999,9.5,32.6,10.3375
1642450,Daniss Jenkins,79,19,0.24050632911392406,18.00126582278481,16.1,48.1,18.537341772151898
1630613,Duane Washington Jr.,79,3,0.0379746835443038,14.022784810126582,13.0,42.8,16.810126582278482
201609,Goran Dragic,79,0,0.0,13.616455696202532,13.4,32.5,16.82278481012658
1630574,Ariel Hukporti,79,6,0.0759493670886076,7.30379746835443,4.4,47.2,8.861012658227848
1630346,Matt Ryan,79,1,0.012658227848101266,5.613924050632911,3.2,24.2,8.692278481012659
1626169,Stanley Johnson,78,1,0.01282051282051282,15.173076923076923,14.399999999999999,32.6,19.55128205128205
1630547,James Bouknight,78,0,0.0,8.767948717948718,6.6,35.7,11.064102564102564
1641744,Zach Edey,77,66,0.8571428571428571,26.136363636363637,26.4,62.400000000000006,21.844935064935065
1626159,Justise Winslow,77,11,0.14285714285714285,17.7974025974026,17.9,39.3,19.649350649350648
201565,Derrick Rose,76,7,0.09210526315789473,16.357894736842105,14.9,48.1,17.263157894736842
1631159,Leonard Miller,76,12,0.15789473684210525,10.676315789473684,5.75,47.7,10.27328947368421
1641998,Trey Jemison III,76,14,0.18421052631578946,10.426315789473684,9.2,42.1,13.47592105263158
1642358,AJ Johnson,76,10,0.13157894736842105,9.159210526315789,5.4,30.7,13.79
1642845,VJ Edgecombe,75,75,1.0,33.068,32.3,67.9,34.7732
1642363,Nique Clifford,75,28,0.37333333333333335,18.825333333333333,19.8,50.8,24.879333333333335
201980,Danny Green,75,0,0.0,13.428,12.5,40.1,19.56
203920,Khem Birch,75,0,0.0,11.497333333333332,10.7,40.3,14.866666666666667
203476,Gorgui Dieng,75,1,0.013333333333333334,10.041333333333334,8.1,31.0,9.213333333333333
1630184,Kira Lewis Jr.,75,0,0.0,9.028,7.6,34.8,10.573333333333334
1630545,Terrence Shannon Jr.,75,3,0.04,8.549333333333333,4.7,40.9,11.508266666666668
1630233,Nathan Knight,75,0,0.0,7.3693333333333335,5.0,43.2,6.946666666666666
1642875,Maxime Raynaud,74,56,0.7567567567567568,25.354054054054053,23.8,53.2,26.334054054054054
1642860,Will Riley,74,18,0.24324324324324326,18.04594594594595,16.0,59.3,21.85810810810811
1642269,Devin Carter,74,12,0.16216216216216217,14.367567567567567,10.85,50.8,14.593243243243245
1642382,Branden Carlson,74,4,0.05405405405405406,10.83918918918919,7.5,59.5,9.718783783783783
1642864,Hugo Gonzalez,74,3,0.04054054054054054,10.745945945945946,8.600000000000001,52.7,14.448108108108109
1631102,TyTy Washington Jr.,74,2,0.02702702702702703,6.7472972972972975,4.1,28.4,9.02554054054054
1630267,Facundo Campazzo,73,0,0.0,14.168493150684931,13.6,61.8,16.45205479452055
1642846,Ace Bailey,72,61,0.8472222222222222,24.609722222222224,23.4,58.8,27.424722222222222
203901,Elfrid Payton,72,8,0.1111111111111111,12.526388888888889,11.75,54.9,13.693472222222221
203957,Dante Exum,71,30,0.4225352112676056,16.121126760563378,13.1,44.6,19.53507042253521
202357,Nemanja Bjelica,71,0,0.0,16.03239436619718,14.9,46.4,15.605633802816902
1642868,Carter Bryant,71,0,0.0,9.381690140845071,7.4,34.5,11.345352112676055
1642843,Cooper Flagg,70,70,1.0,39.84571428571428,39.5,75.1,33.26157142857143
201586,Serge Ibaka,70,1,0.014285714285714285,13.832857142857142,13.4,37.6,14.7
1629134,Kendrick Nunn,70,2,0.02857142857142857,11.44,10.55,49.4,13.285714285714286
1630535,Greg Brown III,70,0,0.0,9.565714285714286,8.1,31.8,10.557142857142857
1629685,Dylan Windler,70,0,0.0,5.607142857142857,3.0,24.8,7.757142857142857
1642844,Dylan Harper,69,4,0.057971014492753624,23.591304347826085,24.0,45.2,22.394057971014494
2546,Carmelo Anthony,69,0,0.0,23.255072463768116,21.4,49.2,25.47826086956522
1641750,Ryan Kalkbrenner,69,31,0.4492753623188406,20.16521739130435,20.6,39.8,21.23333333333333
1642383,Walter Clayton Jr.,69,6,0.08695652173913043,17.33768115942029,17.6,44.6,20.25985507246377
1642954,Will Richard,69,21,0.30434782608695654,14.505797101449275,12.8,44.9,19.76927536231884
1641772,Nae'Qwan Tomlin,69,4,0.057971014492753624,13.592753623188406,12.4,43.4,15.24391304347826
1628962,Udoka Azubuike,69,4,0.057971014492753624,8.889855072463767,6.7,31.8,9.159420289855072
1641732,Colby Jones,69,0,0.0,8.085507246376812,5.0,36.4,9.61608695652174
1642885,Mohamed Diawara,69,7,0.10144927536231885,6.917391304347826,6.0,25.2,8.99840579710145
1642920,Kobe Sanders,68,16,0.23529411764705882,13.795588235294119,13.25,32.6,19.683088235294118
1630219,Skylar Mays,68,9,0.1323529411764706,9.423529411764704,3.85,50.8,10.470588235294118
1626246,Boban Marjanovic,68,0,0.0,6.385294117647058,5.55,28.1,5.0
1642355,Bronny James,68,2,0.029411764705882353,5.980882352941176,3.1,27.1,7.925588235294119
201937,Ricky Rubio,67,2,0.029850746268656716,22.719402985074627,21.4,67.1,22.432835820895523
1631250,Pete Nance,67,7,0.1044776119402985,9.176119402985075,4.2,35.7,13.05955223880597
1642353,Cam Christie,67,0,0.0,5.708955223880597,4.7,26.9,7.728805970149255
1629610,DaQuan Jeffries,66,19,0.2878787878787879,10.945454545454545,10.0,31.0,16.892727272727274
202355,Hassan Whiteside,65,0,0.0,22.889230769230767,21.4,57.4,17.369230769230768
1629048,Goga Bitadze,64,3,0.046875,17.75,15.799999999999997,46.1,15.00640625
203463,Ben McLemore,64,0,0.0,14.9390625,14.45,38.0,19.546875
1630237,Anthony Lamb,64,4,0.0625,14.2375,15.149999999999999,47.6,18.3125
1631120,JD Davison,64,0,0.0,5.7140625,3.35,40.5,6.209375
1642962,Drake Powell,63,24,0.38095238095238093,12.185714285714287,10.5,26.2,20.738095238095237
1629717,Armoni Brooks,63,0,0.0,10.553968253968254,8.0,34.5,14.206349206349206
1642907,Cedric Coward,62,47,0.7580645161290323,26.32741935483871,25.2,50.2,25.554354838709674
202340,Avery Bradley,62,1,0.016129032258064516,12.511290322580646,10.6,36.4,22.080645161290324
1631123,Jamaree Bouyea,62,2,0.03225806451612903,11.879032258064516,8.25,51.5,13.53983870967742
1630243,Trevelin Queen,62,2,0.03225806451612903,10.296774193548387,5.800000000000001,46.0,11.58983870967742
1642877,Micah Peavy,61,4,0.06557377049180328,10.326229508196722,7.4,42.4,14.776885245901639
1631466,Nate Williams,61,6,0.09836065573770492,8.101639344262296,5.4,28.3,10.214262295081967
1641794,Dillon Jones,61,3,0.04918032786885246,7.075409836065574,5.5,28.5,9.457868852459015
1642848,Tre Johnson,60,42,0.7,19.666666666666668,19.6,34.9,23.888666666666666
1642948,Ryan Nembhard,60,27,0.45,17.11,14.5,62.3,19.30216666666667
2730,Dwight Howard,60,0,0.0,16.91166666666667,15.75,45.7,15.7
1642869,Noah Penda,59,2,0.03389830508474576,11.159322033898304,8.1,44.4,12.616610169491524
1629033,Theo Pinson,59,1,0.01694915254237288,6.157627118644068,3.2,59.6,7.52542372881356
1641721,Maxwell Lewis,59,1,0.01694915254237288,4.467796610169492,1.2,27.3,6.74593220338983
1629604,CJ Elleby,58,0,0.0,14.61896551724138,15.05,38.6,19.810344827586206
1629672,Eric Paschall,58,0,0.0,9.141379310344828,7.4,35.6,12.172413793103448
1642867,Collin Murray-Boyles,57,22,0.38596491228070173,21.771929824561404,20.8,55.5,21.673333333333332
1642874,Danny Wolf,57,15,0.2631578947368421,20.152631578947368,20.2,46.3,20.601754385964913
1642849,Nolan Traore,56,31,0.5535714285714286,18.076785714285712,18.35,39.1,21.986607142857142
1642354,KJ Simpson,56,17,0.30357142857142855,15.494642857142859,16.3,36.1,19.475357142857145
203087,Jeremy Lamb,56,0,0.0,14.969642857142857,13.3,46.1,16.160714285714285
1627761,DeAndre' Bembry,56,0,0.0,13.742857142857144,11.85,36.3,17.821428571428573
1630563,Joshua Primo,56,0,0.0,12.283928571428572,13.6,31.0,18.625
101150,Lou Williams,56,0,0.0,11.891071428571427,11.350000000000001,25.1,13.714285714285714
1629644,KZ Okpala,56,3,0.05357142857142857,5.651785714285714,2.55,31.8,8.303571428571429
203107,Tomas Satoransky,55,0,0.0,12.385454545454547,10.4,34.6,15.89090909090909
201571,D.J. Augustin,55,0,0.0,9.710909090909091,8.9,25.9,15.527272727272727
1642853,Rasheer Fleming,55,1,0.01818181818181818,9.287272727272727,8.0,33.2,12.044545454545455
1630561,David Duke Jr.,55,0,0.0,9.23090909090909,5.4,47.3,11.429636363636364
1631303,Justin Minaya,55,1,0.01818181818181818,5.836363636363636,3.9,23.1,9.89090909090909
202339,Eric Bledsoe,54,0,0.0,22.924074074074074,21.25,53.4,24.74074074074074
1628402,Frank Jackson,54,0,0.0,15.2,13.45,38.4,21.166666666666668
1630536,Sharife Cooper,54,1,0.018518518518518517,11.846296296296297,8.65,33.8,13.407407407407407
1642859,Jase Richardson,54,0,0.0,8.14074074074074,6.2,27.0,10.652407407407408
1642857,Kasparas Jakucionis,53,12,0.22641509433962265,14.511320754716982,11.7,42.6,17.599811320754718
203933,T.J. Warren,53,0,0.0,13.077358490566038,11.2,40.6,14.867924528301886
1628410,Edmond Sumner,53,12,0.22641509433962265,12.222641509433961,10.9,42.9,13.415094339622641
1641810,Antonio Reeves,53,5,0.09433962264150944,9.373584905660378,6.0,44.5,12.83943396226415
1628425,Sterling Brown,53,0,0.0,8.516981132075472,7.800000000000001,33.1,11.830188679245284
1631311,Lester Quinones,53,0,0.0,8.511320754716982,7.1,35.0,10.351320754716982
203503,Tony Snell,53,0,0.0,7.709433962264152,7.1,31.6,15.018867924528301
1642856,Egor Demin,52,45,0.8653846153846154,20.85576923076923,19.9,47.3,24.979615384615386
1627789,Timothe Luwawu-Cabarrot,52,0,0.0,8.411538461538463,5.300000000000001,31.4,12.73076923076923
203918,Rodney Hood,52,0,0.0,7.0076923076923086,6.1,20.9,13.115384615384615
1628367,Josh Jackson,51,0,0.0,13.23921568627451,11.7,36.0,15.784313725490197
203506,Victor Oladipo,50,2,0.04,22.244,20.799999999999997,64.5,25.04
1642364,Jamir Watkins,50,7,0.14,17.965999999999998,18.6,43.7,20.4422
1641787,Tosan Evbuomwan,50,8,0.16,15.597999999999999,16.3,35.7,20.508200000000002
1630846,Olivier Sarr,50,1,0.02,11.464,9.0,43.5,12.976199999999999
1642878,Tyrese Proctor,50,1,0.02,9.896,8.5,43.2,10.7094
1631126,Caleb Love,49,1,0.02040816326530612,17.577551020408162,16.0,43.9,20.481020408163268
1630195,Leandro Bolmaro,49,0,0.0,3.4285714285714284,1.5,20.6,5.755102040816326
202326,DeMarcus Cousins,48,0,0.0,19.65625,17.9,55.8,14.458333333333334
1631131,Oscar Tshiebwe,48,7,0.14583333333333334,17.789583333333333,15.45,54.9,14.926458333333334
1629677,Luka Samanic,48,11,0.22916666666666666,9.860416666666667,6.550000000000001,37.1,11.041666666666666
1642352,Keshad Johnson,48,0,0.0,8.0,4.2,36.7,7.645625
1627853,Ryan Arcidiacono,48,4,0.08333333333333333,2.75,0.85,24.2,5.541666666666667
200746,LaMarcus Aldridge,47,0,0.0,23.800000000000004,24.0,44.7,21.914893617021278
1631113,Kennedy Chandler,47,2,0.0425531914893617,12.340425531914894,7.7,54.4,13.100851063829788
203090,Maurice Harkless,47,0,0.0,10.934042553191489,9.2,44.6,17.893617021276597
1629633,Jarrett Culver,47,1,0.02127659574468085,8.674468085106383,6.2,30.8,9.617021276595745
1642403,Isaac Jones,47,1,0.02127659574468085,5.699999999999999,4.2,23.0,7.015319148936171
1642359,Pacome Dadiet,47,0,0.0,3.776595744680851,2.0,18.8,5.067234042553191
202689,Kemba Walker,46,1,0.021739130434782608,20.421739130434784,18.5,66.8,23.195652173913043
202362,Lance Stephenson,46,0,0.0,17.30217391304348,15.899999999999999,55.2,17.217391304347824
1628021,David Nwaba,46,0,0.0,12.819565217391306,11.75,28.9,12.73913043478261
1630658,Colin Castleton,46,4,0.08695652173913043,8.81304347826087,5.9,33.8,10.913478260869566
1642863,Khaman Maluach,46,1,0.021739130434782608,8.621739130434783,5.8,42.8,8.743913043478262
1630604,E.J. Liddell,46,5,0.10869565217391304,7.839130434782609,3.4000000000000004,38.5,8.96586956521739
1630649,Stanley Umude,46,2,0.043478260869565216,5.7760869565217385,3.0,30.3,7.4523913043478265
1642066,Myron Gardner,45,7,0.15555555555555556,9.831111111111111,6.9,31.4,8.913555555555556
1626163,Frank Kaminsky,45,0,0.0,9.424444444444445,5.0,45.9,8.8
1642928,Dylan Cardwell,44,1,0.022727272727272728,22.304545454545455,22.7,42.6,20.361363636363635
1642879,Ben Saraf,44,11,0.25,15.884090909090908,13.899999999999999,35.0,20.640681818181818
1631197,Jared Rhoden,44,2,0.045454545454545456,11.531818181818181,9.6,55.9,14.625227272727273
1642854,Asa Newell,44,2,0.045454545454545456,10.254545454545454,8.7,37.0,11.144318181818182
1641753,Chris Livingston,44,1,0.022727272727272728,3.6568181818181817,2.0,21.2,4.485227272727273
201961,Wayne Ellington,43,0,0.0,11.38139534883721,9.6,25.2,18.232558139534884
1641723,Kobe Bufkin,43,1,0.023255813953488372,8.93953488372093,8.5,23.7,9.880697674418604
1628408,PJ Dozier,43,0,0.0,8.055813953488371,5.4,25.8,10.194186046511629
1642905,Hansen Yang,43,1,0.023255813953488372,4.981395348837209,3.2,20.3,6.789302325581395
203457,Nerlens Noel,42,4,0.09523809523809523,14.807142857142857,14.5,33.6,17.595238095238095
1631254,Kenneth Lofton Jr.,42,1,0.023809523809523808,10.092857142857142,5.4,59.8,8.047619047619047
1629649,Ignas Brazdeikis,42,0,0.0,8.902380952380952,6.95,28.2,12.380952380952381
203504,Trey Burke,42,0,0.0,8.311904761904762,6.7,35.6,10.0
1642914,Javon Small,41,12,0.2926829268292683,20.709756097560977,21.7,41.3,20.028048780487804
1642949,Yanic Konan Niederhauser,41,0,0.0,10.15609756097561,7.2,39.8,10.131951219512196
1629603,Mamadi Diakite,41,2,0.04878048780487805,7.843902439024391,5.4,31.6,8.926829268292684
1642866,Joan Beringer,40,3,0.075,9.309999999999999,6.9,63.6,7.651999999999999
1631199,Ron Harper Jr.,40,3,0.075,7.922499999999999,5.35,47.4,9.388
1629744,Matt Thomas,40,0,0.0,6.9,6.45,21.2,11.125
1642530,Yuki Kawamura,40,0,0.0,6.625,2.85,27.5,7.3454999999999995
1642964,Brooks Barnhizer,40,0,0.0,5.8149999999999995,3.6,31.8,8.5185
2738,Andre Iguodala,39,0,0.0,15.689743589743589,14.7,36.8,17.794871794871796
200765,Rajon Rondo,39,0,0.0,15.656410256410258,13.7,41.4,17.384615384615383
202324,Derrick Favors,39,0,0.0,13.905128205128204,13.8,37.8,16.17948717948718
1641778,Leaky Black,39,12,0.3076923076923077,12.912820512820513,11.2,40.9,17.878205128205128
203145,Kent Bazemore,39,0,0.0,8.892307692307693,6.5,29.9,13.538461538461538
1641745,Adam Flagler,39,0,0.0,3.9333333333333336,1.4,32.2,5.363589743589744
202710,Jimmy Butler III,38,38,1.0,37.36052631578948,36.75,56.2,30.858157894736838
1631342,Daeqwon Plowden,38,7,0.18421052631578946,16.871052631578948,18.5,39.3,23.90421052631579
1630619,Moussa Cisse,38,1,0.02631578947368421,15.913157894736843,13.350000000000001,51.5,13.74078947368421
1631367,Jacob Gilyard,38,11,0.2894736842105263,12.555263157894736,11.35,33.9,16.605263157894736
1628426,Sasha Vezenkov,38,0,0.0,10.394736842105264,9.95,28.6,11.736842105263158
1643007,Taelon Peter,38,0,0.0,9.6,8.2,29.3,12.76157894736842
1641790,PJ Hall,38,2,0.05263157894736842,7.6157894736842096,4.4,26.5,7.172105263157896
1629109,Gary Clark,38,0,0.0,7.526315789473684,5.65,30.7,9.473684210526315
1630580,Joe Wieskamp,38,0,0.0,3.357894736842105,2.3,18.7,6.184210526315789
1642880,Kam Jones,37,7,0.1891891891891892,11.635135135135135,9.5,36.3,16.47054054054054
1642950,Lachlan Olbrich,37,2,0.05405405405405406,8.92972972972973,5.4,48.0,9.117297297297297
1630296,Braxton Key,37,0,0.0,7.789189189189189,4.2,33.8,7.0297297297297305
1641989,Elijah Harkless,36,9,0.25,14.952777777777776,11.0,43.3,18.769166666666667
1629164,Brandon Goodwin,36,0,0.0,11.941666666666666,7.8999999999999995,45.8,13.36111111111111
1631166,Drew Timme,36,3,0.08333333333333333,10.780555555555557,7.15,33.4,13.371666666666666
1629681,Killian Tillie,36,0,0.0,9.0,7.300000000000001,26.3,12.333333333333334
1641736,Reece Beekman,36,4,0.1111111111111111,8.841666666666667,7.15,33.3,12.810555555555556
1630284,Kevon Harris,36,0,0.0,8.358333333333333,7.4,34.6,12.36111111111111
1630190,Elijah Hughes,36,0,0.0,7.711111111111112,6.9,45.6,11.61111111111111
202683,Enes Freedom,35,0,0.0,10.542857142857143,9.4,33.8,11.285714285714286
1641720,Jalen Hood-Schifino,35,0,0.0,7.72,4.2,28.9,11.51457142857143
1641890,Tyler Smith,35,0,0.0,6.602857142857142,3.2,31.4,7.985714285714286
202322,John Wall,34,3,0.08823529411764706,23.541176470588233,24.25,43.3,21.735294117647058
1627737,Marquese Chriss,34,0,0.0,10.620588235294118,7.35,38.3,9.705882352941176
1629185,Chris Chiozza,34,0,0.0,6.314705882352941,4.15,22.1,10.5
1631306,Cole Swider,34,0,0.0,5.476470588235294,2.7,21.6,8.155882352941177
1641809,Drew Peterson,34,1,0.029411764705882353,5.411764705882353,4.75,16.9,7.854411764705882
1627774,Jake Layman,34,0,0.0,4.814705882352941,3.0,27.4,6.294117647058823
1642404,Chaz Lanier,34,0,0.0,4.444117647058824,3.2,17.6,7.529705882352941
1642959,Chris Youngblood,34,0,0.0,4.164705882352941,4.2,17.6,5.219411764705883
200794,Paul Millsap,33,0,0.0,10.463636363636365,9.8,29.5,10.878787878787879
1641725,Trey Alexander,33,0,0.0,4.8969696969696965,2.0,29.7,6.7251515151515155
1630679,Ethan Thompson,32,13,0.40625,14.165625,11.05,42.9,20.1978125
1626208,Keifer Sykes,32,0,0.0,10.6875,6.5,37.8,17.21875
1630593,McKinley Wright IV,32,1,0.03125,8.934375,7.2,25.0,10.59375
203521,Matthew Dellavedova,32,0,0.0,4.221875,2.85,18.2,6.125
1628382,Justin Jackson,32,0,0.0,3.165625,1.7,10.4,4.09375
1642942,Jahmai Mashack,31,7,0.22580645161290322,16.02258064516129,16.7,48.0,21.557419354838707
1630623,Tyson Etienne,31,2,0.06451612903225806,12.458064516129031,11.6,32.2,16.950322580645164
1642862,Liam McNeeley,31,0,0.0,8.600000000000001,7.2,23.8,11.681612903225806
1642502,Malevy Leons,31,2,0.06451612903225806,7.84516129032258,6.7,29.6,9.370000000000001
1629833,Keljin Blevins,31,0,0.0,6.532258064516129,3.5,20.1,10.838709677419354
1630210,Markus Howard,31,0,0.0,5.512903225806451,3.0,33.1,5.290322580645161
202334,Ed Davis,31,0,0.0,4.719354838709678,1.5,31.3,6.096774193548387
1629103,Kelan Martin,30,0,0.0,10.683333333333334,11.0,28.3,14.6
1628400,Semi Ojeleye,30,0,0.0,7.676666666666667,5.4,27.7,12.966666666666667
1631210,Jacob Toppin,30,0,0.0,3.0533333333333337,1.35,23.8,4.033666666666666
1629623,Lindell Wigginton,29,1,0.034482758620689655,7.893103448275863,3.5,45.5,9.689655172413794
1629718,Charlie Brown Jr.,29,0,0.0,4.441379310344828,0.0,19.3,6.931034482758621
1642384,Isaiah Crawford,29,0,0.0,3.372413793103448,1.2,18.7,4.533103448275862
1641727,Dariq Whitehead,28,2,0.07142857142857142,11.799999999999999,10.600000000000001,32.3,15.955
202738,Isaiah Thomas,28,0,0.0,10.832142857142857,9.899999999999999,24.9,12.142857142857142
1629875,Xavier Moon,28,1,0.03571428571428571,8.964285714285714,4.0,39.2,9.321428571428571
1642484,RayJ Dennis,28,0,0.0,8.89642857142857,4.45,43.0,9.641785714285716
1628993,Alize Johnson,27,0,0.0,5.562962962962962,3.0,19.6,6.7407407407407405
1628502,Nigel Hayes-Davis,27,0,0.0,3.9296296296296296,2.9,18.4,7.063703703703704
1629007,Jontay Porter,26,5,0.19230769230769232,15.476923076923075,13.45,41.2,13.346153846153847
1630186,Jahmi'us Ramsey,26,1,0.038461538461538464,7.173076923076923,5.95,20.5,9.346153846153847
1642402,Enrique Freeman,26,1,0.038461538461538464,5.711538461538462,3.35,34.4,8.225
1641771,Jalen Slawson,25,6,0.24,13.032,7.4,43.4,13.5572
1641877,Nathan Mensah,25,0,0.0,6.82,7.2,12.2,11.76
1641747,DaRon Holmes II,25,6,0.24,6.72,6.2,18.1,8.180399999999999
1629620,Justin Robinson,25,0,0.0,6.568,3.5,20.6,11.72
1641755,Kevin McCullar Jr.,25,0,0.0,6.127999999999999,3.2,28.6,7.1556
1642876,Adou Thiero,25,0,0.0,4.544,3.0,18.8,5.7336
2772,Trevor Ariza,24,0,0.0,11.704166666666666,9.8,28.1,18.791666666666668
1630792,Malcolm Hill,24,0,0.0,6.733333333333333,4.9,30.1,8.666666666666666
1627756,Denzel Valentine,24,0,0.0,6.1625000000000005,3.8000000000000003,36.8,8.708333333333334
1631247,Luke Travers,24,0,0.0,6.095833333333334,3.7,17.8,7.757083333333333
1641734,Emoni Bates,24,0,0.0,5.633333333333333,3.6,36.2,8.187916666666666
1630698,Kevin Pangos,24,0,0.0,4.133333333333334,2.85,18.0,6.458333333333333
1631205,Buddy Boeheim,24,0,0.0,3.9458333333333333,2.85,21.1,7.466666666666666
202954,Brad Wanamaker,23,0,0.0,9.92608695652174,10.2,28.3,13.478260869565217
1630600,Isaiah Mobley,23,0,0.0,6.6000000000000005,4.2,38.3,7.096521739130435
1641931,Onuralp Bitim,23,1,0.043478260869565216,6.21304347826087,4.0,23.5,11.08695652173913
1642918,Alijah Martin,23,0,0.0,5.3130434782608695,2.0,37.1,6.129130434782609
203943,Noah Vonleh,23,1,0.043478260869565216,4.873913043478261,2.9,15.0,7.043478260869565
1631241,Javon Freeman-Liberty,22,6,0.2727272727272727,14.272727272727273,15.95,33.1,17.863636363636363
1630641,Ibou Badji,22,1,0.045454545454545456,7.668181818181818,5.85,27.9,9.818181818181818
1642873,Amari Williams,22,2,0.09090909090909091,5.5,2.3,25.9,6.447272727272727
1628385,Harry Giles III,22,0,0.0,4.672727272727273,2.7,22.7,3.772727272727273
1629010,Jerome Robinson,22,0,0.0,2.5318181818181817,1.1,14.5,3.1363636363636362
1630610,DeJon Jarreau,21,0,0.0,18.142857142857142,18.0,33.5,17.801904761904762
1631209,Isaiah Wong,21,0,0.0,10.352380952380953,9.1,24.2,12.671428571428573
1630554,Jason Preston,21,0,0.0,7.966666666666667,5.7,26.6,8.80952380952381
1631298,Jack White,21,0,0.0,4.538095238095238,3.0,15.1,5.761904761904762
1642505,Alex Ducas,21,0,0.0,4.080952380952381,1.2,12.5,5.790952380952381
1631112,Kendall Brown,21,0,0.0,3.0095238095238095,2.0,11.9,4.380952380952381
1629076,Tyler Cook,20,0,0.0,7.6049999999999995,6.1,17.4,9.45
1630206,Jay Scrubb,20,0,0.0,5.945,3.7,21.5,7.1
2617,Udonis Haslem,20,1,0.05,5.86,3.45,29.6,7.3
1626161,Willie Cauley-Stein,20,0,0.0,5.85,4.65,14.2,8.75
1641752,Bobi Klintman,20,0,0.0,4.9350000000000005,2.2,33.6,5.453
1642443,Jahmir Young,20,0,0.0,3.2950000000000004,3.1,8.5,4.1955
1630204,Ashton Hagans,19,1,0.05263157894736842,12.894736842105264,13.9,34.0,16.105263157894736
1631262,Jules Bernard,19,0,0.0,7.010526315789473,5.2,25.7,7.315789473684211
1629657,Kyle Guy,19,0,0.0,6.889473684210526,5.0,34.8,9.368421052631579
1631219,John Butler Jr.,19,1,0.05263157894736842,6.78421052631579,4.2,31.4,11.157894736842104
1630222,Mason Jones,19,0,0.0,6.515789473684211,5.0,22.5,6.170526315789473
1631451,Javonte Cooke,19,0,0.0,3.4368421052631577,2.4,11.6,4.747368421052632
1643018,LJ Cryer,18,1,0.05555555555555555,11.31111111111111,12.45,22.0,16.07166666666667
1630606,Javonte Smart,18,0,0.0,6.655555555555555,2.85,31.5,10.666666666666666
1630225,Isaiah Todd,18,1,0.05555555555555555,4.711111111111111,4.2,29.4,7.055555555555555
1630176,Vernon Carey Jr.,18,0,0.0,4.116666666666666,1.6,24.4,3.5555555555555554
1643052,Chaney Johnson,17,1,0.058823529411764705,19.988235294117647,18.7,36.6,20.291176470588233
1630644,Mac McClung,17,0,0.0,11.547058823529412,12.4,43.3,12.131764705882354
1628539,Mychal Mulder,17,0,0.0,6.7823529411764705,5.4,19.4,13.705882352941176
1628035,Alfonzo McKinnie,17,0,0.0,6.711764705882352,5.6,26.5,11.823529411764707
1629653,Devon Dotson,17,0,0.0,5.841176470588235,5.6,13.3,7.764705882352941
1630207,Nate Hinton,17,0,0.0,5.023529411764706,3.0,22.6,3.9411764705882355
1626147,Justin Anderson,16,0,0.0,15.04375,13.35,34.8,19.1875
1642449,Tolu Smith,16,0,0.0,10.80625,7.5,40.3,9.841875
1631173,Terquavion Smith,16,0,0.0,5.7375,3.6,18.5,4.9375
1641789,Jazian Gortman,16,0,0.0,2.6875,1.35,8.9,3.323125
1630250,Marko Simonovic,16,0,0.0,2.5875,1.2000000000000002,15.8,2.875
1629671,Miye Oni,16,0,0.0,1.2437500000000001,1.2,4.5,2.1875
1643016,Bez Mbeng,15,5,0.3333333333333333,25.226666666666667,20.8,64.7,32.594
1641869,Malachi Smith,15,4,0.26666666666666666,19.513333333333332,15.4,43.6,23.766000000000002
1641878,Damion Baugh,15,2,0.13333333333333333,18.2,20.4,29.3,24.499333333333333
1642024,Alex Reese,15,0,0.0,12.826666666666666,13.6,27.8,14.241999999999999
1641798,Jaylen Martin,15,0,0.0,10.226666666666667,7.199999999999999,27.3,13.571333333333333
1629719,Devontae Cacok,15,0,0.0,9.826666666666666,4.2,28.7,7.533333333333333
1630585,Marcus Garrett,15,0,0.0,8.373333333333333,7.6,30.1,12.249333333333334
1629067,Isaac Bonga,15,0,0.0,3.6266666666666665,4.0,9.5,4.133333333333334
1630238,Malik Fitts,15,0,0.0,3.1266666666666665,1.2,13.6,3.6666666666666665
1642396,Blake Hinson,14,3,0.21428571428571427,17.614285714285714,14.9,39.4,20.204285714285714
202328,Greg Monroe,14,0,0.0,16.27142857142857,13.05,37.8,13.5
1627846,Abdel Nader,14,0,0.0,7.278571428571428,6.300000000000001,24.3,9.857142857142858
1642939,Miles Kelly,14,0,0.0,7.057142857142857,5.449999999999999,25.0,9.331428571428571
1631257,Jermaine Samuels Jr.,14,0,0.0,3.507142857142857,2.4,10.6,3.7142857142857144
1630612,RJ Nembhard Jr.,14,0,0.0,2.957142857142857,2.0,14.2,4.142857142857143
1642882,Julian Reese,13,10,0.7692307692307693,30.800000000000004,28.6,49.4,30.684615384615384
1631232,Keion Brooks Jr.,13,5,0.38461538461538464,19.200000000000003,16.9,43.6,22.883076923076924
1642967,John Poulakidas,13,0,0.0,15.115384615384615,13.5,41.4,19.266153846153845
1631338,Mouhamadou Gueye,13,0,0.0,11.561538461538463,8.7,27.6,12.374615384615385
1630686,Georgios Kalaitzakis,13,0,0.0,11.399999999999999,6.0,43.8,15.923076923076923
1631214,Alondes Williams,13,0,0.0,9.069230769230769,3.0,51.0,9.346153846153847
1630691,Jamorko Pickett,13,0,0.0,8.838461538461537,6.3,37.6,13.23076923076923
1641766,Adama Sanogo,13,0,0.0,7.1461538461538465,2.2,47.0,6.346153846153846
203524,Solomon Hill,13,0,0.0,5.43076923076923,4.4,12.3,10.307692307692308
1630270,Xavier Sneed,13,0,0.0,3.4000000000000004,2.0,13.4,6.230769230769231
1627822,Petr Cornelie,13,0,0.0,2.869230769230769,3.0,6.7,2.3846153846153846
1641857,Liam Robbins,13,0,0.0,2.4923076923076923,2.0,8.9,4.1984615384615385
1631174,Tyler Burton,12,0,0.0,20.083333333333332,17.75,34.5,25.370833333333334
204025,Tim Frazier,12,0,0.0,9.15,8.3,24.5,16.833333333333332
203953,Jabari Parker,12,0,0.0,8.549999999999999,7.5,22.0,9.083333333333334
1642886,Koby Brea,12,0,0.0,5.716666666666666,4.5,29.5,6.760000000000001
1630637,Carlik Jones,12,0,0.0,4.508333333333333,2.25,19.7,6.166666666666667
1630271,Brodric Thomas,12,0,0.0,4.125,3.7,12.1,4.5
1630582,Yves Pons,12,0,0.0,3.5749999999999997,1.7999999999999998,18.9,5.5
1631127,Harrison Ingram,12,0,0.0,3.533333333333333,2.75,10.1,4.91
1630218,Robert Woodard II,12,0,0.0,2.475,1.2,9.3,3.0
1630285,Zavier Simpson,11,0,0.0,23.154545454545453,24.1,42.3,29.90909090909091
1642504,Cormac Ryan,11,2,0.18181818181818182,22.19090909090909,17.0,43.3,24.40090909090909
1629663,Louis King,11,0,0.0,10.063636363636364,7.5,28.8,11.454545454545455
1630283,Kylor Kelley,11,2,0.18181818181818182,8.754545454545456,6.4,28.7,11.307272727272727
1642357,David Jones Garcia,11,0,0.0,8.236363636363636,4.9,38.0,5.925454545454546
1629735,Chris Silva,11,0,0.0,6.881818181818181,7.6,16.299999999999997,8.181818181818182
1629605,Tacko Fall,11,0,0.0,5.236363636363636,2.4,21.0,4.909090909090909
1629683,Quinndary Weatherspoon,11,0,0.0,5.209090909090909,2.7,14.9,6.2727272727272725
1641801,Emanuel Miller,11,0,0.0,5.1090909090909085,3.9,15.0,5.042727272727273
1641780,Johni Broome,11,0,0.0,4.290909090909091,2.0,18.2,4.7681818181818185
1629619,Myles Powell,11,0,0.0,2.2454545454545456,1.2,13.8,4.090909090909091
1631211,Trevor Keels,11,0,0.0,1.7090909090909092,1.2,6.0,1.760909090909091
1642917,Max Shulga,11,1,0.09090909090909091,1.5636363636363635,0.0,8.6,3.07
1630542,Marcus Bagley,10,4,0.4,22.2,18.8,47.5,25.15
1629617,Reggie Perry,10,0,0.0,20.04,18.25,41.1,18.2
1642260,Nikola Topic,10,2,0.2,13.080000000000002,8.05,38.8,15.844999999999999
1641645,Xavier Cooks,10,1,0.1,11.459999999999999,4.550000000000001,37.8,12.3
1629716,Marques Bolden,10,2,0.2,10.84,6.0,40.6,11.2
1642938,Curtis Jones,10,0,0.0,6.720000000000001,3.85,25.5,8.503
1642434,Riley Minix,10,0,0.0,5.81,3.2,19.7,6.25
1641735,Amari Bailey,10,0,0.0,4.93,1.75,29.5,6.2
1627885,Shaquille Harrison,9,0,0.0,19.233333333333334,18.0,49.2,16.0
1630273,Freddie Gillespie,9,0,0.0,11.411111111111111,10.8,19.6,12.666666666666666
1630199,Cassius Stanley,9,0,0.0,10.644444444444446,6.4,26.1,16.77777777777778
1628424,Kobi Simmons,9,0,0.0,10.18888888888889,6.9,24.2,10.11111111111111
1628778,Paul Watson,9,0,0.0,9.933333333333334,9.9,20.2,16.88888888888889
203086,Meyers Leonard,9,2,0.2222222222222222,9.477777777777778,4.4,27.9,12.11111111111111
1642400,Tristan Enaruna,9,0,0.0,8.477777777777778,5.7,31.1,9.231111111111112
1629712,Didi Louzada,9,0,0.0,7.7666666666666675,9.6,13.7,13.88888888888889
1631160,Jordan Hall,9,0,0.0,6.1,5.9,15.1,8.555555555555555
1642422,Armel Traore,9,0,0.0,5.388888888888889,3.9,16.0,7.199999999999999
1643024,Chris Manon,9,0,0.0,4.833333333333333,4.2,9.7,4.85
1631220,Dereon Seabron,9,0,0.0,4.1,2.0,14.1,5.222222222222222
1641803,Tristen Newton,9,0,0.0,3.3777777777777778,1.2,18.6,2.986666666666667
1642884,Vladislav Goldin,9,0,0.0,3.144444444444444,1.5,9.7,2.4866666666666664
1641749,Keyontae Johnson,9,0,0.0,3.111111111111111,2.7,8.6,6.777777777777778
1629098,Jack McVeigh,9,0,0.0,2.8333333333333335,3.2,6.9,4.572222222222222
1641754,Seth Lundy,9,0,0.0,2.3777777777777778,2.4,5.4,5.333333333333333
1641817,Anton Watson,9,0,0.0,1.7333333333333334,1.0,4.2,2.2777777777777777
1642380,Adama Bal,8,1,0.125,20.6875,18.5,31.700000000000003,29.94875
1629755,Hassani Gravett,8,0,0.0,14.275,13.75,26.5,20.75
1642368,N'Faly Dante,8,0,0.0,10.575,7.800000000000001,27.3,8.0525
1630562,Matthew Hurt,8,0,0.0,9.15,10.1,17.8,13.75
1642389,Zyon Pullin,8,0,0.0,5.0125,0.0,30.1,5.39
1630618,D.J. Carton,8,0,0.0,4.575,3.95,11.9,8.30375
203917,Nik Stauskas,8,0,0.0,2.95,2.0,9.9,4.25
1642280,Trentyn Flowers,8,0,0.0,2.5625,0.75,12.8,3.805
1641779,Jalen Bridges,8,0,0.0,1.225,1.1,3.2,3.5275000000000003
1643141,Jahmyl Telfort,8,0,0.0,1.0125,0.6,3.0,3.7525
1629658,Jaylen Hoard,7,0,0.0,36.32857142857143,41.5,60.7,33.714285714285715
1631351,Lucas Williamson,7,2,0.2857142857142857,24.514285714285716,22.7,44.1,31.74857142857143
1641970,Maozinha Pereira,7,1,0.14285714285714285,17.2,14.0,33.8,16.857142857142858
1642013,Malik Williams,7,2,0.2857142857142857,12.228571428571428,10.8,30.3,15.0
203516,James Ennis III,7,0,0.0,8.27142857142857,8.9,17.8,7.571428571428571
204038,Langston Galloway,7,0,0.0,7.228571428571429,4.7,14.6,14.714285714285714
1627746,Skal Labissiere,7,0,0.0,6.628571428571428,2.7,32.4,6.872857142857143
1630466,Gabriel Deck,7,0,0.0,4.814285714285714,3.2,10.2,7.285714285714286
1641793,D'Moi Hodge,7,0,0.0,3.7857142857142856,4.5,9.5,5.571428571428571
1641813,Mark Sears,7,0,0.0,3.3428571428571425,3.0,8.0,3.5500000000000003
1642951,Sean Pedulla,7,0,0.0,3.3000000000000003,2.7,11.7,4.257142857142857
1630216,Cassius Winston,7,0,0.0,3.242857142857143,3.0,8.0,5.0
1642279,Ulrich Chomche,7,0,0.0,2.6571428571428575,2.9,5.4,4.4157142857142855
1642282,Hunter Sallis,7,0,0.0,1.7428571428571427,1.0,6.0,3.514285714285714
1630555,Joel Ayayi,7,0,0.0,1.6571428571428573,1.5,4.7,2.4285714285714284
1630286,Trevon Scott,6,4,0.6666666666666666,22.53333333333333,25.05,31.1,30.223333333333333
1643253,Toby Okani,6,4,0.6666666666666666,18.7,21.2,24.9,35.90833333333334
1628391,D.J. Wilson,6,0,0.0,15.683333333333332,13.05,46.6,11.0
1631301,Jaylen Sims,6,0,0.0,11.866666666666665,12.649999999999999,18.2,18.44666666666667
1631386,Taze Moore,6,0,0.0,9.866666666666667,5.4,28.6,9.751666666666667
204020,Tyler Johnson,6,0,0.0,9.65,10.1,14.1,14.833333333333334
1642050,Jackson Rowe,6,0,0.0,8.700000000000001,7.45,15.0,8.44
1641815,Isaiah Stevens,6,0,0.0,7.833333333333333,4.75,17.9,7.833333333333333
1627820,Tyrone Wallace,6,0,0.0,6.3500000000000005,7.05,9.4,12.0
1641807,Norchad Omier,6,0,0.0,5.233333333333333,4.4,10.5,3.766666666666667
1642910,John Tonje,6,0,0.0,5.2,1.5,22.3,6.79
1630828,Alex Antetokounmpo,6,0,0.0,4.95,3.25,11.6,3.263333333333333
1641788,Alex Fudge,6,0,0.0,4.666666666666667,1.1,22.4,6.333333333333333
1630648,Jordan Schakel,6,0,0.0,4.016666666666667,1.7999999999999998,11.8,6.0
1630259,Jordan Ford,6,0,0.0,2.733333333333333,1.0,7.7,3.3333333333333335
1629751,Dakota Mathias,6,0,0.0,2.15,0.0,8.4,2.1666666666666665
1628990,Chandler Hutchison,6,0,0.0,1.5,1.6,2.7,3.3333333333333335
1630565,Aaron Henry,6,0,0.0,1.2,1.6,2.0,2.3333333333333335
1643158,Andersson Garcia,5,2,0.4,25.28,24.1,37.2,33.69
1629962,Devin Cannady,5,0,0.0,18.240000000000002,18.0,23.8,28.6
1629607,Jared Harper,5,0,0.0,14.680000000000001,14.7,27.7,8.2
1628221,Gabe York,5,0,0.0,13.819999999999999,11.7,21.5,15.0
1630602,Chaundee Brown,5,0,0.0,12.24,12.9,24.1,20.2
1629730,Rayjon Tucker,5,0,0.0,11.32,6.6,30.8,13.8
202688,Brandon Knight,5,0,0.0,10.52,4.4,30.1,12.4
1641851,Timmy Allen,5,0,0.0,10.18,9.7,19.8,24.8
1642911,Rocco Zikarsky,5,0,0.0,9.559999999999999,6.2,26.8,7.098000000000001
1630758,Aleem Ford,5,0,0.0,6.8,6.3,9.3,14.0
1630762,Phillip Wheeler,5,0,0.0,5.72,1.2,14.2,8.687999999999999
1630621,Hunter Dickinson,5,0,0.0,5.4,3.0,16.8,8.296
1643257,Jayson Kent,5,0,0.0,4.4,3.2,13.4,4.296
1631309,Trevor Hudgins,5,0,0.0,2.5,3.0,7.5,5.0
1641847,Andrew Funk,5,0,0.0,1.2,0.0,3.0,2.4
1642385,Cui Yongxi,5,0,0.0,1.08,0.0,4.4,1.8780000000000001
1630564,RaiQuan Gray,4,0,0.0,20.424999999999997,22.0,36.3,18.0
1642933,Keshon Gilbert,4,0,0.0,13.5,11.399999999999999,25.5,18.2675
1629035,Carsen Edwards,4,0,0.0,13.05,9.05,35.1,19.25
1642362,Payton Sandfort,4,0,0.0,12.25,8.0,30.8,15.700000000000001
1629168,BJ Johnson,4,0,0.0,11.75,12.9,18.8,15.75
1641761,Grant Nelson,4,0,0.0,11.425,9.2,27.3,8.5525
1630994,Gabriel Lundberg,4,0,0.0,10.975,7.7,29.5,10.75
1641926,Dexter Dennis,4,0,0.0,9.7,3.2,30.0,7.0
1629714,Jarrell Brantley,4,0,0.0,9.425,9.4,18.9,9.25
203487,Michael Carter-Williams,4,0,0.0,8.875,11.0,12.5,10.5
1630929,Henri Drell,4,0,0.0,7.199999999999999,3.7,20.9,7.0
1630620,Darius Days,4,0,0.0,6.675,6.550000000000001,13.6,5.75
1643047,CJ Huntley,4,0,0.0,6.0,1.75,19.3,9.959999999999999
1629662,Mfiondu Kabengele,4,0,0.0,5.75,4.0,14.8,8.5
1630589,Moses Wright,4,0,0.0,3.6500000000000004,2.85,8.9,3.25
1631457,Alex Morales,4,0,0.0,3.4,2.5,9.6,5.7375
1628994,George King,4,0,0.0,1.5,1.7000000000000002,2.6,4.25
1630605,JaQuori McLaughlin,4,0,0.0,0.75,0.75,1.5,2.0
1628476,Derrick Walton Jr.,3,0,0.0,28.166666666666668,28.5,35.2,35.666666666666664
1642955,Kadary Richmond,3,0,0.0,24.666666666666668,26.5,32.6,22.16
1642490,Josh Oduro,3,1,0.3333333333333333,18.866666666666664,15.5,27.9,27.02
1628982,Melvin Frazier Jr.,3,0,0.0,16.366666666666667,16.0,18.8,39.333333333333336
1628411,Wes Iwundu,3,0,0.0,13.200000000000001,13.4,19.2,27.0
1630787,Cameron McGriff,3,0,0.0,13.166666666666666,14.5,18.1,14.666666666666666
1629682,Tremont Waters,3,0,0.0,12.100000000000001,5.7,25.6,16.0
1627767,Cheick Diallo,3,0,0.0,9.133333333333335,5.0,18.8,9.333333333333334
1641936,Miles Norris,3,0,0.0,8.933333333333334,8.8,15.6,11.516666666666666
1629686,Deividas Sirvydis,3,0,0.0,7.900000000000001,3.6,17.1,8.333333333333334
1630187,Daniel Oturu,3,0,0.0,7.0,8.4,9.4,8.666666666666666
1629150,Emanuel Terry,3,0,0.0,6.333333333333333,5.199999999999999,9.0,5.666666666666667
1628591,Craig Sword,3,0,0.0,6.166666666666667,3.0,15.5,6.0
203658,Norvel Pelle,3,0,0.0,4.733333333333333,3.2,10.8,6.0
201954,Darren Collison,3,0,0.0,4.6000000000000005,4.0,5.9,12.0
1628416,Tyler Dorsey,3,0,0.0,3.8000000000000003,0.0,11.4,2.3333333333333335
1627782,Wayne Selden,3,0,0.0,2.566666666666667,0.0,7.7,5.666666666666667
1627760,Cat Barber,3,0,0.0,2.3666666666666667,2.7,3.9,3.6666666666666665
1629600,Jarron Cumberland,3,0,0.0,2.3666666666666667,0.0,7.1,3.6666666666666665
1630257,Jon Teske,3,0,0.0,2.3000000000000003,2.7,3.0,2.0
1628537,Jaylen Morris,3,0,0.0,2.1333333333333333,1.5,3.9,4.666666666666667
1630196,Filip Petrusev,3,0,0.0,1.4000000000000001,1.2,3.0,2.6666666666666665
1643133,Lawson Lovering,2,1,0.5,23.25,23.25,33.7,24.380000000000003
1628419,Cameron Oliver,2,0,0.0,20.35,20.35,22.3,21.0
1629635,Sekou Doumbouya,2,0,0.0,17.1,17.1,22.8,8.0
1641879,Yuri Collins,2,0,0.0,8.8,8.8,8.9,8.09
1630286,Tre Scott,2,0,0.0,7.2,7.2,14.4,5.0
1628238,Paris Bass,2,0,0.0,5.9,5.9,7.4,3.0
1629752,Juwan Morgan,2,0,0.0,5.65,5.65,11.3,15.0
1626144,Emmanuel Mudiay,2,0,0.0,5.5,5.5,8.0,5.0
1629203,Jemerrio Jones,2,0,0.0,5.300000000000001,5.300000000000001,6.2,7.0
1630640,MJ Walker,2,0,0.0,4.35,4.35,8.7,3.5
1629783,Shaq Buchanan,2,0,0.0,4.2,4.2,7.9,4.0
1628422,Damyean Dotson,2,0,0.0,3.95,3.95,6.7,10.0
1631495,Donovan Williams,2,0,0.0,3.2,3.2,5.2,1.5
1642935,Chucky Hepburn,2,0,0.0,3.1,3.1,4.2,6.37
1630306,Rob Edwards,2,0,0.0,2.8,2.8,5.6,5.0
1630575,Scottie Lewis,2,0,0.0,2.75,2.75,4.0,3.0
1630624,Feron Hunt,2,0,0.0,2.35,2.35,3.0,3.5
1631320,Chima Moneke,2,0,0.0,1.95,1.95,3.9,3.5
1642439,Quincy Olivari,2,0,0.0,1.75,1.75,2.0,5.09
1642855,Noa Essengue,2,0,0.0,1.5,1.5,3.0,2.8099999999999996
1630179,Tyrell Terry,2,0,0.0,1.0,1.0,2.0,1.0
1642399,Jesse Edwards,2,0,0.0,0.75,0.75,1.5,2.2
1629083,Arnoldas Kulboka,2,0,0.0,0.0,0.0,0.0,2.0
1629126,Deonte Burton,2,0,0.0,0.0,0.0,0.0,3.0
1630525,David Johnson,2,0,0.0,0.0,0.0,0.0,0.5
1631376,Dmytro Skapintsev,2,0,0.0,0.0,0.0,0.0,1.0
1628435,Chance Comanche,1,0,0.0,13.6,13.6,13.6,20.0
1643060,Hayden Gray,1,0,0.0,12.5,12.5,12.5,24.45
1641806,Markquis Nowell,1,0,0.0,10.4,10.4,10.4,3.0
1629005,Malik Newman,1,0,0.0,9.7,9.7,9.7,7.0
1631167,Izaiah Brockington,1,0,0.0,6.4,6.4,6.4,3.0
203816,Scotty Hopson,1,0,0.0,4.7,4.7,4.7,17.0
1628395,Jordan Bell,1,0,0.0,4.2,4.2,4.2,2.0
1629602,Javin DeLaurier,1,0,0.0,4.2,4.2,4.2,2.0
1626143,Jahlil Okafor,1,0,0.0,2.7,2.7,2.7,3.22
2207,Joe Johnson,1,0,0.0,2.0,2.0,2.0,1.0
1629760,Matt Mooney,1,0,0.0,2.0,2.0,2.0,1.0
1629958,Ahmad Caver,1,0,0.0,2.0,2.0,2.0,0.0
1629873,Jaysean Paige,1,0,0.0,1.7000000000000002,1.7000000000000002,1.7000000000000002,6.0
1629309,Trayvon Palmer,1,0,0.0,1.4,1.4,1.4,16.0
1629232,Kaiser Gates,1,0,0.0,1.2,1.2,1.2,7.0
1642468,Darius Brown,1,0,0.0,1.2,1.2,1.2,2.4
101139,CJ Miles,1,0,0.0,0.0,0.0,0.0,1.0
1626155,Sam Dekker,1,0,0.0,0.0,0.0,0.0,0.0
1629597,Zylan Cheatham,1,0,0.0,0.0,0.0,0.0,5.0
1629788,Tyler Hall,1,0,0.0,0.0,0.0,0.0,1.0
1630278,Ade Murkey,1,0,0.0,0.0,0.0,0.0,1.0
1630608,Malcolm Cazalon,1,0,0.0,0.0,0.0,0.0,2.0
1630622,Jalen Crutcher,1,0,0.0,0.0,0.0,0.0,2.0
1630693,Jaime Echenique,1,0,0.0,0.0,0.0,0.0,3.0
1630701,Michael Foster Jr.,1,0,0.0,0.0,0.0,0.0,1.0
