game_date,season_start,gameId,personId,player_name,playerteamName,opponentteamName,starter_label,primary_position,actual_numMinutes,fantasy_points,fantasy_points_roll_10,fantasy_points_z_5_vs_30
2023-12-08 20:00:00,2023,22301220,1629130,Duncan Robinson,Heat,Cavaliers,Starter,Forward,23.0,-3.5,25.74,0.8523837552400716
2024-01-03 22:00:00,2023,22300475,1629629,Cam Reddish,Lakers,Heat,Starter,Forward,18.0,-2.5,16.240000000000002,-0.010175664746487
2025-01-29 22:00:00,2024,22400673,1642366,Quinten Post,Warriors,Thunder,Starter,Center,8.08,-2.0,13.4375,0.6326778732733278
2023-12-13 21:00:00,2023,22300318,1641718,Keyonte George,Jazz,Knicks,Starter,Guard,3.0,-2.0,27.73,0.7318967987364045
2026-03-12 19:30:00,2025,22500957,1631172,Ousmane Dieng,Bucks,Heat,Starter,Forward,13.58,-1.0,18.04,0.7939899983592852
2022-11-07 21:45:00,2022,22200155,201580,JaVale McGee,Mavericks,Nets,Starter,Center,3.0,-1.0,12.6,-0.9460399046015336
2026-01-27 21:00:00,2025,22500669,1642962,Drake Powell,Nets,Suns,Starter,Forward,8.28,-1.0,11.62,0.0458487077896426
2024-12-19 20:00:00,2024,22400366,203110,Draymond Green,Warriors,Grizzlies,Starter,Forward,19.04,-1.0,29.630000000000003,-0.1410067595358358
2022-11-30 21:00:00,2022,22200320,201569,Eric Gordon,Rockets,Nuggets,Starter,Guard,18.0,-1.0,20.1,0.3885796372206143
2025-03-17 20:00:00,2024,22400987,1630530,Trey Murphy III,Pelicans,Pistons,Starter,Forward,0.49,-1.0,31.98,-0.9497350124933356
2023-02-13 19:00:00,2022,22200860,200782,P.J. Tucker,76ers,Rockets,Starter,Forward,6.0,-1.0,9.669999999999998,0.1861201764140211
2023-12-02 20:00:00,2023,22300284,1629312,Haywood Highsmith,Heat,Pacers,Starter,Forward,2.0,-1.0,16.500000000000004,0.2992460215034463
2024-12-19 19:30:00,2024,22400364,1630553,Keon Johnson,Nets,Raptors,Starter,Guard,8.11,-0.8,16.130000000000003,0.4500550150896161
2025-10-23 19:30:00,2025,22500005,1630543,Isaiah Jackson,Pacers,Thunder,Starter,Forward,8.29,-0.8,17.16,0.43002543031333
2022-12-02 19:00:00,2022,22200326,1630166,Deni Avdija,Wizards,Hornets,Starter,Forward,8.0,-0.8,26.75,0.5259471222506878
2025-11-30 15:00:00,2025,22500301,1641718,Keyonte George,Jazz,Rockets,Starter,Guard,19.08,-0.7999999999999998,40.67,0.9521880011647412
2025-02-05 19:30:00,2024,22400721,1629130,Duncan Robinson,Heat,76ers,Starter,Forward,20.14,-0.5,21.43,-0.0207587248733141
2025-04-03 19:30:00,2024,22401113,1626156,D'Angelo Russell,Nets,Timberwolves,Starter,Guard,12.37,-0.5,28.360000000000003,0.0609527904067753
2024-01-14 19:00:00,2023,22300552,1641748,Andre Jackson Jr.,Bucks,Kings,Starter,Guard,10.0,-0.5,9.14,0.8205884302270163
2022-12-10 20:00:00,2022,22200391,1627827,Dorian Finney-Smith,Mavericks,Bulls,Starter,Forward,20.0,-0.5,20.92,-0.2528346485586089
2023-11-22 19:00:00,2023,22300226,1641710,Anthony Black,Magic,Nuggets,Starter,Guard,15.0,-0.2999999999999998,14.08888888888889,0.042850504424625
2026-04-12 18:00:00,2025,22501190,1628969,Mikal Bridges,Knicks,Hornets,Starter,Forward,0.23,0.0,23.66,-0.0661349459788642
2024-01-01 20:00:00,2023,22300454,1629614,Andrew Nembhard,Pacers,Bucks,Starter,Forward,8.0,0.0,18.03,-0.2791767532472804
2023-04-04 19:00:00,2022,22201179,1626192,Pat Connaughton,Bucks,Wizards,Starter,Guard,5.0,0.0,16.619999999999997,-0.9285066372841644
2023-12-18 22:30:00,2023,22300359,1630579,Jericho Sims,Knicks,Lakers,Starter,Center,3.0,0.0,6.01,-0.1455205319879194
2026-03-01 18:00:00,2025,22500873,1631200,Kris Murray,Trail Blazers,Hawks,Starter,Forward,4.2,0.0,17.65,-0.2277548167460427
2024-11-08 19:30:00,2024,22400187,1630214,Xavier Tillman,Celtics,Nets,Starter,Forward,5.52,0.0,7.879999999999998,-0.7714243756219928
2024-01-26 20:00:00,2023,22300638,1630591,Jalen Suggs,Magic,Grizzlies,Starter,Guard,4.0,0.0,21.75,-0.5653360443697453
2025-12-01 19:30:00,2025,22500314,1628989,Kevin Huerter,Bulls,Magic,Starter,Forward,5.41,0.0,22.630000000000003,-1.086959465911981
2024-01-11 22:00:00,2023,22300531,1629629,Cam Reddish,Lakers,Suns,Starter,Forward,8.0,0.0,13.920000000000002,-0.3718935150168199
2022-11-21 19:00:00,2022,22200249,1629643,Chuma Okeke,Magic,Pacers,Starter,Forward,12.0,0.0,20.27,0.1189728649736921
2023-03-26 13:00:00,2022,22201113,203939,Dwight Powell,Mavericks,Hornets,Starter,Center,3.0,0.0,16.610000000000003,0.0856133892755393
2025-03-03 20:00:00,2024,22400878,1628991,Jaren Jackson Jr.,Grizzlies,Hawks,Starter,Center,1.39,0.0,38.82000000000001,-0.0106480641708711
2023-12-11 20:00:00,2023,22300300,1630245,Ayo Dosunmu,Bulls,Bucks,Starter,Guard,26.0,0.0,15.04,0.6364779753560632
2024-01-11 14:00:00,2023,22300527,1629622,Max Strus,Cavaliers,Nets,Starter,Forward,6.0,0.0,27.55,0.0309576261783508
2024-11-15 19:30:00,2024,22400015,1629629,Cam Reddish,Lakers,Spurs,Starter,Forward,18.58,0.0,10.94,0.9719367885425052
2025-04-13 13:00:00,2024,22401188,1628969,Mikal Bridges,Knicks,Nets,Starter,Forward,0.06,0.0,31.8,0.2198467620972855
2023-03-27 21:30:00,2022,22201126,200782,P.J. Tucker,76ers,Nuggets,Starter,Forward,22.0,0.0,10.93,0.5349939767705726
2024-04-14 15:30:00,2023,22301199,200782,P.J. Tucker,Clippers,Rockets,Starter,Forward,7.0,0.0,8.28,0.0335925502300937
2023-04-09 13:00:00,2022,22201217,1628969,Mikal Bridges,Nets,76ers,Starter,Forward,0.0,0.0,42.13,0.2936643961686501
2023-04-09 13:00:00,2022,22201217,1630531,Jaden Springer,76ers,Nets,Starter,Guard,2.0,0.0,7.979999999999999,0.283139275305198
2024-03-03 19:00:00,2023,22300876,1628973,Jalen Brunson,Knicks,Cavaliers,Starter,Guard,0.0,0.0,46.96,0.1118204095752353
2023-04-09 13:00:00,2022,22201223,1630181,R.J. Hampton,Pistons,Bulls,Starter,Guard,3.0,0.0,13.78,0.6122067017900248
2025-03-06 19:30:00,2024,22400901,1641764,Brandin Podziemski,Warriors,Nets,Starter,Guard,0.44,0.0,31.16,0.1360387322487124
2022-12-11 19:00:00,2022,22200401,203114,Khris Middleton,Bucks,Rockets,Starter,Forward,6.0,0.0,33.44,-0.8057686642099987
2024-11-30 19:00:00,2024,22400301,203501,Tim Hardaway Jr.,Pistons,76ers,Starter,Forward,20.34,0.0,14.169999999999998,-0.7115533365765082
2026-02-22 20:00:00,2025,22500826,1630166,Deni Avdija,Trail Blazers,Suns,Starter,Forward,0.59,0.0,37.88,-1.0185857527740254
2024-01-10 19:00:00,2023,22300518,1628989,Kevin Huerter,Kings,Hornets,Starter,Forward,0.0,0.0,14.4,-0.2271152839001645
2024-12-28 22:30:00,2024,22400435,1629216,Gabe Vincent,Lakers,Kings,Starter,Guard,6.55,0.1999999999999999,15.929999999999998,0.5085482886605245
2022-11-14 19:00:00,2022,22200199,203490,Otto Porter Jr.,Raptors,Pistons,Starter,Forward,12.0,0.1999999999999999,16.5,-0.4313483506076916
2024-02-04 15:30:00,2023,22300705,1641731,Bilal Coulibaly,Wizards,Suns,Starter,Guard,25.0,0.1999999999999999,18.87,0.324939072490081
2023-04-05 19:30:00,2022,22201193,203114,Khris Middleton,Bucks,Bulls,Starter,Forward,8.0,0.1999999999999999,35.67999999999999,0.5666977987189378
2024-03-17 19:00:00,2023,22300981,1630577,Julian Champagnie,Spurs,Nets,Starter,Forward,15.0,0.1999999999999999,16.669999999999998,0.2840472455424835
2024-03-05 20:30:00,2023,22300892,1641726,Dereck Lively II,Mavericks,Pacers,Starter,Center,15.0,0.1999999999999999,26.95,-0.2055801898698589
2025-03-10 20:00:00,2024,22400934,203484,Kentavious Caldwell-Pope,Magic,Rockets,Starter,Guard,21.15,0.1999999999999999,15.580000000000002,0.2928061227216895
2025-03-20 19:00:00,2024,22401011,1630592,Jalen Wilson,Nets,Pacers,Starter,Forward,19.15,0.1999999999999999,12.919999999999998,-0.4646894286629495
2022-10-22 20:00:00,2022,22200032,1630171,Isaac Okoro,Cavaliers,Bulls,Starter,Forward,26.0,0.2000000000000001,14.02,-0.9740920605460882
2022-11-30 19:00:00,2022,22200313,203914,Gary Harris,Magic,Hawks,Starter,Guard,16.0,0.3999999999999999,19.43,0.4595412743208506
2024-12-07 19:30:00,2024,22400343,1630579,Jericho Sims,Knicks,Pistons,Starter,Center,6.13,0.5,10.45,0.129945035431072
2024-12-26 19:30:00,2024,22400413,1631207,Dalen Terry,Bulls,Hawks,Starter,Forward,9.08,0.5,6.4,-0.164943883083998
2025-12-07 15:30:00,2025,22500358,1642266,Ja'Kobe Walter,Raptors,Celtics,Starter,Guard,11.53,0.5,18.49,0.0163233585685819
2023-02-15 20:00:00,2022,22200879,1629012,Collin Sexton,Jazz,Grizzlies,Starter,Guard,3.0,0.5,23.55,0.7452514109033882
2025-10-24 19:30:00,2025,22500091,1642879,Ben Saraf,Nets,Cavaliers,Starter,Guard,18.28,0.5,22.4,
2022-11-17 22:00:00,2022,22200221,1628410,Edmond Sumner,Nets,Trail Blazers,Starter,Guard,5.0,0.5,18.24,0.7714423169786205
2025-03-15 20:00:00,2024,22400971,1629130,Duncan Robinson,Heat,Grizzlies,Starter,Forward,13.18,0.5,21.85,-0.0199553042231262
2025-12-27 19:00:00,2025,22500434,1631121,Bryce McGowens,Pelicans,Suns,Starter,Guard,23.36,0.5,19.67,0.5813345950442618
2025-03-21 20:00:00,2024,22401016,204060,Joe Ingles,Timberwolves,Pelicans,Starter,Forward,6.1,0.5,4.43,-0.3410398429469874
2026-01-31 19:00:00,2025,22500698,1642277,Johnny Furphy,Pacers,Hawks,Starter,Guard,12.55,0.8999999999999999,19.18,0.5868828076931857
2025-10-29 19:30:00,2025,22500130,1642879,Ben Saraf,Nets,Hawks,Starter,Guard,12.26,0.8999999999999999,12.575,0.0
2024-12-14 16:30:00,2024,22401229,1642258,Zaccharie Risacher,Hawks,Bucks,Starter,Forward,16.5,1.0,17.55,-0.3646597511366436
2025-04-04 22:30:00,2024,22401127,202691,Klay Thompson,Mavericks,Clippers,Starter,Guard,12.31,1.0,22.03,-0.388715409338401
2023-01-25 19:00:00,2022,22200720,1630174,Aaron Nesmith,Pacers,Magic,Starter,Forward,13.0,1.0,18.53,-0.7360531324833677
2025-10-22 20:00:00,2025,22500084,1629130,Duncan Robinson,Pistons,Bulls,Starter,Forward,32.22,1.0,16.589999999999996,0.2045613413333696
2026-01-20 20:00:00,2025,22500614,1630171,Isaac Okoro,Bulls,Clippers,Starter,Forward,14.56,1.0,20.0,0.5116335616552147
2025-10-27 20:00:00,2025,22500115,1642258,Zaccharie Risacher,Hawks,Bulls,Starter,Forward,20.19,1.0,23.35,-0.0876911346232282
2025-03-01 20:00:00,2024,22400862,1627734,Domantas Sabonis,Kings,Rockets,Starter,Center,1.16,1.0,40.25,-0.5599313663593487
2024-11-12 19:00:00,2024,22400003,1630182,Josh Green,Hornets,Magic,Starter,Guard,28.39,1.0999999999999996,10.84,-0.7982626479701282
2023-02-01 20:00:00,2022,22200775,1631110,Jeremy Sochan,Spurs,Kings,Starter,Forward,6.0,1.2,26.54,0.7157812337289456
2023-02-11 18:00:00,2022,22200846,1629001,De'Anthony Melton,76ers,Nets,Starter,Guard,14.0,1.2,22.8,-0.6128957741214608
2025-11-26 17:00:00,2025,22500060,1630568,Luka Garza,Celtics,Pistons,Starter,Center,11.2,1.2,15.43,0.7438568885596925
2025-01-18 20:30:00,2024,22400589,203110,Draymond Green,Warriors,Wizards,Starter,Forward,3.0,1.2,27.85,-0.0539234724191801
2025-11-07 20:00:00,2025,22500034,1629655,Daniel Gafford,Mavericks,Grizzlies,Starter,Center,12.23,1.2,24.49,-0.0897713999750318
2024-01-26 19:00:00,2023,22300635,201145,Jeff Green,Rockets,Hornets,Starter,Forward,17.0,1.2,12.81,0.2054903568661043
2026-01-03 20:30:00,2025,22500491,1630578,Alperen Sengun,Rockets,Mavericks,Starter,Center,1.04,1.2,51.0,-0.6154727601891287
2025-11-24 20:00:00,2025,22500288,1630579,Jericho Sims,Bucks,Trail Blazers,Starter,Center,10.56,1.2,6.7700000000000005,0.3482304265130027
2023-01-26 22:00:00,2022,22200734,1629029,Luka Doncic,Mavericks,Suns,Starter,Forward,3.0,1.2,55.260000000000005,-0.5146806802519155
2023-12-19 22:00:00,2023,22300363,1631101,Shaedon Sharpe,Trail Blazers,Suns,Starter,Guard,8.0,1.2,32.71,-0.5773371173828423
2023-11-26 15:30:00,2023,22300245,1641748,Andre Jackson Jr.,Bucks,Trail Blazers,Starter,Guard,11.0,1.2,4.95,-0.1570427376754016
2024-11-18 20:00:00,2024,22400248,1641748,Andre Jackson Jr.,Bucks,Rockets,Starter,Guard,4.51,1.2,12.56,0.393286966141999
2025-11-26 19:30:00,2025,22500063,1642867,Collin Murray-Boyles,Raptors,Pacers,Starter,Forward,7.41,1.2,14.4,-0.4421513703962038
2026-04-08 22:00:00,2025,22501164,1630224,Jalen Green,Suns,Mavericks,Starter,Guard,3.5,1.2,33.13,0.2433443723591325
2025-03-21 20:30:00,2024,22401019,203501,Tim Hardaway Jr.,Pistons,Mavericks,Starter,Forward,7.52,1.2,18.43,-0.263787898706996
2024-12-23 19:00:00,2024,22400394,203084,Harrison Barnes,Spurs,76ers,Starter,Forward,20.18,1.2,15.57,-0.2264824846520141
2026-01-01 22:00:00,2025,22500474,1641775,Jordan Walsh,Celtics,Kings,Starter,Guard,5.06,1.2,21.26,-0.528492504572593
2024-02-10 15:30:00,2023,22300749,203488,Mike Muscala,Pistons,Clippers,Starter,Center,9.0,1.2,10.0,-0.3184663069919205
2026-01-23 19:30:00,2025,22500638,1642875,Maxime Raynaud,Kings,Cavaliers,Starter,Center,9.11,1.2,20.66,-0.4153234538183372
2023-03-07 19:30:00,2022,22200980,200782,P.J. Tucker,76ers,Timberwolves,Starter,Forward,21.0,1.2,11.81,0.555455876529212
2024-01-13 21:30:00,2023,22300549,1629629,Cam Reddish,Lakers,Jazz,Starter,Forward,11.0,1.2,12.23,-0.5995255901093791
2025-12-01 22:00:00,2025,22500317,1629060,Rui Hachimura,Lakers,Suns,Starter,Forward,22.59,1.2,19.4,-0.5682938729963989
2022-10-23 20:30:00,2022,22200042,1629644,KZ Okpala,Kings,Warriors,Starter,Forward,3.0,1.2,11.08,0.2442275187944381
2023-12-16 20:00:00,2023,22300338,1627741,Buddy Hield,Pacers,Timberwolves,Starter,Guard,18.0,1.2000000000000002,24.25,-0.2497730633051574
2022-11-04 19:00:00,2022,22200121,1630188,Jalen Smith,Pacers,Heat,Starter,Center,11.0,1.2000000000000002,26.91,-0.1464362853453192
2024-03-24 18:00:00,2023,22301029,1630171,Isaac Okoro,Cavaliers,Heat,Starter,Forward,19.0,1.2000000000000002,22.13,-0.6937315200957916
2024-04-04 19:30:00,2023,22301112,203084,Harrison Barnes,Kings,Knicks,Starter,Forward,14.0,1.2000000000000002,19.74,0.0898679340528299
2024-03-19 19:00:00,2023,22300992,1628415,Dillon Brooks,Rockets,Wizards,Starter,Forward,23.0,1.2000000000000002,18.21,-0.4227511200602677
2025-11-15 20:00:00,2025,22500231,1628398,Kyle Kuzma,Bucks,Lakers,Starter,Forward,19.35,1.2000000000000002,26.43,0.782502030944964
2024-12-04 20:00:00,2024,22400323,1641748,Andre Jackson Jr.,Bucks,Hawks,Starter,Guard,11.12,1.2000000000000002,12.17,0.9189359362644792
2023-03-26 20:30:00,2022,22201121,1630183,Jaden McDaniels,Timberwolves,Warriors,Starter,Forward,9.0,1.2000000000000002,27.540000000000003,0.8035376077194196
2023-10-25 21:30:00,2023,22300073,1627884,Derrick Jones Jr.,Mavericks,Spurs,Starter,Forward,11.0,1.2000000000000002,12.77,0.239661381809789
2025-03-09 19:30:00,2024,22400924,1627824,Guerschon Yabusele,76ers,Jazz,Starter,Forward,11.39,1.4,19.54,-0.5254403620656756
2024-03-08 19:30:00,2023,22300912,1641710,Anthony Black,Magic,Knicks,Starter,Guard,22.0,1.4,11.27,0.4067148512010696
2024-12-04 19:30:00,2024,22400320,1631245,Quenton Jackson,Pacers,Nets,Starter,Guard,7.53,1.4,17.47,0.4555274740595709
2026-01-19 14:30:00,2025,22500015,1629731,Dean Wade,Cavaliers,Thunder,Starter,Center,16.3,1.4,15.95,-0.3349397533667044
2025-04-09 19:00:00,2024,22401156,203484,Kentavious Caldwell-Pope,Magic,Celtics,Starter,Guard,7.14,1.4,20.270000000000003,0.7139646771867791
2024-03-05 20:00:00,2023,22300891,1630577,Julian Champagnie,Spurs,Rockets,Starter,Forward,10.0,1.4,15.62,0.6243195962833641
2025-04-13 15:30:00,2024,22401195,1630531,Jaden Springer,Jazz,Timberwolves,Starter,Guard,6.08,1.4,12.1,0.6783352322480675
2024-01-19 19:00:00,2023,22300585,1631216,Caleb Houstan,Magic,76ers,Starter,Guard,15.0,1.4,15.43,0.4147257479397256
2023-12-30 17:00:00,2023,22300439,1630181,R.J. Hampton,Heat,Jazz,Starter,Guard,8.0,1.4,10.920000000000002,-0.591028062566197
2026-01-28 21:00:00,2025,22500678,1629004,Svi Mykhailiuk,Jazz,Warriors,Starter,Forward,15.53,1.4000000000000004,13.38,-0.2425631087508578
2023-01-10 21:00:00,2022,22200614,1628386,Jarrett Allen,Cavaliers,Jazz,Starter,Center,6.0,1.5,33.56,-0.0982165290480696
2022-11-11 19:30:00,2022,22200178,202709,Cory Joseph,Pistons,Knicks,Starter,Guard,5.0,1.5,9.419999999999998,-1.2379957832463988
2025-01-01 22:00:00,2024,22400462,200768,Kyle Lowry,76ers,Kings,Starter,Guard,17.21,1.5,8.68,-0.4806802924065674
2022-12-27 20:30:00,2022,22200512,1629628,RJ Barrett,Knicks,Mavericks,Starter,Forward,1.0,1.5,37.24,0.4952493428202235
2024-02-27 20:00:00,2023,22300838,1631110,Jeremy Sochan,Spurs,Timberwolves,Starter,Forward,15.0,1.5,25.29,0.1184602226749192
2023-12-08 20:00:00,2023,22301221,1630162,Anthony Edwards,Timberwolves,Grizzlies,Starter,Guard,3.0,1.5,44.620000000000005,-0.0370834629211346
2023-02-09 22:00:00,2022,22200834,1631108,Max Christie,Lakers,Bucks,Starter,Guard,12.0,1.5,9.19,0.0356521823051957
2024-01-05 21:00:00,2023,22300488,1641710,Anthony Black,Magic,Nuggets,Starter,Guard,4.0,1.5,16.18,-0.1811615020673883
2022-11-09 19:30:00,2022,22200164,1629629,Cam Reddish,Knicks,Nets,Starter,Forward,17.0,1.5,13.660000000000002,0.0301229888025335
2023-11-26 18:00:00,2023,22300249,1631367,Jacob Gilyard,Grizzlies,Timberwolves,Starter,Guard,16.0,1.5,13.444444444444445,0.1067582743138141
2022-11-01 20:00:00,2022,22200105,203082,Terrence Ross,Magic,Thunder,Starter,Forward,3.0,1.5,18.04,0.666277009301605
2026-01-17 22:00:00,2025,22500601,1629216,Gabe Vincent,Lakers,Trail Blazers,Starter,Guard,22.52,1.5,10.15,-0.0700772582262168
2025-04-13 13:00:00,2024,22401189,1628386,Jarrett Allen,Cavaliers,Pacers,Starter,Center,0.41,1.5,30.360000000000003,-0.5268875564015106
2025-11-11 23:00:00,2025,22500212,203471,Dennis Schroder,Kings,Nuggets,Starter,Guard,20.5,1.5,29.07,0.3210776363684596
2025-11-17 20:00:00,2025,22500246,1631108,Max Christie,Mavericks,Timberwolves,Starter,Guard,18.45,1.5,26.55,1.073752167303221
2022-11-04 22:00:00,2022,22200130,1629661,Cameron Johnson,Suns,Trail Blazers,Starter,Forward,5.0,1.5,25.910000000000004,0.5222577928149527
2025-11-05 19:00:00,2025,22500173,1630560,Cam Thomas,Nets,Pacers,Starter,Guard,5.35,1.5,31.5,-0.2472859101277837
2023-01-28 20:00:00,2022,22200747,202685,Jonas Valanciunas,Pelicans,Wizards,Starter,Center,8.0,1.5999999999999996,34.89,-0.0260859239989892
2024-04-07 17:00:00,2023,22301133,1629130,Duncan Robinson,Heat,Pacers,Starter,Forward,12.0,1.5999999999999996,18.66,-0.7980039481710228
2025-10-30 20:00:00,2025,22500139,1642366,Quinten Post,Warriors,Bucks,Starter,Center,9.39,1.5999999999999996,9.28,-0.518210892445661
2025-12-18 20:00:00,2025,22500369,1629652,Luguentz Dort,Thunder,Clippers,Starter,Guard,18.04,1.7000000000000002,17.449999999999996,-0.2621484102718011
2024-03-18 20:00:00,2023,22300986,1641739,Toumani Camara,Trail Blazers,Bulls,Starter,Forward,14.0,1.7000000000000002,21.58,0.5890587672198503
2024-02-04 15:00:00,2023,22300704,1628995,Kevin Knox II,Pistons,Magic,Starter,Forward,13.0,1.7000000000000002,11.36,-0.4131350679018852
2024-03-04 21:00:00,2023,22300882,1641718,Keyonte George,Jazz,Wizards,Starter,Guard,5.0,1.7000000000000002,28.880000000000003,0.5609021217425698
2023-02-01 19:00:00,2022,22200771,203994,Jusuf Nurkic,Trail Blazers,Grizzlies,Starter,Center,2.0,1.7000000000000002,30.12,-0.6638801307564732
2024-03-27 19:30:00,2023,22301053,1630534,Ochai Agbaji,Raptors,Knicks,Starter,Guard,5.0,1.7000000000000002,19.91,1.5159305342302292
2025-01-06 19:30:00,2024,22400496,1631216,Caleb Houstan,Magic,Knicks,Starter,Guard,15.59,1.7000000000000002,8.18,1.3737986966449152
2022-12-28 19:30:00,2022,22200518,1629022,Lonnie Walker IV,Lakers,Heat,Starter,Forward,20.0,1.9,19.7,-0.0332594881241771
2023-11-15 19:30:00,2023,22300195,1641748,Andre Jackson Jr.,Bucks,Raptors,Starter,Guard,16.0,1.9,6.033333333333334,-0.1138372296704053
2025-01-30 22:00:00,2024,22400678,1641710,Anthony Black,Magic,Trail Blazers,Starter,Guard,18.5,1.9,24.07,0.5816447171987006
2022-12-14 19:00:00,2022,22200415,203110,Draymond Green,Warriors,Pacers,Starter,Forward,27.0,1.9000000000000004,29.399999999999995,-0.4126314444075933
2023-12-29 19:30:00,2023,22300431,203084,Harrison Barnes,Kings,Hawks,Starter,Forward,11.0,2.0,18.97,0.0525941187540947
2025-03-13 20:00:00,2024,22401141,1628971,Bruce Brown,Pelicans,Magic,Starter,Forward,14.27,2.0,16.43,0.0286905057555052
2024-11-25 19:00:00,2024,22400277,203914,Gary Harris,Magic,Hornets,Starter,Guard,6.51,2.0,8.66,-0.1825762383454456
2025-03-14 20:00:00,2024,22400961,203957,Dante Exum,Mavericks,Rockets,Starter,Guard,6.39,2.0,15.26,-0.112498091735902
2023-10-29 19:30:00,2023,22300098,1629680,Matisse Thybulle,Trail Blazers,76ers,Starter,Forward,10.0,2.0,14.79,-0.1664029103295401
2025-12-05 20:00:00,2025,22500348,1631260,AJ Green,Bucks,76ers,Starter,Guard,15.12,2.0,23.57,1.609277212777124
2024-11-17 15:30:00,2024,22400234,1642346,Ryan Dunn,Suns,Timberwolves,Starter,Forward,18.29,2.0,15.02,0.3880686115604687
2026-03-05 20:00:00,2025,22500904,1641709,Ausar Thompson,Pistons,Spurs,Starter,Forward,2.06,2.0,30.72,0.7980579618581488
2024-04-07 19:30:00,2023,22301141,203084,Harrison Barnes,Kings,Nets,Starter,Forward,11.0,2.0,17.240000000000002,-0.0976141045074723
2026-03-18 19:30:00,2025,22501000,1642962,Drake Powell,Nets,Thunder,Starter,Forward,16.22,2.0,10.35,0.1923583776239484
2026-04-01 20:00:00,2025,22501110,1629018,Gary Trent Jr.,Bucks,Rockets,Starter,Guard,7.28,2.0,15.53,1.3501132645041054
2026-02-23 21:30:00,2025,22500830,1642262,Cody Williams,Jazz,Rockets,Starter,Forward,14.11,2.0,18.55,-0.0620595569310982
2023-01-15 21:30:00,2022,22200655,200782,P.J. Tucker,76ers,Lakers,Starter,Forward,24.0,2.0,9.12,0.0158783730299362
2022-11-30 19:00:00,2022,22200313,1629631,De'Andre Hunter,Hawks,Magic,Starter,Forward,7.0,2.0,23.73,0.4432992389851837
2025-01-17 20:00:00,2024,22400579,1629312,Haywood Highsmith,Heat,Nuggets,Starter,Forward,13.21,2.0,21.81,0.7397845943107895
2025-01-12 18:00:00,2024,22400544,1641783,Tristan da Silva,Magic,76ers,Starter,Forward,1.01,2.0,23.52,0.7534427812565602
2022-12-25 22:30:00,2022,22200497,1626164,Devin Booker,Suns,Nuggets,Starter,Guard,4.0,2.0,44.27,-0.6614997240063695
2026-03-01 15:30:00,2025,22500871,1631124,Julian Strawther,Nuggets,Timberwolves,Starter,Guard,16.56,2.0,21.84,0.6553870606477087
2022-12-07 19:30:00,2022,22200365,1627749,Dejounte Murray,Hawks,Knicks,Starter,Guard,3.0,2.0,36.97,-0.3957865845747993
2024-01-11 14:00:00,2023,22300527,1627827,Dorian Finney-Smith,Nets,Cavaliers,Starter,Forward,14.0,2.0,18.73,-0.2527763554658055
2025-12-29 19:30:00,2025,22500449,1642366,Quinten Post,Warriors,Nets,Starter,Center,4.52,2.0,23.4,0.1146425700291346
2024-01-02 22:00:00,2023,22300463,1641710,Anthony Black,Magic,Warriors,Starter,Guard,13.0,2.0,18.54,0.6774229043560114
2024-11-22 19:30:00,2024,22400032,1630322,Lindy Waters III,Warriors,Pelicans,Starter,Forward,15.1,2.0,12.81,0.195406164663004
2024-01-29 20:30:00,2023,22300666,1628371,Jonathan Isaac,Magic,Mavericks,Starter,Forward,7.0,2.0,15.71,-0.190310100367436
2024-02-03 20:30:00,2023,22300702,201577,Robin Lopez,Bucks,Mavericks,Starter,Center,4.0,2.0,1.91,-0.4854532915022078
2022-12-31 20:00:00,2022,22200544,1631093,Jaden Ivey,Pistons,Timberwolves,Starter,Guard,19.0,2.1999999999999997,26.7,-0.0024406971882785
2025-03-04 22:00:00,2024,22400889,1629626,Bol Bol,Suns,Clippers,Starter,Center,9.05,2.2,29.090000000000003,0.9910722806418376
2023-03-08 19:30:00,2022,22200988,1630182,Josh Green,Mavericks,Pelicans,Starter,Guard,23.0,2.2,16.27,-0.6140173260994235
2025-11-08 21:00:00,2025,22500189,1629618,Jalen Pickett,Nuggets,Pacers,Starter,Guard,17.32,2.2,13.52,-0.5530970036840296
2023-02-06 19:30:00,2022,22200810,202694,Marcus Morris Sr.,Clippers,Nets,Starter,Forward,17.0,2.2,21.08,-0.0183332438161665
2024-03-19 19:00:00,2023,22300991,203914,Gary Harris,Magic,Hornets,Starter,Guard,16.0,2.2,15.61,-0.3092618235470366
2023-01-09 21:00:00,2022,22200609,201976,Patrick Beverley,Lakers,Nuggets,Starter,Guard,12.0,2.2,20.7,0.0327387852231357
2026-01-29 21:00:00,2025,22500684,1642461,Spencer Jones,Nuggets,Nets,Starter,Forward,15.14,2.2,15.69,0.0945798149939131
2024-01-06 20:00:00,2023,22300496,1627736,Malik Beasley,Bucks,Rockets,Starter,Guard,16.0,2.2,17.389999999999997,-0.5560061752074145
2023-02-13 19:30:00,2022,22200862,1629628,RJ Barrett,Knicks,Nets,Starter,Forward,24.0,2.2,29.809999999999995,-0.1909189836270904
2025-02-03 21:00:00,2024,22400707,1629012,Collin Sexton,Jazz,Pacers,Starter,Guard,2.44,2.2,32.93,0.3045077420532704
2024-02-12 19:30:00,2023,22300764,1630577,Julian Champagnie,Spurs,Raptors,Starter,Forward,10.0,2.2,14.6,0.500316412703628
2025-01-25 21:00:00,2024,22400645,1642346,Ryan Dunn,Suns,Wizards,Starter,Forward,1.49,2.2,20.47,0.4849891007517247
2024-12-30 19:00:00,2024,22400442,1641763,Julian Phillips,Bulls,Hornets,Starter,Forward,11.0,2.2,10.03,-0.1665674872530848
2022-12-03 16:00:00,2022,22200338,202704,Reggie Jackson,Clippers,Kings,Starter,Guard,23.0,2.2,27.76,0.3716307306483355
2023-01-12 19:00:00,2022,22200626,200782,P.J. Tucker,76ers,Thunder,Starter,Forward,21.0,2.4,11.07,0.1117051502104875
2023-12-14 19:30:00,2023,22300320,1631115,Orlando Robinson,Heat,Bulls,Starter,Center,14.0,2.4,19.78,1.0860783415360138
2025-11-08 19:30:00,2025,22500184,1630534,Ochai Agbaji,Raptors,76ers,Starter,Guard,15.04,2.4,14.05,-1.027192236545224
2023-12-16 21:00:00,2023,22300341,1641726,Dereck Lively II,Mavericks,Trail Blazers,Starter,Center,5.0,2.4,29.71,0.2082442678436541
2025-01-08 21:30:00,2024,22400516,1641748,Andre Jackson Jr.,Bucks,Spurs,Starter,Guard,11.27,2.4,12.77,-0.1182230917679186
2026-01-12 22:30:00,2025,22500563,1627739,Kris Dunn,Clippers,Hornets,Starter,Guard,20.33,2.4,20.28,0.0852479647097996
2025-12-31 15:00:00,2025,22500464,1642277,Johnny Furphy,Pacers,Magic,Starter,Guard,5.15,2.4,11.92,0.6769273305823731
2022-12-15 20:00:00,2022,22200424,2617,Udonis Haslem,Heat,Rockets,Starter,Forward,12.0,2.4,4.99,-0.0355838734522687
2026-03-21 21:30:00,2025,22501030,1631230,Dominick Barlow,76ers,Jazz,Starter,Forward,3.41,2.4,19.08,0.6106218254710108
2026-03-05 22:00:00,2025,22500906,1629028,Deandre Ayton,Lakers,Nuggets,Starter,Center,4.3,2.4,22.64,-0.0820929950588145
