feature_set,model,config_name,segment,segment_value,rows,mae,rmse,mean_error,target_mean,prediction_mean
pre_lineup_compact_40_plus_scoring,hist_gradient_boosting,fast_learning_fewer_trees,starter_label,Bench,13932,6.929369198826685,8.721051313610769,-1.068172606052646,13.49198966408269,14.560162270135335
pre_lineup_compact_40_plus_scoring,hist_gradient_boosting,fast_learning_fewer_trees,starter_label,Starter,12230,8.76316395172621,11.19638614373125,1.3114581973639465,31.098413736713,29.78695553934906
pre_lineup_compact_40_plus_scoring,hist_gradient_boosting,fast_learning_more_regularized,starter_label,Bench,13932,6.9306782000299565,8.724529533156204,-1.0786403542667022,13.49198966408269,14.570630018349389
pre_lineup_compact_40_plus_scoring,hist_gradient_boosting,fast_learning_more_regularized,starter_label,Starter,12230,8.774378541154041,11.210770282449463,1.2955347200937055,31.098413736713,29.802879016619293
pre_lineup_compact_40_plus_scoring,hist_gradient_boosting,high_l2,starter_label,Bench,13932,6.9270097942579785,8.71618883269317,-1.0734820137035317,13.49198966408269,14.565471677786219
pre_lineup_compact_40_plus_scoring,hist_gradient_boosting,high_l2,starter_label,Starter,12230,8.754388185037824,11.183374799318035,1.3346629157543999,31.098413736713,29.763750820958602
pre_lineup_compact_40_plus_scoring,hist_gradient_boosting,large_leaf,starter_label,Bench,13932,6.9209296720456335,8.70801165066011,-1.0651812406162782,13.49198966408269,14.557170904698966
pre_lineup_compact_40_plus_scoring,hist_gradient_boosting,large_leaf,starter_label,Starter,12230,8.741634455208933,11.169423811006336,1.311897541911128,31.098413736713,29.786516194801873
pre_lineup_compact_40_plus_scoring,hist_gradient_boosting,large_trees,starter_label,Bench,13932,6.928762320477112,8.716497803100134,-1.0835491788981488,13.49198966408269,14.575538842980837
pre_lineup_compact_40_plus_scoring,hist_gradient_boosting,large_trees,starter_label,Starter,12230,8.765876345252806,11.195445573153442,1.3632852310243728,31.098413736713,29.735128505688632
pre_lineup_compact_40_plus_scoring,hist_gradient_boosting,large_trees_high_leaf_min,starter_label,Bench,13932,6.931958036386569,8.713786921862127,-1.0787738635318047,13.49198966408269,14.570763527614492
pre_lineup_compact_40_plus_scoring,hist_gradient_boosting,large_trees_high_leaf_min,starter_label,Starter,12230,8.75449032105022,11.182778490970078,1.3638776381747324,31.098413736713,29.73453609853827
pre_lineup_compact_40_plus_scoring,hist_gradient_boosting,large_trees_more_l2,starter_label,Bench,13932,6.929806149402973,8.724803078227776,-1.07044856621964,13.49198966408269,14.562438230302329
pre_lineup_compact_40_plus_scoring,hist_gradient_boosting,large_trees_more_l2,starter_label,Starter,12230,8.77634338452006,11.211782566287608,1.3496237582303063,31.098413736713,29.748789978482698
pre_lineup_compact_40_plus_scoring,hist_gradient_boosting,low_l2,starter_label,Bench,13932,6.928130899378291,8.713255094113817,-1.079045945319828,13.49198966408269,14.571035609402514
pre_lineup_compact_40_plus_scoring,hist_gradient_boosting,low_l2,starter_label,Starter,12230,8.754032458568757,11.178602721142484,1.3201000656401358,31.098413736713,29.778313671072866
pre_lineup_compact_40_plus_scoring,hist_gradient_boosting,medium_l2,starter_label,Bench,13932,6.924908880171618,8.709721068214678,-1.065440615243569,13.49198966408269,14.557430279326256
pre_lineup_compact_40_plus_scoring,hist_gradient_boosting,medium_l2,starter_label,Starter,12230,8.753486705163787,11.18159364587966,1.3483140133874731,31.098413736713,29.750099723325526
pre_lineup_compact_40_plus_scoring,hist_gradient_boosting,medium_leaf,starter_label,Bench,13932,6.92859189457076,8.708859954279047,-1.0883103371821399,13.49198966408269,14.580300001264828
pre_lineup_compact_40_plus_scoring,hist_gradient_boosting,medium_leaf,starter_label,Starter,12230,8.74614241935943,11.168304795385495,1.3474122364971148,31.098413736713,29.751001500215885
pre_lineup_compact_40_plus_scoring,hist_gradient_boosting,no_early_stop_fast_regularized,starter_label,Bench,13932,6.927066135859342,8.719507855725627,-1.0643182517634573,13.49198966408269,14.556307915846144
pre_lineup_compact_40_plus_scoring,hist_gradient_boosting,no_early_stop_fast_regularized,starter_label,Starter,12230,8.763285173187926,11.191076148842821,1.2949044430222705,31.098413736713,29.80350929369073
pre_lineup_compact_40_plus_scoring,hist_gradient_boosting,no_early_stop_more_trees,starter_label,Bench,13932,6.918381651377331,8.70603003835182,-1.0755905663676026,13.49198966408269,14.567580230450291
pre_lineup_compact_40_plus_scoring,hist_gradient_boosting,no_early_stop_more_trees,starter_label,Starter,12230,8.740051478109107,11.16767108000116,1.2881176773419547,31.098413736713,29.810296059371048
pre_lineup_compact_40_plus_scoring,hist_gradient_boosting,no_early_stop_small_trees,starter_label,Bench,13932,6.930310004940664,8.716046250573607,-1.0747584018402112,13.49198966408269,14.566748065922901
pre_lineup_compact_40_plus_scoring,hist_gradient_boosting,no_early_stop_small_trees,starter_label,Starter,12230,8.743610425071125,11.16565659545266,1.2782378465754998,31.098413736713,29.820175890137502
pre_lineup_compact_40_plus_scoring,hist_gradient_boosting,no_internal_early_stop_reference,starter_label,Bench,13932,6.921909091326157,8.70744044228415,-1.069452702870801,13.49198966408269,14.561442366953488
pre_lineup_compact_40_plus_scoring,hist_gradient_boosting,no_internal_early_stop_reference,starter_label,Starter,12230,8.743295038211283,11.17381832793,1.2894562482030163,31.098413736713,29.80895748850998
pre_lineup_compact_40_plus_scoring,hist_gradient_boosting,reference_current_hgb,starter_label,Bench,13932,6.925282885072935,8.71537544187092,-1.0697952494932685,13.49198966408269,14.561784913575954
pre_lineup_compact_40_plus_scoring,hist_gradient_boosting,reference_current_hgb,starter_label,Starter,12230,8.757449555485609,11.187530286825329,1.3168698557334773,31.098413736713,29.78154388097952
pre_lineup_compact_40_plus_scoring,hist_gradient_boosting,slower_learning_more_trees,starter_label,Bench,13932,6.921668232528218,8.708589198336984,-1.072202723027872,13.49198966408269,14.564192387110559
pre_lineup_compact_40_plus_scoring,hist_gradient_boosting,slower_learning_more_trees,starter_label,Starter,12230,8.751086207186152,11.177677709657603,1.3164336469406286,31.098413736713,29.78198008977237
pre_lineup_compact_40_plus_scoring,hist_gradient_boosting,slower_learning_more_trees_l2_03,starter_label,Bench,13932,6.927633259373467,8.710301116635144,-1.077213821393656,13.49198966408269,14.569203485476343
pre_lineup_compact_40_plus_scoring,hist_gradient_boosting,slower_learning_more_trees_l2_03,starter_label,Starter,12230,8.745845206830719,11.172805643732536,1.3426751156502315,31.098413736713,29.755738621062772
pre_lineup_compact_40_plus_scoring,hist_gradient_boosting,small_leaf,starter_label,Bench,13932,6.928564007673099,8.714061433160683,-1.08745630784731,13.49198966408269,14.579445971929998
pre_lineup_compact_40_plus_scoring,hist_gradient_boosting,small_leaf,starter_label,Starter,12230,8.757291622979647,11.185946172826378,1.3345942997775735,31.098413736713,29.763819436935428
pre_lineup_compact_40_plus_scoring,hist_gradient_boosting,small_trees,starter_label,Bench,13932,6.934778394132334,8.718228541560569,-1.0752492109896679,13.49198966408269,14.567238875072356
pre_lineup_compact_40_plus_scoring,hist_gradient_boosting,small_trees,starter_label,Starter,12230,8.750175165525665,11.174258590634151,1.3107967302887353,31.098413736713,29.78761700642427
pre_lineup_compact_40_plus_scoring,hist_gradient_boosting,small_trees_more_trees,starter_label,Bench,13932,6.938458908140113,8.721936758050017,-1.09060864510268,13.49198966408269,14.582598309185368
pre_lineup_compact_40_plus_scoring,hist_gradient_boosting,small_trees_more_trees,starter_label,Starter,12230,8.745301091442741,11.170740382403103,1.3133243502571614,31.098413736713,29.785089386455837
pre_lineup_compact_40_plus_scoring,hist_gradient_boosting,fast_learning_fewer_trees,primary_position,Center,5133,8.266734364511095,10.585841481707432,0.1582643671790807,24.577459575297098,24.419195208118015
pre_lineup_compact_40_plus_scoring,hist_gradient_boosting,fast_learning_fewer_trees,primary_position,Forward,10282,7.477874876668209,9.556438845525554,-0.03252049872586435,20.26333398171562,20.295854480441488
pre_lineup_compact_40_plus_scoring,hist_gradient_boosting,fast_learning_fewer_trees,primary_position,Guard,10747,7.8526853850122755,10.01789859242278,0.06321371335300283,21.75493626128222,21.691722547929217
pre_lineup_compact_40_plus_scoring,hist_gradient_boosting,fast_learning_more_regularized,primary_position,Center,5133,8.288687902466787,10.623373934225075,0.14052757583341433,24.577459575297098,24.43693199946368
pre_lineup_compact_40_plus_scoring,hist_gradient_boosting,fast_learning_more_regularized,primary_position,Forward,10282,7.476608142524859,9.558087691689412,-0.04215909871643611,20.26333398171562,20.305493080432054
pre_lineup_compact_40_plus_scoring,hist_gradient_boosting,fast_learning_more_regularized,primary_position,Guard,10747,7.857870877112557,10.01964980073206,0.049215968861245386,21.75493626128222,21.705720292420974
pre_lineup_compact_40_plus_scoring,hist_gradient_boosting,high_l2,primary_position,Center,5133,8.268586979180148,10.591152814000347,0.20770110606364894,24.577459575297098,24.36975846923345
pre_lineup_compact_40_plus_scoring,hist_gradient_boosting,high_l2,primary_position,Forward,10282,7.466607691074531,9.543401741754032,-0.035020477330936516,20.26333398171562,20.298354459046553
pre_lineup_compact_40_plus_scoring,hist_gradient_boosting,high_l2,primary_position,Guard,10747,7.849534820215384,10.005074404982304,0.06151733648931666,21.75493626128222,21.6934189247929
pre_lineup_compact_40_plus_scoring,hist_gradient_boosting,large_leaf,primary_position,Center,5133,8.256070622960442,10.5696000021616,0.1705908032057004,24.577459575297098,24.4068687720914
pre_lineup_compact_40_plus_scoring,hist_gradient_boosting,large_leaf,primary_position,Forward,10282,7.466754821161379,9.540928639685733,-0.03298686342785639,20.26333398171562,20.296320845143473
pre_lineup_compact_40_plus_scoring,hist_gradient_boosting,large_leaf,primary_position,Guard,10747,7.83297645848216,9.991242045040392,0.062150388965987666,21.75493626128222,21.69278587231623
pre_lineup_compact_40_plus_scoring,hist_gradient_boosting,large_trees,primary_position,Center,5133,8.262644540378885,10.594339034956915,0.24242939441886402,24.577459575297098,24.335030180878235
pre_lineup_compact_40_plus_scoring,hist_gradient_boosting,large_trees,primary_position,Forward,10282,7.4866347867529965,9.555987676941225,-0.043794552792453596,20.26333398171562,20.307128534508074
pre_lineup_compact_40_plus_scoring,hist_gradient_boosting,large_trees,primary_position,Guard,10747,7.848557834574285,10.007680983571102,0.07284607102252239,21.75493626128222,21.682090190259697
pre_lineup_compact_40_plus_scoring,hist_gradient_boosting,large_trees_high_leaf_min,primary_position,Center,5133,8.26677103787585,10.595066459261057,0.2300664570643005,24.577459575297098,24.347393118232795
pre_lineup_compact_40_plus_scoring,hist_gradient_boosting,large_trees_high_leaf_min,primary_position,Forward,10282,7.484866353051637,9.544544914939628,-0.03215251841980356,20.26333398171562,20.29548650013542
pre_lineup_compact_40_plus_scoring,hist_gradient_boosting,large_trees_high_leaf_min,primary_position,Guard,10747,7.8394644468119665,9.99857914651094,0.07447726048508779,21.75493626128222,21.68045900079713
pre_lineup_compact_40_plus_scoring,hist_gradient_boosting,large_trees_more_l2,primary_position,Center,5133,8.286794345033561,10.621530468313283,0.21703695495446854,24.577459575297098,24.36042262034263
pre_lineup_compact_40_plus_scoring,hist_gradient_boosting,large_trees_more_l2,primary_position,Forward,10282,7.484795457299728,9.561256428187823,-0.021099357866157374,20.26333398171562,20.284433339581778
pre_lineup_compact_40_plus_scoring,hist_gradient_boosting,large_trees_more_l2,primary_position,Guard,10747,7.8520476971386906,10.019288542977163,0.06469731519337192,21.75493626128222,21.690238946088847
pre_lineup_compact_40_plus_scoring,hist_gradient_boosting,low_l2,primary_position,Center,5133,8.271832824938384,10.593647927333963,0.175926775939512,24.577459575297098,24.401532799357582
pre_lineup_compact_40_plus_scoring,hist_gradient_boosting,low_l2,primary_position,Forward,10282,7.470656886563189,9.541151959680374,-0.034136584078225764,20.26333398171562,20.297470565793844
pre_lineup_compact_40_plus_scoring,hist_gradient_boosting,low_l2,primary_position,Guard,10747,7.845159082570282,9.996480367685844,0.05206252062694877,21.75493626128222,21.70287374065527
pre_lineup_compact_40_plus_scoring,hist_gradient_boosting,medium_l2,primary_position,Center,5133,8.267534142178203,10.591898373502358,0.2103853505633464,24.577459575297098,24.367074224733752
pre_lineup_compact_40_plus_scoring,hist_gradient_boosting,medium_l2,primary_position,Forward,10282,7.468372214267356,9.54069381118117,-0.018758305323698224,20.26333398171562,20.282092287039315
pre_lineup_compact_40_plus_scoring,hist_gradient_boosting,medium_l2,primary_position,Guard,10747,7.8446000803765195,9.997598311969469,0.07063614246319906,21.75493626128222,21.684300118819017
pre_lineup_compact_40_plus_scoring,hist_gradient_boosting,medium_leaf,primary_position,Center,5133,8.260210722546024,10.57465133686432,0.20943022044745316,24.577459575297098,24.368029354849643
pre_lineup_compact_40_plus_scoring,hist_gradient_boosting,medium_leaf,primary_position,Forward,10282,7.473741637107873,9.53973920433605,-0.039782430910960766,20.26333398171562,20.303116412626576
pre_lineup_compact_40_plus_scoring,hist_gradient_boosting,medium_leaf,primary_position,Guard,10747,7.839377585591677,9.989310566187177,0.06053314113779281,21.75493626128222,21.694403120144422
pre_lineup_compact_40_plus_scoring,hist_gradient_boosting,no_early_stop_fast_regularized,primary_position,Center,5133,8.264668629476029,10.595234548187113,0.09949005180573028,24.577459575297098,24.477969523491367
pre_lineup_compact_40_plus_scoring,hist_gradient_boosting,no_early_stop_fast_regularized,primary_position,Forward,10282,7.478255973798881,9.549459294164702,-0.04359025236823316,20.26333398171562,20.306924234083855
pre_lineup_compact_40_plus_scoring,hist_gradient_boosting,no_early_stop_fast_regularized,primary_position,Guard,10747,7.8504597632064925,10.011027408636485,0.08803498590539142,21.75493626128222,21.666901275376826
pre_lineup_compact_40_plus_scoring,hist_gradient_boosting,no_early_stop_more_trees,primary_position,Center,5133,8.246714128936173,10.564384169932662,0.09658532590421555,24.577459575297098,24.480874249392883
pre_lineup_compact_40_plus_scoring,hist_gradient_boosting,no_early_stop_more_trees,primary_position,Forward,10282,7.459141654439752,9.52870517153941,-0.05393357603900874,20.26333398171562,20.31726755775463
pre_lineup_compact_40_plus_scoring,hist_gradient_boosting,no_early_stop_more_trees,primary_position,Guard,10747,7.839624511908853,10.000564473195265,0.07698185300320208,21.75493626128222,21.677954408279014
pre_lineup_compact_40_plus_scoring,hist_gradient_boosting,no_early_stop_small_trees,primary_position,Center,5133,8.254325638491157,10.561832220421962,0.1033644216241309,24.577459575297098,24.474095153672966
pre_lineup_compact_40_plus_scoring,hist_gradient_boosting,no_early_stop_small_trees,primary_position,Forward,10282,7.4678425243822595,9.539696465603377,-0.05053733789126622,20.26333398171562,20.31387131960689
pre_lineup_compact_40_plus_scoring,hist_gradient_boosting,no_early_stop_small_trees,primary_position,Guard,10747,7.847178203161785,10.0005771154053,0.06033033787865184,21.75493626128222,21.694605923403568
pre_lineup_compact_40_plus_scoring,hist_gradient_boosting,no_internal_early_stop_reference,primary_position,Center,5133,8.24551432356132,10.561746848907024,0.10736035683918614,24.577459575297098,24.47009921845791
pre_lineup_compact_40_plus_scoring,hist_gradient_boosting,no_internal_early_stop_reference,primary_position,Forward,10282,7.4633252572847235,9.536570422186557,-0.04611890033862104,20.26333398171562,20.30945288205424
pre_lineup_compact_40_plus_scoring,hist_gradient_boosting,no_internal_early_stop_reference,primary_position,Guard,10747,7.844458961518399,10.004127404031172,0.07383908818768486,21.75493626128222,21.681097173094532
pre_lineup_compact_40_plus_scoring,hist_gradient_boosting,reference_current_hgb,primary_position,Center,5133,8.276933522410483,10.59928159725997,0.14737087154672332,24.577459575297098,24.430088703750375
pre_lineup_compact_40_plus_scoring,hist_gradient_boosting,reference_current_hgb,primary_position,Forward,10282,7.467560349989702,9.546108468586125,-0.023083988834274302,20.26333398171562,20.28641797054989
pre_lineup_compact_40_plus_scoring,hist_gradient_boosting,reference_current_hgb,primary_position,Guard,10747,7.84588200700642,10.002860453599604,0.06344336179630457,21.75493626128222,21.691492899485915
pre_lineup_compact_40_plus_scoring,hist_gradient_boosting,slower_learning_more_trees,primary_position,Center,5133,8.263227206580533,10.583177015226031,0.1601555365930601,24.577459575297098,24.417304038704035
pre_lineup_compact_40_plus_scoring,hist_gradient_boosting,slower_learning_more_trees,primary_position,Forward,10282,7.465800032071686,9.53699791736847,-0.03420850458025288,20.26333398171562,20.297542486295875
pre_lineup_compact_40_plus_scoring,hist_gradient_boosting,slower_learning_more_trees,primary_position,Guard,10747,7.842185256195295,9.999121836807213,0.06436295148614134,21.75493626128222,21.690573309796076
pre_lineup_compact_40_plus_scoring,hist_gradient_boosting,slower_learning_more_trees_l2_03,primary_position,Center,5133,8.264994568905113,10.582773260280193,0.2145908318759931,24.577459575297098,24.362868743421103
pre_lineup_compact_40_plus_scoring,hist_gradient_boosting,slower_learning_more_trees_l2_03,primary_position,Forward,10282,7.465164644911454,9.534598738087684,-0.035819871799562565,20.26333398171562,20.299153853515183
pre_lineup_compact_40_plus_scoring,hist_gradient_boosting,slower_learning_more_trees_l2_03,primary_position,Guard,10747,7.8437176372905295,9.997251289555786,0.06327150707821223,21.75493626128222,21.691664754204005
pre_lineup_compact_40_plus_scoring,hist_gradient_boosting,small_leaf,primary_position,Center,5133,8.277505065056687,10.601597944855211,0.1745230762917249,24.577459575297098,24.40293649900537
pre_lineup_compact_40_plus_scoring,hist_gradient_boosting,small_leaf,primary_position,Forward,10282,7.468888944592061,9.542283699206662,-0.027299290440390943,20.26333398171562,20.29063327215601
pre_lineup_compact_40_plus_scoring,hist_gradient_boosting,small_leaf,primary_position,Guard,10747,7.848411712730171,10.00167930798807,0.051782949572315405,21.75493626128222,21.703153311709904
pre_lineup_compact_40_plus_scoring,hist_gradient_boosting,small_trees,primary_position,Center,5133,8.26806078555175,10.583186127874155,0.14652984692317042,24.577459575297098,24.430929728373926
pre_lineup_compact_40_plus_scoring,hist_gradient_boosting,small_trees,primary_position,Forward,10282,7.472133348045469,9.542752515314882,-0.03338070638774482,20.26333398171562,20.296714688103368
pre_lineup_compact_40_plus_scoring,hist_gradient_boosting,small_trees,primary_position,Guard,10747,7.849776101664642,10.000404829959596,0.059714778333054774,21.75493626128222,21.69522148294916
pre_lineup_compact_40_plus_scoring,hist_gradient_boosting,small_trees_more_trees,primary_position,Center,5133,8.261608127222294,10.57794594126731,0.1505230611753001,24.577459575297098,24.426936514121795
pre_lineup_compact_40_plus_scoring,hist_gradient_boosting,small_trees_more_trees,primary_position,Forward,10282,7.473088439154063,9.545209529758848,-0.04195014288148503,20.26333398171562,20.305284124597108
pre_lineup_compact_40_plus_scoring,hist_gradient_boosting,small_trees_more_trees,primary_position,Guard,10747,7.851168885097112,10.000528232345303,0.04897121579688847,21.75493626128222,21.70596504548533
pre_lineup_compact_40_plus_scoring,hist_gradient_boosting,fast_learning_fewer_trees,minutes_bucket,0-5,2312,6.899755282433644,8.182505659059357,-6.704778885144918,1.9526816608996542,8.657460546044572
pre_lineup_compact_40_plus_scoring,hist_gradient_boosting,fast_learning_fewer_trees,minutes_bucket,5-15,4413,6.609129724598265,8.384636393477816,-4.536795056851269,8.482256968048947,13.019052024900216
pre_lineup_compact_40_plus_scoring,hist_gradient_boosting,fast_learning_fewer_trees,minutes_bucket,15-25,7502,7.139021140196815,9.03897603384177,-0.7888161683429279,17.866009064249532,18.65482523259246
pre_lineup_compact_40_plus_scoring,hist_gradient_boosting,fast_learning_fewer_trees,minutes_bucket,25-35,8491,8.310038335120083,10.536574857582345,2.3412436211612615,29.60623012601578,27.26498650485452
pre_lineup_compact_40_plus_scoring,hist_gradient_boosting,fast_learning_fewer_trees,minutes_bucket,35+,3444,10.01093815992016,12.888806421678602,6.5963640192229045,40.92331591173055,34.326951892507644
pre_lineup_compact_40_plus_scoring,hist_gradient_boosting,fast_learning_more_regularized,minutes_bucket,0-5,2312,6.887421037263555,8.184902092760652,-6.693987777324639,1.9526816608996542,8.646669438224292
pre_lineup_compact_40_plus_scoring,hist_gradient_boosting,fast_learning_more_regularized,minutes_bucket,5-15,4413,6.615587762313517,8.389679533806735,-4.553842871590703,8.482256968048947,13.03609983963965
pre_lineup_compact_40_plus_scoring,hist_gradient_boosting,fast_learning_more_regularized,minutes_bucket,15-25,7502,7.140401158481549,9.045799951673953,-0.8124378741991656,17.866009064249532,18.678446938448698
pre_lineup_compact_40_plus_scoring,hist_gradient_boosting,fast_learning_more_regularized,minutes_bucket,25-35,8491,8.316846733723244,10.542416899999674,2.3303579415253566,29.60623012601578,27.275872184490424
pre_lineup_compact_40_plus_scoring,hist_gradient_boosting,fast_learning_more_regularized,minutes_bucket,35+,3444,10.03627087715323,12.915269724703554,6.590365910382405,40.92331591173055,34.332950001348145
pre_lineup_compact_40_plus_scoring,hist_gradient_boosting,high_l2,minutes_bucket,0-5,2312,6.913984968033347,8.194727356774099,-6.721785576841404,1.9526816608996542,8.674467237741057
pre_lineup_compact_40_plus_scoring,hist_gradient_boosting,high_l2,minutes_bucket,5-15,4413,6.602616824965,8.36814300926366,-4.543156960429614,8.482256968048947,13.025413928478558
pre_lineup_compact_40_plus_scoring,hist_gradient_boosting,high_l2,minutes_bucket,15-25,7502,7.126763146970376,9.020566538858088,-0.7832960328766547,17.866009064249532,18.649305097126188
pre_lineup_compact_40_plus_scoring,hist_gradient_boosting,high_l2,minutes_bucket,25-35,8491,8.30517376745665,10.532185341347436,2.3752704945584195,29.60623012601578,27.230959631457363
pre_lineup_compact_40_plus_scoring,hist_gradient_boosting,high_l2,minutes_bucket,35+,3444,10.007717501133836,12.880845788966505,6.580941066822601,40.92331591173055,34.34237484490795
pre_lineup_compact_40_plus_scoring,hist_gradient_boosting,large_leaf,minutes_bucket,0-5,2312,6.9215639833102225,8.18723057234343,-6.733044375907917,1.9526816608996542,8.685726036807571
pre_lineup_compact_40_plus_scoring,hist_gradient_boosting,large_leaf,minutes_bucket,5-15,4413,6.591086280810102,8.351883165421384,-4.539730383016893,8.482256968048947,13.02198735106584
pre_lineup_compact_40_plus_scoring,hist_gradient_boosting,large_leaf,minutes_bucket,15-25,7502,7.118429099752644,9.01491012983771,-0.7654830788170448,17.866009064249532,18.631492143066573
pre_lineup_compact_40_plus_scoring,hist_gradient_boosting,large_leaf,minutes_bucket,25-35,8491,8.308849340512447,10.536404445196265,2.3734878799085224,29.60623012601578,27.23274224610726
pre_lineup_compact_40_plus_scoring,hist_gradient_boosting,large_leaf,minutes_bucket,35+,3444,9.956610637305836,12.832236300294719,6.502438774576645,40.92331591173055,34.4208771371539
pre_lineup_compact_40_plus_scoring,hist_gradient_boosting,large_trees,minutes_bucket,0-5,2312,6.943344914703779,8.196399241005606,-6.759622845145868,1.9526816608996542,8.712304506045523
pre_lineup_compact_40_plus_scoring,hist_gradient_boosting,large_trees,minutes_bucket,5-15,4413,6.603080100205095,8.373808370807176,-4.559855150998536,8.482256968048947,13.042112119047479
pre_lineup_compact_40_plus_scoring,hist_gradient_boosting,large_trees,minutes_bucket,15-25,7502,7.1259085579205195,9.024301995639691,-0.7858281427754064,17.866009064249532,18.65183720702494
pre_lineup_compact_40_plus_scoring,hist_gradient_boosting,large_trees,minutes_bucket,25-35,8491,8.311960536731446,10.53393470541721,2.4116145596846854,29.60623012601578,27.194615566331095
pre_lineup_compact_40_plus_scoring,hist_gradient_boosting,large_trees,minutes_bucket,35+,3444,10.020428428403687,12.904248003350686,6.604565480595611,40.92331591173055,34.31875043113494
pre_lineup_compact_40_plus_scoring,hist_gradient_boosting,large_trees_high_leaf_min,minutes_bucket,0-5,2312,6.931970027367032,8.187270930788024,-6.751162156831514,1.9526816608996542,8.703843817731169
pre_lineup_compact_40_plus_scoring,hist_gradient_boosting,large_trees_high_leaf_min,minutes_bucket,5-15,4413,6.606704677426965,8.367437341932872,-4.55815622955785,8.482256968048947,13.040413197606796
pre_lineup_compact_40_plus_scoring,hist_gradient_boosting,large_trees_high_leaf_min,minutes_bucket,15-25,7502,7.12836527641794,9.017022244270633,-0.7731096869612788,17.866009064249532,18.639118751210816
pre_lineup_compact_40_plus_scoring,hist_gradient_boosting,large_trees_high_leaf_min,minutes_bucket,25-35,8491,8.303118111898716,10.530739320353355,2.4040825165249333,29.60623012601578,27.202147609490847
pre_lineup_compact_40_plus_scoring,hist_gradient_boosting,large_trees_high_leaf_min,minutes_bucket,35+,3444,10.012363923578613,12.884523793140136,6.608995534133402,40.92331591173055,34.31432037759715
pre_lineup_compact_40_plus_scoring,hist_gradient_boosting,large_trees_more_l2,minutes_bucket,0-5,2312,6.908873751113812,8.193634027574344,-6.720074775025447,1.9526816608996542,8.6727564359251
pre_lineup_compact_40_plus_scoring,hist_gradient_boosting,large_trees_more_l2,minutes_bucket,5-15,4413,6.614191218842375,8.388710354647081,-4.549022162464044,8.482256968048947,13.03127913051299
pre_lineup_compact_40_plus_scoring,hist_gradient_boosting,large_trees_more_l2,minutes_bucket,15-25,7502,7.136138729709198,9.040126532312994,-0.7909279778035728,17.866009064249532,18.656937042053105
pre_lineup_compact_40_plus_scoring,hist_gradient_boosting,large_trees_more_l2,minutes_bucket,25-35,8491,8.319667431339344,10.54493220418475,2.391220078899745,29.60623012601578,27.21501004711604
pre_lineup_compact_40_plus_scoring,hist_gradient_boosting,large_trees_more_l2,minutes_bucket,35+,3444,10.029439022954488,12.91981706895455,6.630008368450044,40.92331591173055,34.2933075432805
pre_lineup_compact_40_plus_scoring,hist_gradient_boosting,low_l2,minutes_bucket,0-5,2312,6.928608094738307,8.207242683392126,-6.741421741909249,1.9526816608996542,8.694103402808903
pre_lineup_compact_40_plus_scoring,hist_gradient_boosting,low_l2,minutes_bucket,5-15,4413,6.598600838452238,8.362463709904237,-4.548992248907552,8.482256968048947,13.031249216956496
pre_lineup_compact_40_plus_scoring,hist_gradient_boosting,low_l2,minutes_bucket,15-25,7502,7.12915729089863,9.019227036444068,-0.7895309271573021,17.866009064249532,18.655539991406837
pre_lineup_compact_40_plus_scoring,hist_gradient_boosting,low_l2,minutes_bucket,25-35,8491,8.30811645738964,10.528103336197555,2.3659892921931327,29.60623012601578,27.24024083382265
pre_lineup_compact_40_plus_scoring,hist_gradient_boosting,low_l2,minutes_bucket,35+,3444,9.993848550317255,12.86774742859875,6.563841896001281,40.92331591173055,34.35947401572926
pre_lineup_compact_40_plus_scoring,hist_gradient_boosting,medium_l2,minutes_bucket,0-5,2312,6.919690244699613,8.201980256363212,-6.729973769410575,1.9526816608996542,8.682655430310229
pre_lineup_compact_40_plus_scoring,hist_gradient_boosting,medium_l2,minutes_bucket,5-15,4413,6.613670239839333,8.373030735991458,-4.557657566198183,8.482256968048947,13.039914534247128
pre_lineup_compact_40_plus_scoring,hist_gradient_boosting,medium_l2,minutes_bucket,15-25,7502,7.1151222622262145,9.00652237899669,-0.773417840887616,17.866009064249532,18.63942690513715
pre_lineup_compact_40_plus_scoring,hist_gradient_boosting,medium_l2,minutes_bucket,25-35,8491,8.303597990040915,10.524018437318132,2.400034250794619,29.60623012601578,27.206195875221162
pre_lineup_compact_40_plus_scoring,hist_gradient_boosting,medium_l2,minutes_bucket,35+,3444,10.007266133533442,12.888350086034034,6.603453468497969,40.92331591173055,34.31986244323258
pre_lineup_compact_40_plus_scoring,hist_gradient_boosting,medium_leaf,minutes_bucket,0-5,2312,6.947047166625729,8.200581015597104,-6.76754817483754,1.9526816608996542,8.720229835737193
pre_lineup_compact_40_plus_scoring,hist_gradient_boosting,medium_leaf,minutes_bucket,5-15,4413,6.603249394616766,8.364910890484149,-4.563029966032828,8.482256968048947,13.045286934081775
pre_lineup_compact_40_plus_scoring,hist_gradient_boosting,medium_leaf,minutes_bucket,15-25,7502,7.1237744717421965,9.015193922827848,-0.7790216166687054,17.866009064249532,18.64503068091824
pre_lineup_compact_40_plus_scoring,hist_gradient_boosting,medium_leaf,minutes_bucket,25-35,8491,8.301137062553483,10.520185003743213,2.3939627819028964,29.60623012601578,27.212267344112885
pre_lineup_compact_40_plus_scoring,hist_gradient_boosting,medium_leaf,minutes_bucket,35+,3444,9.97829284294181,12.846876346708308,6.567019989017576,40.92331591173055,34.356295922712974
pre_lineup_compact_40_plus_scoring,hist_gradient_boosting,no_early_stop_fast_regularized,minutes_bucket,0-5,2312,6.9077954877265,8.209144070272092,-6.7077934338747935,1.9526816608996542,8.660475094774446
pre_lineup_compact_40_plus_scoring,hist_gradient_boosting,no_early_stop_fast_regularized,minutes_bucket,5-15,4413,6.612825909666512,8.378622818801949,-4.547798207475271,8.482256968048947,13.030055175524218
pre_lineup_compact_40_plus_scoring,hist_gradient_boosting,no_early_stop_fast_regularized,minutes_bucket,15-25,7502,7.140729804409203,9.035511892196931,-0.8255484571794636,17.866009064249532,18.691557521429
pre_lineup_compact_40_plus_scoring,hist_gradient_boosting,no_early_stop_fast_regularized,minutes_bucket,25-35,8491,8.299121666435473,10.522636281849751,2.352573784354502,29.60623012601578,27.25365634166128
pre_lineup_compact_40_plus_scoring,hist_gradient_boosting,no_early_stop_fast_regularized,minutes_bucket,35+,3444,10.015110947595032,12.89520911069302,6.621373950669871,40.92331591173055,34.30194196106067
pre_lineup_compact_40_plus_scoring,hist_gradient_boosting,no_early_stop_more_trees,minutes_bucket,0-5,2312,6.901738321507412,8.185889833232808,-6.706093452331003,1.9526816608996542,8.658775113230659
pre_lineup_compact_40_plus_scoring,hist_gradient_boosting,no_early_stop_more_trees,minutes_bucket,5-15,4413,6.615246485780186,8.373941645122317,-4.566511506165324,8.482256968048947,13.04876847421427
pre_lineup_compact_40_plus_scoring,hist_gradient_boosting,no_early_stop_more_trees,minutes_bucket,15-25,7502,7.122668430718302,9.023010756433349,-0.8216624738512779,17.866009064249532,18.68767153810081
pre_lineup_compact_40_plus_scoring,hist_gradient_boosting,no_early_stop_more_trees,minutes_bucket,25-35,8491,8.283007253170052,10.505518338174435,2.347758006020493,29.60623012601578,27.25847211999529
pre_lineup_compact_40_plus_scoring,hist_gradient_boosting,no_early_stop_more_trees,minutes_bucket,35+,3444,9.97751098991714,12.85354673472357,6.577919109020847,40.92331591173055,34.3453968027097
pre_lineup_compact_40_plus_scoring,hist_gradient_boosting,no_early_stop_small_trees,minutes_bucket,0-5,2312,6.931974296057942,8.214074569327959,-6.739349408513485,1.9526816608996542,8.69203106941314
pre_lineup_compact_40_plus_scoring,hist_gradient_boosting,no_early_stop_small_trees,minutes_bucket,5-15,4413,6.618137142498248,8.378747563651428,-4.565736212226895,8.482256968048947,13.04799318027584
pre_lineup_compact_40_plus_scoring,hist_gradient_boosting,no_early_stop_small_trees,minutes_bucket,15-25,7502,7.1294983256694175,9.024026841379486,-0.8004920510533718,17.866009064249532,18.666501115302907
pre_lineup_compact_40_plus_scoring,hist_gradient_boosting,no_early_stop_small_trees,minutes_bucket,25-35,8491,8.293225249523605,10.511791278756986,2.3384130752872876,29.60623012601578,27.267817050728492
pre_lineup_compact_40_plus_scoring,hist_gradient_boosting,no_early_stop_small_trees,minutes_bucket,35+,3444,9.974331786366315,12.84450708584631,6.544457169268015,40.92331591173055,34.37885874246253
pre_lineup_compact_40_plus_scoring,hist_gradient_boosting,no_internal_early_stop_reference,minutes_bucket,0-5,2312,6.8914883532557365,8.17419469835386,-6.693171987716834,1.9526816608996542,8.645853648616487
pre_lineup_compact_40_plus_scoring,hist_gradient_boosting,no_internal_early_stop_reference,minutes_bucket,5-15,4413,6.614181383235473,8.38033624086154,-4.558888343595145,8.482256968048947,13.04114531164409
pre_lineup_compact_40_plus_scoring,hist_gradient_boosting,no_internal_early_stop_reference,minutes_bucket,15-25,7502,7.129283783452164,9.029839209453117,-0.8224205511572953,17.866009064249532,18.68842961540683
pre_lineup_compact_40_plus_scoring,hist_gradient_boosting,no_internal_early_stop_reference,minutes_bucket,25-35,8491,8.291377523401986,10.511768336994901,2.350827803524632,29.60623012601578,27.25540232249115
pre_lineup_compact_40_plus_scoring,hist_gradient_boosting,no_internal_early_stop_reference,minutes_bucket,35+,3444,9.976497899555811,12.852995925211932,6.583142523248537,40.92331591173055,34.340173388482015
pre_lineup_compact_40_plus_scoring,hist_gradient_boosting,reference_current_hgb,minutes_bucket,0-5,2312,6.905700020978462,8.194792705823268,-6.711246716074638,1.9526816608996542,8.663928376974292
pre_lineup_compact_40_plus_scoring,hist_gradient_boosting,reference_current_hgb,minutes_bucket,5-15,4413,6.608695831094152,8.380367861922137,-4.543593933357646,8.482256968048947,13.02585090140659
pre_lineup_compact_40_plus_scoring,hist_gradient_boosting,reference_current_hgb,minutes_bucket,15-25,7502,7.132205872040497,9.030222343815545,-0.7904038930565399,17.866009064249532,18.65641295730607
pre_lineup_compact_40_plus_scoring,hist_gradient_boosting,reference_current_hgb,minutes_bucket,25-35,8491,8.30081753516387,10.52426558044145,2.3550132750643193,29.60623012601578,27.251216850951465
pre_lineup_compact_40_plus_scoring,hist_gradient_boosting,reference_current_hgb,minutes_bucket,35+,3444,10.008259559866486,12.882443635664814,6.591581196948631,40.92331591173055,34.331734714781916
pre_lineup_compact_40_plus_scoring,hist_gradient_boosting,slower_learning_more_trees,minutes_bucket,0-5,2312,6.905613663419697,8.187960578091014,-6.7133132883067,1.9526816608996542,8.665994949206354
pre_lineup_compact_40_plus_scoring,hist_gradient_boosting,slower_learning_more_trees,minutes_bucket,5-15,4413,6.607588259069618,8.376776189860019,-4.547109071455448,8.482256968048947,13.029366039504394
pre_lineup_compact_40_plus_scoring,hist_gradient_boosting,slower_learning_more_trees,minutes_bucket,15-25,7502,7.12384512740801,9.019659352479309,-0.7844240113490358,17.866009064249532,18.65043307559857
pre_lineup_compact_40_plus_scoring,hist_gradient_boosting,slower_learning_more_trees,minutes_bucket,25-35,8491,8.300667063573606,10.522150478271541,2.362297401592989,29.60623012601578,27.24393272442279
pre_lineup_compact_40_plus_scoring,hist_gradient_boosting,slower_learning_more_trees,minutes_bucket,35+,3444,9.991100513864934,12.85977620866751,6.5552002078896505,40.92331591173055,34.3681157038409
pre_lineup_compact_40_plus_scoring,hist_gradient_boosting,slower_learning_more_trees_l2_03,minutes_bucket,0-5,2312,6.938888621344892,8.204502621114452,-6.753706608967667,1.9526816608996542,8.70638826986732
pre_lineup_compact_40_plus_scoring,hist_gradient_boosting,slower_learning_more_trees_l2_03,minutes_bucket,5-15,4413,6.601495874964407,8.364361929013262,-4.555880640788504,8.482256968048947,13.038137608837452
pre_lineup_compact_40_plus_scoring,hist_gradient_boosting,slower_learning_more_trees_l2_03,minutes_bucket,15-25,7502,7.124381104867011,9.01548438902962,-0.7762864145841826,17.866009064249532,18.642295478833717
pre_lineup_compact_40_plus_scoring,hist_gradient_boosting,slower_learning_more_trees_l2_03,minutes_bucket,25-35,8491,8.297020408013394,10.520612103437763,2.391149612297855,29.60623012601578,27.215080513717925
pre_lineup_compact_40_plus_scoring,hist_gradient_boosting,slower_learning_more_trees_l2_03,minutes_bucket,35+,3444,9.989911244834342,12.862187875969802,6.577611491483241,40.92331591173055,34.34570442024731
pre_lineup_compact_40_plus_scoring,hist_gradient_boosting,small_leaf,minutes_bucket,0-5,2312,6.929319823373929,8.198777275887126,-6.7425411877322885,1.9526816608996542,8.695222848631943
pre_lineup_compact_40_plus_scoring,hist_gradient_boosting,small_leaf,minutes_bucket,5-15,4413,6.612287275764797,8.379676889552185,-4.56994796905572,8.482256968048947,13.052204937104664
pre_lineup_compact_40_plus_scoring,hist_gradient_boosting,small_leaf,minutes_bucket,15-25,7502,7.125015744177455,9.021304714987094,-0.7925926533765911,17.866009064249532,18.658601717626123
pre_lineup_compact_40_plus_scoring,hist_gradient_boosting,small_leaf,minutes_bucket,25-35,8491,8.306065801170726,10.529089560291125,2.379326410229096,29.60623012601578,27.226903715786683
pre_lineup_compact_40_plus_scoring,hist_gradient_boosting,small_leaf,minutes_bucket,35+,3444,10.003236438383343,12.876726906921855,6.582680649014772,40.92331591173055,34.34063526271577
pre_lineup_compact_40_plus_scoring,hist_gradient_boosting,small_trees,minutes_bucket,0-5,2312,6.931298652302338,8.208633663756272,-6.737669426360195,1.9526816608996542,8.690351087259849
pre_lineup_compact_40_plus_scoring,hist_gradient_boosting,small_trees,minutes_bucket,5-15,4413,6.614920727853234,8.37967450382139,-4.553452196286393,8.482256968048947,13.03570916433534
pre_lineup_compact_40_plus_scoring,hist_gradient_boosting,small_trees,minutes_bucket,15-25,7502,7.130274740555249,9.02159927527384,-0.7772142519677309,17.866009064249532,18.643223316217266
pre_lineup_compact_40_plus_scoring,hist_gradient_boosting,small_trees,minutes_bucket,25-35,8491,8.307189133625048,10.524452702075475,2.3567474816394727,29.60623012601578,27.249482644376307
pre_lineup_compact_40_plus_scoring,hist_gradient_boosting,small_trees,minutes_bucket,35+,3444,9.984176297338987,12.85676923532604,6.5453155376135195,40.92331591173055,34.37800037411703
pre_lineup_compact_40_plus_scoring,hist_gradient_boosting,small_trees_more_trees,minutes_bucket,0-5,2312,6.945873384114925,8.217388442042662,-6.757684729141447,1.9526816608996542,8.710366390041102
pre_lineup_compact_40_plus_scoring,hist_gradient_boosting,small_trees_more_trees,minutes_bucket,5-15,4413,6.609937621582503,8.372953133221818,-4.555821254717315,8.482256968048947,13.038078222766261
pre_lineup_compact_40_plus_scoring,hist_gradient_boosting,small_trees_more_trees,minutes_bucket,15-25,7502,7.137362396089504,9.029601984504758,-0.7870002543825034,17.866009064249532,18.653009318632034
pre_lineup_compact_40_plus_scoring,hist_gradient_boosting,small_trees_more_trees,minutes_bucket,25-35,8491,8.30576951070452,10.52692252458036,2.3542100397888612,29.60623012601578,27.252020086226924
pre_lineup_compact_40_plus_scoring,hist_gradient_boosting,small_trees_more_trees,minutes_bucket,35+,3444,9.966418773977917,12.840710641051022,6.536202645600294,40.92331591173055,34.38711326613025
pre_lineup_compact_40_plus_scoring,hist_gradient_boosting,fast_learning_fewer_trees,fp_bucket,<=10,6577,7.759852384913414,9.40952555932591,-7.564634658545286,4.478181541736354,12.04281620028164
pre_lineup_compact_40_plus_scoring,hist_gradient_boosting,fast_learning_fewer_trees,fp_bucket,10-20,6560,5.82187242801655,7.614880838965873,-3.058958398486762,15.038429878048781,18.097388276535543
pre_lineup_compact_40_plus_scoring,hist_gradient_boosting,fast_learning_fewer_trees,fp_bucket,20-30,5894,6.792958008926793,8.368639437823687,1.8637111438247933,24.833067526297928,22.969356382473137
pre_lineup_compact_40_plus_scoring,hist_gradient_boosting,fast_learning_fewer_trees,fp_bucket,30-40,3932,8.50859145658337,10.546988195094194,5.475501281270632,34.54371820956257,29.068216928291932
pre_lineup_compact_40_plus_scoring,hist_gradient_boosting,fast_learning_fewer_trees,fp_bucket,40-50,2034,10.567541515531783,13.059965679002481,9.414996957419497,44.51612586037364,35.10112890295415
pre_lineup_compact_40_plus_scoring,hist_gradient_boosting,fast_learning_fewer_trees,fp_bucket,50+,1165,16.736119304556944,19.277809387100337,16.577024822755703,57.906523605150205,41.32949878239451
pre_lineup_compact_40_plus_scoring,hist_gradient_boosting,fast_learning_more_regularized,fp_bucket,<=10,6577,7.759388413699015,9.414622082947986,-7.56644011635762,4.478181541736354,12.044621658093972
pre_lineup_compact_40_plus_scoring,hist_gradient_boosting,fast_learning_more_regularized,fp_bucket,10-20,6560,5.831514163637479,7.630267202803009,-3.07494671332887,15.038429878048781,18.11337659137765
pre_lineup_compact_40_plus_scoring,hist_gradient_boosting,fast_learning_more_regularized,fp_bucket,20-30,5894,6.789956082818321,8.366842391871728,1.840583286263723,24.833067526297928,22.992484240034205
pre_lineup_compact_40_plus_scoring,hist_gradient_boosting,fast_learning_more_regularized,fp_bucket,30-40,3932,8.517685169741213,10.557831873205673,5.445994234738411,34.54371820956257,29.097723974824156
pre_lineup_compact_40_plus_scoring,hist_gradient_boosting,fast_learning_more_regularized,fp_bucket,40-50,2034,10.575787123158175,13.05006818355751,9.405814130425117,44.51612586037364,35.11031172994853
pre_lineup_compact_40_plus_scoring,hist_gradient_boosting,fast_learning_more_regularized,fp_bucket,50+,1165,16.787929169711273,19.331622323912136,16.617533162497224,57.906523605150205,41.28899044265299
pre_lineup_compact_40_plus_scoring,hist_gradient_boosting,high_l2,fp_bucket,<=10,6577,7.758863011734967,9.399376553328379,-7.567781347114424,4.478181541736354,12.045962888850779
pre_lineup_compact_40_plus_scoring,hist_gradient_boosting,high_l2,fp_bucket,10-20,6560,5.803023194899968,7.583982606534756,-3.056631093530019,15.038429878048781,18.095060971578796
pre_lineup_compact_40_plus_scoring,hist_gradient_boosting,high_l2,fp_bucket,20-30,5894,6.775658187157206,8.34705063260816,1.8764981998334611,24.833067526297928,22.956569326464468
pre_lineup_compact_40_plus_scoring,hist_gradient_boosting,high_l2,fp_bucket,30-40,3932,8.511703176253713,10.546977823576759,5.493699365724698,34.54371820956257,29.050018843837865
pre_lineup_compact_40_plus_scoring,hist_gradient_boosting,high_l2,fp_bucket,40-50,2034,10.600761192334755,13.08528045806974,9.452256161393963,44.51612586037364,35.06386969897968
pre_lineup_compact_40_plus_scoring,hist_gradient_boosting,high_l2,fp_bucket,50+,1165,16.746522970426614,19.28616223234667,16.570625416449744,57.906523605150205,41.335898188700476
pre_lineup_compact_40_plus_scoring,hist_gradient_boosting,large_leaf,fp_bucket,<=10,6577,7.756467378399659,9.391841795057084,-7.568968650569375,4.478181541736354,12.047150192305729
pre_lineup_compact_40_plus_scoring,hist_gradient_boosting,large_leaf,fp_bucket,10-20,6560,5.800308711468201,7.5801948182360945,-3.044709686810193,15.038429878048781,18.083139564858975
pre_lineup_compact_40_plus_scoring,hist_gradient_boosting,large_leaf,fp_bucket,20-30,5894,6.773181630906385,8.350156326491533,1.8747181547892404,24.833067526297928,22.95834937150869
pre_lineup_compact_40_plus_scoring,hist_gradient_boosting,large_leaf,fp_bucket,30-40,3932,8.5115602582429,10.554377857031014,5.508665033161286,34.54371820956257,29.035053176401277
pre_lineup_compact_40_plus_scoring,hist_gradient_boosting,large_leaf,fp_bucket,40-50,2034,10.583511622953203,13.068075362402553,9.39449021632558,44.51612586037364,35.12163564404807
pre_lineup_compact_40_plus_scoring,hist_gradient_boosting,large_leaf,fp_bucket,50+,1165,16.61186298207633,19.18586621158872,16.429829561246837,57.906523605150205,41.47669404390337
pre_lineup_compact_40_plus_scoring,hist_gradient_boosting,large_trees,fp_bucket,<=10,6577,7.768204467706968,9.405792735550683,-7.587324540134025,4.478181541736354,12.06550608187038
pre_lineup_compact_40_plus_scoring,hist_gradient_boosting,large_trees,fp_bucket,10-20,6560,5.803524809807684,7.5857806799762475,-3.062849480585839,15.038429878048781,18.101279358634617
pre_lineup_compact_40_plus_scoring,hist_gradient_boosting,large_trees,fp_bucket,20-30,5894,6.769918031487988,8.341272606115124,1.8895668707708688,24.833067526297928,22.943500655527064
pre_lineup_compact_40_plus_scoring,hist_gradient_boosting,large_trees,fp_bucket,30-40,3932,8.51685892603115,10.545526840659235,5.544807206833401,34.54371820956257,28.99891100272916
pre_lineup_compact_40_plus_scoring,hist_gradient_boosting,large_trees,fp_bucket,40-50,2034,10.655707882557547,13.116389993997297,9.489786737056148,44.51612586037364,35.026339123317506
pre_lineup_compact_40_plus_scoring,hist_gradient_boosting,large_trees,fp_bucket,50+,1165,16.74822730215888,19.31811276611776,16.59191588957856,57.906523605150205,41.314607715571654
pre_lineup_compact_40_plus_scoring,hist_gradient_boosting,large_trees_high_leaf_min,fp_bucket,<=10,6577,7.771876382914805,9.398979006648522,-7.588104630636778,4.478181541736354,12.06628617237313
pre_lineup_compact_40_plus_scoring,hist_gradient_boosting,large_trees_high_leaf_min,fp_bucket,10-20,6560,5.796577109180351,7.574763214456134,-3.0552302917886895,15.038429878048781,18.093660169837474
pre_lineup_compact_40_plus_scoring,hist_gradient_boosting,large_trees_high_leaf_min,fp_bucket,20-30,5894,6.758785440398187,8.334383484747306,1.8942824889995449,24.833067526297928,22.938785037298384
pre_lineup_compact_40_plus_scoring,hist_gradient_boosting,large_trees_high_leaf_min,fp_bucket,30-40,3932,8.518424660319836,10.541221249425012,5.550498986919974,34.54371820956257,28.993219222642587
pre_lineup_compact_40_plus_scoring,hist_gradient_boosting,large_trees_high_leaf_min,fp_bucket,40-50,2034,10.673828895242124,13.13348501699824,9.508358748539216,44.51612586037364,35.00776711183443
pre_lineup_compact_40_plus_scoring,hist_gradient_boosting,large_trees_high_leaf_min,fp_bucket,50+,1165,16.70470734740011,19.27217369004212,16.541249971435484,57.906523605150205,41.365273633714736
pre_lineup_compact_40_plus_scoring,hist_gradient_boosting,large_trees_more_l2,fp_bucket,<=10,6577,7.76330286282364,9.417501516074624,-7.569737390162791,4.478181541736354,12.047918931899144
pre_lineup_compact_40_plus_scoring,hist_gradient_boosting,large_trees_more_l2,fp_bucket,10-20,6560,5.822572282343519,7.613355438197877,-3.0665797152338503,15.038429878048781,18.10500959328263
pre_lineup_compact_40_plus_scoring,hist_gradient_boosting,large_trees_more_l2,fp_bucket,20-30,5894,6.778949105631225,8.353813220792983,1.8778413313733342,24.833067526297928,22.95522619492459
pre_lineup_compact_40_plus_scoring,hist_gradient_boosting,large_trees_more_l2,fp_bucket,30-40,3932,8.510857592803491,10.543743458372223,5.524984769862031,34.54371820956257,29.018733439700537
pre_lineup_compact_40_plus_scoring,hist_gradient_boosting,large_trees_more_l2,fp_bucket,40-50,2034,10.650360548740151,13.122112712602185,9.511942785571227,44.51612586037364,35.00418307480242
pre_lineup_compact_40_plus_scoring,hist_gradient_boosting,large_trees_more_l2,fp_bucket,50+,1165,16.774910150701068,19.33820040294981,16.614426040820216,57.906523605150205,41.29209756432999
pre_lineup_compact_40_plus_scoring,hist_gradient_boosting,low_l2,fp_bucket,<=10,6577,7.7659165205943,9.40470645995291,-7.580853170727768,4.478181541736354,12.059034712464124
pre_lineup_compact_40_plus_scoring,hist_gradient_boosting,low_l2,fp_bucket,10-20,6560,5.80343399526703,7.586361459536384,-3.0584461917101025,15.038429878048781,18.09687606975888
pre_lineup_compact_40_plus_scoring,hist_gradient_boosting,low_l2,fp_bucket,20-30,5894,6.78386977946417,8.346525015147384,1.8655962936564745,24.833067526297928,22.967471232641458
pre_lineup_compact_40_plus_scoring,hist_gradient_boosting,low_l2,fp_bucket,30-40,3932,8.509660674423738,10.541540205019455,5.483870778035814,34.54371820956257,29.05984743152675
pre_lineup_compact_40_plus_scoring,hist_gradient_boosting,low_l2,fp_bucket,40-50,2034,10.57119881137638,13.043716391422386,9.419332680898862,44.51612586037364,35.09679317947479
pre_lineup_compact_40_plus_scoring,hist_gradient_boosting,low_l2,fp_bucket,50+,1165,16.731024943517877,19.281670527695454,16.58103595457635,57.906523605150205,41.32548765057387
pre_lineup_compact_40_plus_scoring,hist_gradient_boosting,medium_l2,fp_bucket,<=10,6577,7.762915225697882,9.39791488159244,-7.576734869294544,4.478181541736354,12.054916411030899
pre_lineup_compact_40_plus_scoring,hist_gradient_boosting,medium_l2,fp_bucket,10-20,6560,5.790437484102366,7.571051031785109,-3.0447731984332753,15.038429878048781,18.083203076482057
pre_lineup_compact_40_plus_scoring,hist_gradient_boosting,medium_l2,fp_bucket,20-30,5894,6.776849718214878,8.341411751985925,1.8893508041779747,24.833067526297928,22.94371672211996
pre_lineup_compact_40_plus_scoring,hist_gradient_boosting,medium_l2,fp_bucket,30-40,3932,8.49852343924287,10.54081529889832,5.527482646080363,34.54371820956257,29.0162355634822
pre_lineup_compact_40_plus_scoring,hist_gradient_boosting,medium_l2,fp_bucket,40-50,2034,10.635849301159547,13.092362705277514,9.474207016037822,44.51612586037364,35.04191884433583
pre_lineup_compact_40_plus_scoring,hist_gradient_boosting,medium_l2,fp_bucket,50+,1165,16.737120778332752,19.288330514720762,16.576503583170815,57.906523605150205,41.3300200219794
pre_lineup_compact_40_plus_scoring,hist_gradient_boosting,medium_leaf,fp_bucket,<=10,6577,7.776677705589345,9.403991308250921,-7.598916164145024,4.478181541736354,12.07709770588138
pre_lineup_compact_40_plus_scoring,hist_gradient_boosting,medium_leaf,fp_bucket,10-20,6560,5.799944591634736,7.569916866833734,-3.0599855940009597,15.038429878048781,18.09841547204974
pre_lineup_compact_40_plus_scoring,hist_gradient_boosting,medium_leaf,fp_bucket,20-30,5894,6.751117668706824,8.323043529040481,1.8830251221583383,24.833067526297928,22.95004240413959
pre_lineup_compact_40_plus_scoring,hist_gradient_boosting,medium_leaf,fp_bucket,30-40,3932,8.504241604331181,10.537140996617858,5.526818566291303,34.54371820956257,29.016899643271262
pre_lineup_compact_40_plus_scoring,hist_gradient_boosting,medium_leaf,fp_bucket,40-50,2034,10.612278888715897,13.07402057164391,9.460916738146556,44.51612586037364,35.05520912222709
pre_lineup_compact_40_plus_scoring,hist_gradient_boosting,medium_leaf,fp_bucket,50+,1165,16.724873378458636,19.257260209127438,16.561874527826195,57.906523605150205,41.34464907732403
pre_lineup_compact_40_plus_scoring,hist_gradient_boosting,no_early_stop_fast_regularized,fp_bucket,<=10,6577,7.761775092421195,9.410379825999968,-7.560156965225953,4.478181541736354,12.038338506962306
pre_lineup_compact_40_plus_scoring,hist_gradient_boosting,no_early_stop_fast_regularized,fp_bucket,10-20,6560,5.8398713773869195,7.630084230617352,-3.0889379850598444,15.038429878048781,18.127367863108624
pre_lineup_compact_40_plus_scoring,hist_gradient_boosting,no_early_stop_fast_regularized,fp_bucket,20-30,5894,6.760059647843414,8.335836969739033,1.8606127408520439,24.833067526297928,22.972454785445883
pre_lineup_compact_40_plus_scoring,hist_gradient_boosting,no_early_stop_fast_regularized,fp_bucket,30-40,3932,8.493684351655746,10.525725379000706,5.470142320846509,34.54371820956257,29.073575888716054
pre_lineup_compact_40_plus_scoring,hist_gradient_boosting,no_early_stop_fast_regularized,fp_bucket,40-50,2034,10.600712656639212,13.07505708959264,9.432901068815246,44.51612586037364,35.0832247915584
pre_lineup_compact_40_plus_scoring,hist_gradient_boosting,no_early_stop_fast_regularized,fp_bucket,50+,1165,16.75648418511991,19.294145228753123,16.59537607103598,57.906523605150205,41.31114753411423
pre_lineup_compact_40_plus_scoring,hist_gradient_boosting,no_early_stop_more_trees,fp_bucket,<=10,6577,7.765222076828707,9.405297172234821,-7.5688393846981326,4.478181541736354,12.047020926434486
pre_lineup_compact_40_plus_scoring,hist_gradient_boosting,no_early_stop_more_trees,fp_bucket,10-20,6560,5.8187363604737214,7.604071790260537,-3.0886614913201282,15.038429878048781,18.12709136936891
pre_lineup_compact_40_plus_scoring,hist_gradient_boosting,no_early_stop_more_trees,fp_bucket,20-30,5894,6.746614907989639,8.321233678819755,1.8503246167856224,24.833067526297928,22.982742909512307
pre_lineup_compact_40_plus_scoring,hist_gradient_boosting,no_early_stop_more_trees,fp_bucket,30-40,3932,8.486252173536732,10.525858543520917,5.4800501588859865,34.54371820956257,29.063668050676576
pre_lineup_compact_40_plus_scoring,hist_gradient_boosting,no_early_stop_more_trees,fp_bucket,40-50,2034,10.556068691368722,13.045927853242032,9.393030206776029,44.51612586037364,35.123095653597616
pre_lineup_compact_40_plus_scoring,hist_gradient_boosting,no_early_stop_more_trees,fp_bucket,50+,1165,16.67932282229355,19.216730638748214,16.525007281392035,57.906523605150205,41.381516323758184
pre_lineup_compact_40_plus_scoring,hist_gradient_boosting,no_early_stop_small_trees,fp_bucket,<=10,6577,7.773911300858597,9.411284978602755,-7.582535312961311,4.478181541736354,12.060716854697665
pre_lineup_compact_40_plus_scoring,hist_gradient_boosting,no_early_stop_small_trees,fp_bucket,10-20,6560,5.816675112252499,7.607273620249915,-3.06943261572735,15.038429878048781,18.10786249377613
pre_lineup_compact_40_plus_scoring,hist_gradient_boosting,no_early_stop_small_trees,fp_bucket,20-30,5894,6.782899496533458,8.345787919948753,1.8585702806387392,24.833067526297928,22.974497245659187
pre_lineup_compact_40_plus_scoring,hist_gradient_boosting,no_early_stop_small_trees,fp_bucket,30-40,3932,8.486633674770143,10.524900370297193,5.4500730465297895,34.54371820956257,29.093645163032775
pre_lineup_compact_40_plus_scoring,hist_gradient_boosting,no_early_stop_small_trees,fp_bucket,40-50,2034,10.55566050618889,13.049373092535312,9.37889006469433,44.51612586037364,35.13723579567932
pre_lineup_compact_40_plus_scoring,hist_gradient_boosting,no_early_stop_small_trees,fp_bucket,50+,1165,16.63773769440104,19.178832092532716,16.484433199202034,57.906523605150205,41.422090405948175
pre_lineup_compact_40_plus_scoring,hist_gradient_boosting,no_internal_early_stop_reference,fp_bucket,<=10,6577,7.756174003456202,9.398961069318549,-7.558965940831358,4.478181541736354,12.037147482567711
pre_lineup_compact_40_plus_scoring,hist_gradient_boosting,no_internal_early_stop_reference,fp_bucket,10-20,6560,5.827415034223534,7.617110288237484,-3.0862520147343884,15.038429878048781,18.12468189278317
pre_lineup_compact_40_plus_scoring,hist_gradient_boosting,no_internal_early_stop_reference,fp_bucket,20-30,5894,6.760010762346702,8.333415446758947,1.859875553075845,24.833067526297928,22.973191973222086
pre_lineup_compact_40_plus_scoring,hist_gradient_boosting,no_internal_early_stop_reference,fp_bucket,30-40,3932,8.499803609544463,10.53552909648404,5.478564935940857,34.54371820956257,29.065153273621707
pre_lineup_compact_40_plus_scoring,hist_gradient_boosting,no_internal_early_stop_reference,fp_bucket,40-50,2034,10.546512526382537,13.047238991233636,9.391985992786115,44.51612586037364,35.12413986758753
pre_lineup_compact_40_plus_scoring,hist_gradient_boosting,no_internal_early_stop_reference,fp_bucket,50+,1165,16.66094337148482,19.204159387257107,16.501668430349266,57.906523605150205,41.40485517480094
pre_lineup_compact_40_plus_scoring,hist_gradient_boosting,reference_current_hgb,fp_bucket,<=10,6577,7.754298110426818,9.404365527581852,-7.5589670372147815,4.478181541736354,12.037148578951133
pre_lineup_compact_40_plus_scoring,hist_gradient_boosting,reference_current_hgb,fp_bucket,10-20,6560,5.819877205858175,7.610692425702115,-3.060478624366562,15.038429878048781,18.098908502415345
pre_lineup_compact_40_plus_scoring,hist_gradient_boosting,reference_current_hgb,fp_bucket,20-30,5894,6.7841067515461955,8.360094220563855,1.8628725223408718,24.833067526297928,22.970195003957055
pre_lineup_compact_40_plus_scoring,hist_gradient_boosting,reference_current_hgb,fp_bucket,30-40,3932,8.505831285267965,10.54267329735755,5.484593247724431,34.54371820956257,29.059124961838133
pre_lineup_compact_40_plus_scoring,hist_gradient_boosting,reference_current_hgb,fp_bucket,40-50,2034,10.5734167747049,13.053106493388642,9.420146733238807,44.51612586037364,35.09597912713484
pre_lineup_compact_40_plus_scoring,hist_gradient_boosting,reference_current_hgb,fp_bucket,50+,1165,16.713693174834027,19.25148463485351,16.555559782960668,57.906523605150205,41.35096382218955
pre_lineup_compact_40_plus_scoring,hist_gradient_boosting,slower_learning_more_trees,fp_bucket,<=10,6577,7.755242283043717,9.39932892495718,-7.565093977544974,4.478181541736354,12.043275519281329
pre_lineup_compact_40_plus_scoring,hist_gradient_boosting,slower_learning_more_trees,fp_bucket,10-20,6560,5.809506461687172,7.5978278799840036,-3.0570240636734836,15.038429878048781,18.095453941722262
pre_lineup_compact_40_plus_scoring,hist_gradient_boosting,slower_learning_more_trees,fp_bucket,20-30,5894,6.777972897604025,8.349925571684544,1.8661394235512039,24.833067526297928,22.966928102746724
pre_lineup_compact_40_plus_scoring,hist_gradient_boosting,slower_learning_more_trees,fp_bucket,30-40,3932,8.50354710904713,10.538600641109584,5.48680774535419,34.54371820956257,29.056910464208375
pre_lineup_compact_40_plus_scoring,hist_gradient_boosting,slower_learning_more_trees,fp_bucket,40-50,2034,10.57554658694024,13.04694154924852,9.404385003108125,44.51612586037364,35.11174085726552
pre_lineup_compact_40_plus_scoring,hist_gradient_boosting,slower_learning_more_trees,fp_bucket,50+,1165,16.691754503120627,19.234320236355444,16.54084394798757,57.906523605150205,41.36567965716264
pre_lineup_compact_40_plus_scoring,hist_gradient_boosting,slower_learning_more_trees_l2_03,fp_bucket,<=10,6577,7.770608792482833,9.402794843742788,-7.588456417041622,4.478181541736354,12.066637958777978
pre_lineup_compact_40_plus_scoring,hist_gradient_boosting,slower_learning_more_trees_l2_03,fp_bucket,10-20,6560,5.791606522208502,7.572388280524001,-3.052073213591031,15.038429878048781,18.09050309163981
pre_lineup_compact_40_plus_scoring,hist_gradient_boosting,slower_learning_more_trees_l2_03,fp_bucket,20-30,5894,6.771531136275435,8.339380340425903,1.885981233773088,24.833067526297928,22.94708629252484
pre_lineup_compact_40_plus_scoring,hist_gradient_boosting,slower_learning_more_trees_l2_03,fp_bucket,30-40,3932,8.502680437835757,10.538513112187514,5.517492972113526,34.54371820956257,29.026225237449037
pre_lineup_compact_40_plus_scoring,hist_gradient_boosting,slower_learning_more_trees_l2_03,fp_bucket,40-50,2034,10.589372968517026,13.06312032746113,9.452019352590847,44.51612586037364,35.0641065077828
pre_lineup_compact_40_plus_scoring,hist_gradient_boosting,slower_learning_more_trees_l2_03,fp_bucket,50+,1165,16.733486711195038,19.26491183776958,16.573295038117664,57.906523605150205,41.33322856703255
pre_lineup_compact_40_plus_scoring,hist_gradient_boosting,small_leaf,fp_bucket,<=10,6577,7.771085726000144,9.405784866550286,-7.58859347829708,4.478181541736354,12.066775020033436
pre_lineup_compact_40_plus_scoring,hist_gradient_boosting,small_leaf,fp_bucket,10-20,6560,5.804143677405818,7.59102233671734,-3.0671530181803095,15.038429878048781,18.10558289622909
pre_lineup_compact_40_plus_scoring,hist_gradient_boosting,small_leaf,fp_bucket,20-30,5894,6.772847605908786,8.349992486258625,1.8725989104657417,24.833067526297928,22.96046861583219
pre_lineup_compact_40_plus_scoring,hist_gradient_boosting,small_leaf,fp_bucket,30-40,3932,8.527364067611543,10.551226804573329,5.509013179102003,34.54371820956257,29.034705030460557
pre_lineup_compact_40_plus_scoring,hist_gradient_boosting,small_leaf,fp_bucket,40-50,2034,10.567143177584741,13.055364884260618,9.430084130895489,44.51612586037364,35.08604172947816
pre_lineup_compact_40_plus_scoring,hist_gradient_boosting,small_leaf,fp_bucket,50+,1165,16.740333419721246,19.278195696533654,16.5862842837924,57.906523605150205,41.32023932135782
pre_lineup_compact_40_plus_scoring,hist_gradient_boosting,small_trees,fp_bucket,<=10,6577,7.771198710574868,9.405672771870908,-7.579756938509742,4.478181541736354,12.057938480246095
pre_lineup_compact_40_plus_scoring,hist_gradient_boosting,small_trees,fp_bucket,10-20,6560,5.813220984511368,7.596551033530842,-3.0552030077263104,15.038429878048781,18.09363288577509
pre_lineup_compact_40_plus_scoring,hist_gradient_boosting,small_trees,fp_bucket,20-30,5894,6.783849839312245,8.356990717147594,1.8803197885625191,24.833067526297928,22.952747737735415
pre_lineup_compact_40_plus_scoring,hist_gradient_boosting,small_trees,fp_bucket,30-40,3932,8.520922859196629,10.546514076167162,5.478446296908218,34.54371820956257,29.065271912654346
pre_lineup_compact_40_plus_scoring,hist_gradient_boosting,small_trees,fp_bucket,40-50,2034,10.572086591585899,13.063620341951786,9.393802365587705,44.51612586037364,35.12232349478594
pre_lineup_compact_40_plus_scoring,hist_gradient_boosting,small_trees,fp_bucket,50+,1165,16.64563735710888,19.20106131085637,16.492717111030345,57.906523605150205,41.41380649411986
pre_lineup_compact_40_plus_scoring,hist_gradient_boosting,small_trees_more_trees,fp_bucket,<=10,6577,7.776498194412037,9.40957417320545,-7.590584110141023,4.478181541736354,12.068765651877378
pre_lineup_compact_40_plus_scoring,hist_gradient_boosting,small_trees_more_trees,fp_bucket,10-20,6560,5.81678790580214,7.601865896109397,-3.0651587167742105,15.038429878048781,18.10358859482299
pre_lineup_compact_40_plus_scoring,hist_gradient_boosting,small_trees_more_trees,fp_bucket,20-30,5894,6.783126949780915,8.354072924691474,1.8707555321307092,24.833067526297928,22.96231199416722
pre_lineup_compact_40_plus_scoring,hist_gradient_boosting,small_trees_more_trees,fp_bucket,30-40,3932,8.510073232537382,10.546864236730963,5.480221008653828,34.54371820956257,29.063497200908735
pre_lineup_compact_40_plus_scoring,hist_gradient_boosting,small_trees_more_trees,fp_bucket,40-50,2034,10.567492404173594,13.058687571283441,9.396336684711972,44.51612586037364,35.11978917566168
pre_lineup_compact_40_plus_scoring,hist_gradient_boosting,small_trees_more_trees,fp_bucket,50+,1165,16.63677839262488,19.188703373058956,16.490728845838174,57.906523605150205,41.41579475931204
