feature,train_missing_rate,train_abs_target_corr,train_target_corr,train_non_missing_rows
fantasy_points_roll_3,0.010632075594317428,0.707585251312647,0.707585251312647,76119
numMinutes_roll_3,0.010632075594317428,0.6432353063060473,0.6432353063060473,76119
turnovers_roll_30,0.010632075594317428,0.6298402933891432,0.6298402933891432,76119
freeThrowsPercentage_roll_30,0.010632075594317428,0.5861226362429968,0.5861226362429968,76119
turnovers_roll_5,0.010632075594317428,0.580729346288903,0.580729346288903,76119
trueShootingPercentage_std_30,0.02096520529784109,0.5679660314241004,-0.5679660314241004,75324
assists_roll_30,0.010632075594317428,0.5634647786202917,0.5634647786202917,76119
freeThrowsPercentage_roll_10,0.010632075594317428,0.5577627698906245,0.5577627698906245,76119
assists_roll_5,0.010632075594317428,0.554046850855394,0.554046850855394,76119
effectiveFieldGoalPercentage_std_30,0.02096520529784109,0.5537439685299878,-0.5537439685299878,75324
turnovers_std_30,0.02096520529784109,0.5519207639867767,0.5519207639867767,75324
reboundsTotal_roll_30,0.010632075594317428,0.5374171879729447,0.5374171879729447,76119
reboundsTotal_roll_5,0.010632075594317428,0.5268604207339154,0.5268604207339154,76119
freeThrowsPercentage_roll_5,0.010632075594317428,0.5123736916584336,0.5123736916584336,76119
points_std_30,0.02096520529784109,0.48309292248537833,0.48309292248537833,75324
assists_std_30,0.02096520529784109,0.4594257832726619,0.4594257832726619,75324
usagePercentage_roll_3,0.010632075594317428,0.45782319998514515,0.45782319998514515,76119
offensiveRating_std_30,0.02096520529784109,0.45731325178547383,-0.45731325178547383,75324
steals_roll_30,0.010632075594317428,0.4571842741597827,0.4571842741597827,76119
starter_minutes_roll_3,0.010632075594317428,0.4470161054151529,0.4470161054151529,76119
defensiveRating_std_30,0.02096520529784109,0.43884553686980576,-0.43884553686980576,75324
steals_roll_10,0.010632075594317428,0.4185245495145065,0.4185245495145065,76119
current_is_starter_roll_5,0.010632075594317428,0.41474424302303375,0.41474424302303375,76119
fantasy_points_std_30,0.02096520529784109,0.41343178891426613,0.41343178891426613,75324
starter_minutes_share_roll_3,0.011203972081053329,0.40475973484701777,0.40475973484701777,76075
starter_minutes_share_roll_5,0.011151981491350065,0.4020127340358863,0.4020127340358863,76079
current_is_starter_roll_30,0.010632075594317428,0.3970884037761013,0.3970884037761013,76119
playerImpactEstimate_roll_30,0.010632075594317428,0.38090437805935834,0.38090437805935834,76119
starter_minutes_share_roll_30,0.011151981491350065,0.3738540488613,0.3738540488613,76079
steals_std_30,0.02096520529784109,0.3710981675197492,0.3710981675197492,75324
steals_roll_5,0.010632075594317428,0.37011869453945045,0.37011869453945045,76119
trueShootingPercentage_roll_30,0.010632075594317428,0.3506034720966008,0.3506034720966008,76119
offensiveRating_roll_30,0.010632075594317428,0.3485285735574127,0.3485285735574127,76119
usagePercentage_std_30,0.02096520529784109,0.3409735956138813,-0.3409735956138813,75324
reboundsTotal_std_30,0.02096520529784109,0.3274926262120296,0.3274926262120296,75324
offensiveRating_roll_10,0.010632075594317428,0.32376066052664204,0.32376066052664204,76119
blocks_roll_30,0.010632075594317428,0.32060222128870075,0.32060222128870075,76119
blocks_std_30,0.02096520529784109,0.31947061327497017,0.31947061327497017,75324
effectiveFieldGoalPercentage_roll_30,0.010632075594317428,0.3140857032201774,0.3140857032201774,76119
blocks_roll_10,0.010632075594317428,0.30918548195611517,0.30918548195611517,76119
blocks_roll_5,0.010632075594317428,0.2875508276968985,0.2875508276968985,76119
effectiveFieldGoalPercentage_roll_10,0.010632075594317428,0.2858747337608223,0.2858747337608223,76119
offensiveRating_roll_5,0.010632075594317428,0.2850420988189884,0.2850420988189884,76119
numMinutes_std_30,0.02096520529784109,0.2814090092458887,-0.2814090092458887,75324
playerImpactEstimate_std_30,0.02096520529784109,0.28095884808898663,-0.28095884808898663,75324
trueShootingPercentage_roll_5,0.010632075594317428,0.27989887686738435,0.27989887686738435,76119
playerImpactEstimate_roll_5,0.010632075594317428,0.2731613625495384,0.2731613625495384,76119
effectiveFieldGoalPercentage_roll_5,0.010632075594317428,0.24998163834484302,0.24998163834484302,76119
bench_minutes_std_30,0.02096520529784109,0.2026852130912067,-0.2026852130912067,75324
starter_minutes_momentum_10_vs_30,0.010632075594317428,0.1473318195177008,0.1473318195177008,76119
current_is_starter_momentum_10_vs_30,0.010632075594317428,0.13169178175510965,0.13169178175510965,76119
starter_minutes_std_30,0.02096520529784109,0.1276733574066623,0.1276733574066623,75324
numMinutes_z_5_vs_30,0.021979021797054733,0.12340307339223115,0.12340307339223115,75246
defensiveRating_roll_30,0.010632075594317428,0.12257758769501122,0.12257758769501122,76119
defensiveRating_roll_10,0.010632075594317428,0.11663657560494381,0.11663657560494381,76119
fantasy_points_z_5_vs_30,0.02132913942576394,0.11496135195254376,0.11496135195254376,75296
numMinutes_z_10_vs_30,0.021979021797054733,0.11485635398265759,0.11485635398265759,75246
fantasy_points_z_10_vs_30,0.02132913942576394,0.11391740385021963,0.11391740385021963,75296
numMinutes_momentum_10_vs_30,0.010632075594317428,0.11278504476269313,0.11278504476269313,76119
freeThrowsPercentage_std_30,0.02096520529784109,0.11049299615715623,-0.11049299615715623,75324
points_z_10_vs_30,0.0243185983337016,0.1096795213687099,0.1096795213687099,75066
points_z_5_vs_30,0.0243185983337016,0.10912515257092817,0.10912515257092817,75066
defensiveRating_roll_5,0.010632075594317428,0.0988645224560143,0.0988645224560143,76119
bodyWeightLbs,0.0,0.09508484947530982,0.09508484947530982,76937
assists_momentum_10_vs_30,0.010632075594317428,0.08693267539795808,0.08693267539795808,76119
bench_minutes_momentum_10_vs_30,0.010632075594317428,0.08500297377066166,-0.08500297377066166,76119
reboundsTotal_z_5_vs_30,0.02442257951310813,0.08296281809185993,0.08296281809185993,75058
numMinutes_momentum_3_vs_10,0.010632075594317428,0.08234510338604209,0.08234510338604209,76119
assists_z_10_vs_30,0.032338146795430026,0.08184234049756242,0.08184234049756242,74449
starter_minutes_momentum_3_vs_10,0.010632075594317428,0.08099998099049847,0.08099998099049847,76119
reboundsTotal_z_10_vs_30,0.02442257951310813,0.08098926474157693,0.08098926474157693,75058
assists_z_5_vs_30,0.032338146795430026,0.08037293256727365,0.08037293256727365,74449
reboundsTotal_momentum_10_vs_30,0.010632075594317428,0.0800293295107295,0.0800293295107295,76119
starter_minutes_momentum_5_vs_10,0.010632075594317428,0.07540580853856901,0.07540580853856901,76119
numMinutes_momentum_5_vs_10,0.010632075594317428,0.07079228228134095,0.07079228228134095,76119
pace_roll_30,0.010632075594317428,0.06880960166141405,-0.06880960166141405,76119
fantasy_points_momentum_3_vs_10,0.010632075594317428,0.06756758240401255,0.06756758240401255,76119
current_is_starter_momentum_5_vs_10,0.010632075594317428,0.06739988978573622,0.06739988978573622,76119
bench_minutes_z_10_vs_30,0.16857948711283258,0.06654851028760964,-0.06654851028760964,63967
heightInches,0.0,0.061569610062948976,0.061569610062948976,76937
freeThrowsPercentage_momentum_10_vs_30,0.010632075594317428,0.0574673131736384,0.0574673131736384,76119
opp_pos_starter_count_roll_5,0.34243601908054644,0.05568577435452961,-0.05568577435452961,50591
opp_pos_starter_count_roll_10,0.34243601908054644,0.05568577435452961,-0.05568577435452961,50591
opp_pos_starter_count_roll_30,0.34243601908054644,0.05568577435452961,-0.05568577435452961,50591
bench_minutes_roll_30,0.010632075594317428,0.054337331454334656,0.054337331454334656,76119
pace_std_30,0.02096520529784109,0.052824799267262315,-0.052824799267262315,75324
pace_roll_10,0.010632075594317428,0.05280749324257725,-0.05280749324257725,76119
opp_pos_minutes_allowed_roll_30,0.34243601908054644,0.05161255167994579,-0.05161255167994579,50591
opp_pos_minutes_allowed_roll_10,0.34243601908054644,0.050891987344568505,-0.050891987344568505,50591
bench_minutes_z_5_vs_30,0.16857948711283258,0.04983503477048253,-0.04983503477048253,63967
opp_pos_minutes_allowed_roll_5,0.34243601908054644,0.049556950727806255,-0.049556950727806255,50591
turnovers_momentum_10_vs_30,0.010632075594317428,0.04954238161682048,0.04954238161682048,76119
opp_pos_player_count_roll_30,0.34243601908054644,0.04912762889213944,-0.04912762889213944,50591
opp_pos_player_count_roll_10,0.34243601908054644,0.0488005062677383,-0.0488005062677383,50591
usagePercentage_z_10_vs_30,0.021563097079428623,0.04782118396054036,0.04782118396054036,75278
opp_pos_player_count_roll_5,0.34243601908054644,0.04730827936752205,-0.04730827936752205,50591
trueShootingPercentage_z_10_vs_30,0.023746701846965697,0.043708745447338264,0.043708745447338264,75110
trueShootingPercentage_z_5_vs_30,0.023746701846965697,0.043536969726545284,0.043536969726545284,75110
pace_roll_5,0.010632075594317428,0.04352315333950109,-0.04352315333950109,76119
opp_pos_fp_allowed_per_player_std_30,0.34659526625680753,0.04350562855982544,0.04350562855982544,50271
reboundsTotal_momentum_5_vs_10,0.010632075594317428,0.042859582232013034,0.042859582232013034,76119
assists_momentum_5_vs_10,0.010632075594317428,0.042666552022910115,0.042666552022910115,76119
effectiveFieldGoalPercentage_z_5_vs_30,0.02498147835241821,0.04170615416004997,0.04170615416004997,75015
opp_pos_fp_allowed_roll_30,0.34243601908054644,0.04144390032916063,-0.04144390032916063,50591
usagePercentage_momentum_10_vs_30,0.010632075594317428,0.0412909335558712,0.0412909335558712,76119
effectiveFieldGoalPercentage_z_10_vs_30,0.02498147835241821,0.04017119493489634,0.04017119493489634,75015
trueShootingPercentage_momentum_10_vs_30,0.010632075594317428,0.040141221609325595,0.040141221609325595,76119
offensiveRating_z_10_vs_30,0.021238155893783226,0.039921113351869014,0.039921113351869014,75303
opp_pos_fp_allowed_roll_10,0.34243601908054644,0.03989973583210485,-0.03989973583210485,50591
opp_points_allowed_roll_30,0.3381727907248788,0.0389247623115793,0.0389247623115793,50919
opp_pos_fp_allowed_per_player_roll_10,0.34243601908054644,0.038668084280555744,0.038668084280555744,50591
effectiveFieldGoalPercentage_momentum_10_vs_30,0.010632075594317428,0.037824652775849094,0.037824652775849094,76119
opp_pos_fp_allowed_roll_5,0.34243601908054644,0.03656639789420651,-0.03656639789420651,50591
blocks_momentum_10_vs_30,0.010632075594317428,0.036412391057545464,0.036412391057545464,76119
steals_momentum_10_vs_30,0.010632075594317428,0.03579700409466773,0.03579700409466773,76119
opp_fp_allowed_roll_30,0.34243601908054644,0.03567563366664139,0.03567563366664139,50591
offensiveRating_z_5_vs_30,0.021238155893783226,0.03556469225424778,0.03556469225424778,75303
opp_pos_fp_allowed_roll_3,0.34243601908054644,0.033996868921148914,-0.033996868921148914,50591
opp_pos_fp_allowed_per_player_roll_5,0.34243601908054644,0.03397044646945142,0.03397044646945142,50591
playerImpactEstimate_z_5_vs_30,0.021277148836060675,0.03350490118315991,0.03350490118315991,75300
opp_pos_player_count_std_30,0.34659526625680753,0.0332708410528459,-0.0332708410528459,50271
playerImpactEstimate_z_10_vs_30,0.021277148836060675,0.033213294655487086,0.033213294655487086,75300
opp_pointsInThePaint_allowed_roll_30,0.3381727907248788,0.03308260924936672,0.03308260924936672,50919
opp_pace_roll_30,0.3381727907248788,0.0323489687694247,0.0323489687694247,50919
opp_defensiveRating_roll_30,0.3381727907248788,0.0317481755340509,0.0317481755340509,50919
opp_points_allowed_roll_5,0.3381727907248788,0.03171923644469634,0.03171923644469634,50919
opp_fp_allowed_roll_5,0.34272196732391436,0.030831430780154323,0.030831430780154323,50569
defensiveRating_z_10_vs_30,0.021147172361802514,0.030654834013335783,0.030654834013335783,75310
turnovers_momentum_5_vs_10,0.010632075594317428,0.030046574504381557,0.030046574504381557,76119
opp_pos_minutes_allowed_std_30,0.34659526625680753,0.02926528769963914,-0.02926528769963914,50271
opp_pos_fp_allowed_per_player_roll_3,0.34243601908054644,0.028641695981183934,0.028641695981183934,50591
offensiveRating_momentum_10_vs_30,0.010632075594317428,0.02855677841677817,0.02855677841677817,76119
opp_win_roll_30,0.3381727907248788,0.02854178914205262,-0.02854178914205262,50919
opp_effectiveFieldGoalPercentage_allowed_roll_30,0.3381727907248788,0.027957102956019393,0.027957102956019393,50919
opp_pointsInThePaint_allowed_roll_10,0.3381727907248788,0.027948323829608848,0.027948323829608848,50919
opp_pointsInThePaint_allowed_roll_5,0.3381727907248788,0.02758112194577781,0.02758112194577781,50919
opp_effectiveFieldGoalPercentage_allowed_roll_10,0.3381727907248788,0.025838328300342855,0.025838328300342855,50919
pace_z_10_vs_30,0.020978202945266908,0.025705797433731883,-0.025705797433731883,75323
opp_pointsSecondChance_allowed_roll_30,0.3381727907248788,0.025328574998966655,0.025328574998966655,50919
opp_pace_roll_5,0.3381727907248788,0.024428531589148976,0.024428531589148976,50919
pace_z_5_vs_30,0.020978202945266908,0.02425524343264414,-0.02425524343264414,75323
defensiveRating_z_5_vs_30,0.021147172361802514,0.024111604045171285,0.024111604045171285,75310
opp_defensiveRating_roll_5,0.3381727907248788,0.024104935186940103,0.024104935186940103,50919
freeThrowsPercentage_momentum_5_vs_10,0.010632075594317428,0.023790365736142283,0.023790365736142283,76119
defensiveRating_momentum_10_vs_30,0.010632075594317428,0.022503479295081133,0.022503479295081133,76119
trueShootingPercentage_momentum_5_vs_10,0.010632075594317428,0.021687063713948813,0.021687063713948813,76119
opp_pos_fp_allowed_std_30,0.34659526625680753,0.02152330691162191,-0.02152330691162191,50271
effectiveFieldGoalPercentage_momentum_5_vs_10,0.010632075594317428,0.021158177851317763,0.021158177851317763,76119
opp_win_roll_10,0.3381727907248788,0.02048269416370456,-0.02048269416370456,50919
bench_minutes_momentum_5_vs_10,0.010632075594317428,0.01943466099663469,-0.01943466099663469,76119
opp_effectiveFieldGoalPercentage_allowed_roll_5,0.3381727907248788,0.018255558856818902,0.018255558856818902,50919
usagePercentage_momentum_3_vs_10,0.010632075594317428,0.018222446704982763,0.018222446704982763,76119
steals_momentum_5_vs_10,0.010632075594317428,0.01814178297388248,0.01814178297388248,76119
opp_pointsFromTurnovers_allowed_std_30,0.3381727907248788,0.017544774831650983,0.017544774831650983,50919
bench_minutes_roll_10,0.010632075594317428,0.017245579742417683,0.017245579742417683,76119
blocks_momentum_5_vs_10,0.010632075594317428,0.017111246787814973,0.017111246787814973,76119
pos_opp_difficulty_ratio_30,0.34243601908054644,0.017020393278694625,0.017020393278694625,50591
opp_turnovers_forced_std_30,0.3381727907248788,0.016868885755561336,0.016868885755561336,50919
opp_pointsSecondChance_allowed_roll_10,0.3381727907248788,0.016407455362495323,0.016407455362495323,50919
opp_pointsInThePaint_allowed_std_30,0.3381727907248788,0.016297460582034646,0.016297460582034646,50919
opp_pointsFromTurnovers_allowed_roll_30,0.3381727907248788,0.015962070833607987,0.015962070833607987,50919
opp_pointsFromTurnovers_allowed_roll_10,0.3381727907248788,0.015532289200928508,0.015532289200928508,50919
team_reboundsTotal_std_30,0.3381727907248788,0.015009210962622158,0.015009210962622158,50919
team_reboundsTotal_roll_30,0.3381727907248788,0.01450657762167836,0.01450657762167836,50919
opp_win_roll_5,0.3381727907248788,0.014367254847555572,-0.014367254847555572,50919
playerImpactEstimate_momentum_10_vs_30,0.010632075594317428,0.013551684665828066,0.013551684665828066,76119
opp_pointsFastBreak_allowed_roll_30,0.3381727907248788,0.013234490643965615,0.013234490643965615,50919
opp_turnovers_forced_roll_30,0.3381727907248788,0.013099654836811846,0.013099654836811846,50919
opp_pointsFromTurnovers_allowed_roll_5,0.3381727907248788,0.012696272131727701,0.012696272131727701,50919
opp_pointsFastBreak_allowed_std_30,0.3381727907248788,0.01230970324759585,0.01230970324759585,50919
offensiveRating_momentum_5_vs_10,0.010632075594317428,0.012126359919303142,0.012126359919303142,76119
team_defensiveRating_z_10_vs_30,0.3381727907248788,0.012118788505682305,0.012118788505682305,50919
pos_opp_difficulty_ratio_10,0.34243601908054644,0.012000256266769498,0.012000256266769498,50591
team_defensiveRating_momentum_10_vs_30,0.3381727907248788,0.011839896616142605,0.011839896616142605,50919
pos_opp_difficulty_roll_10,0.34243601908054644,0.011557955167364065,0.011557955167364065,50591
opp_trueShootingPercentage_allowed_roll_30,0.3381727907248788,0.011552472967214452,-0.011552472967214452,50919
bench_minutes_roll_5,0.010632075594317428,0.011489548072447663,0.011489548072447663,76119
opp_defensiveRating_momentum_10_vs_30,0.3381727907248788,0.011447302325622778,0.011447302325622778,50919
opp_defensiveRating_z_10_vs_30,0.3381727907248788,0.011334512237432398,0.011334512237432398,50919
team_score_std_30,0.3381727907248788,0.011317582022759662,-0.011317582022759662,50919
pos_opp_difficulty_ratio_5,0.34243601908054644,0.011233280741970808,0.011233280741970808,50591
team_threePointersPercentage_std_30,0.3381727907248788,0.011193030444550008,-0.011193030444550008,50919
team_defensiveRating_z_5_vs_30,0.3381727907248788,0.011019887530863224,0.011019887530863224,50919
opp_pointsSecondChance_allowed_roll_5,0.3381727907248788,0.011019030191759946,0.011019030191759946,50919
opp_points_allowed_momentum_10_vs_30,0.3381727907248788,0.010637861552113501,0.010637861552113501,50919
opp_pointsFastBreak_allowed_roll_10,0.3381727907248788,0.010186102402360562,0.010186102402360562,50919
team_pointsFastBreak_roll_30,0.3424100237856948,0.010129555355644738,0.010129555355644738,50593
pos_opp_difficulty_roll_5,0.34243601908054644,0.010076151289749988,0.010076151289749988,50591
opp_points_allowed_z_10_vs_30,0.3381727907248788,0.009901834255060572,0.009901834255060572,50919
team_win_std_30,0.3381727907248788,0.009640120779508403,0.009640120779508403,50919
opp_blocks_momentum_10_vs_30,0.3381727907248788,0.009409287446772814,-0.009409287446772814,50919
opp_turnovers_forced_roll_10,0.3381727907248788,0.009368976939008166,0.009368976939008166,50919
team_pointsFastBreak_roll_10,0.34272196732391436,0.00932052971311134,0.00932052971311134,50569
opp_pointsFastBreak_allowed_roll_5,0.3381727907248788,0.009244259387356044,0.009244259387356044,50919
team_threePointersPercentage_z_5_vs_30,0.3381727907248788,0.009185547880011585,0.009185547880011585,50919
playerImpactEstimate_momentum_5_vs_10,0.010632075594317428,0.008963361607832268,0.008963361607832268,76119
opp_blocks_z_10_vs_30,0.3381727907248788,0.008944891267578177,-0.008944891267578177,50919
team_pointsFastBreak_roll_5,0.34272196732391436,0.00873392583799855,0.00873392583799855,50569
opp_effectiveFieldGoalPercentage_allowed_momentum_10_vs_30,0.3381727907248788,0.008680248968308718,0.008680248968308718,50919
team_reboundsTotal_roll_10,0.3381727907248788,0.008553828510681684,0.008553828510681684,50919
team_threePointersPercentage_z_10_vs_30,0.3381727907248788,0.008548064480183411,0.008548064480183411,50919
team_offensiveRating_z_10_vs_30,0.3381727907248788,0.008521132283828642,0.008521132283828642,50919
opp_trueShootingPercentage_allowed_z_5_vs_30,0.3381727907248788,0.008518875857356823,0.008518875857356823,50919
opp_fp_allowed_momentum_10_vs_30,0.34272196732391436,0.00851438787073319,0.00851438787073319,50569
opp_steals_roll_10,0.3381727907248788,0.008492185920715186,-0.008492185920715186,50919
opp_effectiveFieldGoalPercentage_allowed_z_10_vs_30,0.3381727907248788,0.008356637556731956,0.008356637556731956,50919
opp_fp_allowed_z_10_vs_30,0.3467382403784915,0.008354658460885168,0.008354658460885168,50260
team_points_allowed_z_5_vs_30,0.3381727907248788,0.008013051094981623,0.008013051094981623,50919
team_threePointersPercentage_momentum_10_vs_30,0.3381727907248788,0.00798983881696382,0.00798983881696382,50919
opp_pointsInThePaint_allowed_momentum_5_vs_10,0.3381727907248788,0.007972195016655815,0.007972195016655815,50919
opp_pointsInThePaint_allowed_z_5_vs_30,0.3381727907248788,0.007859529488214523,0.007859529488214523,50919
opp_turnovers_forced_roll_5,0.3381727907248788,0.007831119080334438,0.007831119080334438,50919
opp_defensiveRating_std_30,0.3381727907248788,0.007821758365682266,-0.007821758365682266,50919
opp_assists_allowed_roll_5,0.3381727907248788,0.007809293975940944,0.007809293975940944,50919
opp_trueShootingPercentage_allowed_z_10_vs_30,0.3381727907248788,0.007770277688732279,0.007770277688732279,50919
opp_points_allowed_z_5_vs_30,0.3381727907248788,0.007700065370929113,0.007700065370929113,50919
opp_blocks_z_5_vs_30,0.3381727907248788,0.0076996415466602025,-0.0076996415466602025,50919
opp_rebounds_allowed_roll_10,0.3381727907248788,0.0076679266173915045,-0.0076679266173915045,50919
team_points_allowed_momentum_10_vs_30,0.3381727907248788,0.00760593180610699,0.00760593180610699,50919
opp_trueShootingPercentage_allowed_momentum_10_vs_30,0.3381727907248788,0.007481726711117462,0.007481726711117462,50919
team_offensiveRating_momentum_10_vs_30,0.3381727907248788,0.00746340843688449,0.00746340843688449,50919
opp_steals_z_10_vs_30,0.3381727907248788,0.007433043444692958,-0.007433043444692958,50919
team_points_allowed_z_10_vs_30,0.3381727907248788,0.007422759551206717,0.007422759551206717,50919
opp_assists_allowed_roll_30,0.3381727907248788,0.007269450739529676,0.007269450739529676,50919
team_pointsSecondChance_std_30,0.3468032286156206,0.007182179054892769,0.007182179054892769,50255
pos_opp_difficulty_ratio_3,0.34243601908054644,0.007164244342664579,0.007164244342664579,50591
opp_steals_roll_5,0.3381727907248788,0.007156643030576483,-0.007156643030576483,50919
opp_rebounds_allowed_roll_30,0.3381727907248788,0.007059751950977014,-0.007059751950977014,50919
team_offensiveRating_roll_5,0.3381727907248788,0.007048535874243425,0.007048535874243425,50919
opp_pointsSecondChance_allowed_std_30,0.3381727907248788,0.00703639971529963,0.00703639971529963,50919
opp_defensiveRating_z_5_vs_30,0.3381727907248788,0.00702963564190946,0.00702963564190946,50919
opp_steals_momentum_10_vs_30,0.3381727907248788,0.006975838543153724,-0.006975838543153724,50919
team_turnovers_std_30,0.3381727907248788,0.006930902610771463,0.006930902610771463,50919
team_threePointersPercentage_roll_5,0.3381727907248788,0.0069024190388067876,0.0069024190388067876,50919
opp_rebounds_allowed_std_30,0.3381727907248788,0.006720006956996222,0.006720006956996222,50919
team_trueShootingPercentage_std_30,0.3381727907248788,0.006619501269830635,-0.006619501269830635,50919
opp_blocks_roll_5,0.3381727907248788,0.006580860217665712,-0.006580860217665712,50919
team_blocks_z_10_vs_30,0.3381727907248788,0.006505454939935481,-0.006505454939935481,50919
team_trueShootingPercentage_z_10_vs_30,0.3381727907248788,0.0064898925934781864,0.0064898925934781864,50919
opp_rebounds_allowed_momentum_5_vs_10,0.3381727907248788,0.006415121197567357,0.006415121197567357,50919
team_blocks_momentum_10_vs_30,0.3381727907248788,0.006373716947134316,-0.006373716947134316,50919
team_turnovers_z_10_vs_30,0.3381727907248788,0.006279595830606261,-0.006279595830606261,50919
opp_assists_allowed_std_30,0.3381727907248788,0.006269761583943794,-0.006269761583943794,50919
opp_fp_allowed_z_5_vs_30,0.3467382403784915,0.006253349476470413,0.006253349476470413,50260
team_trueShootingPercentage_momentum_10_vs_30,0.3381727907248788,0.006209997223521996,0.006209997223521996,50919
opp_pos_fp_allowed_per_player_z_5_vs_30,0.34659526625680753,0.006133056171292528,0.006133056171292528,50271
team_turnovers_roll_5,0.3381727907248788,0.0060907206863036545,-0.0060907206863036545,50919
opp_win_std_30,0.3381727907248788,0.0060326614296997445,-0.0060326614296997445,50919
opp_blocks_roll_10,0.3381727907248788,0.006025568070634052,-0.006025568070634052,50919
team_defensiveRating_roll_30,0.3381727907248788,0.006022280255771437,-0.006022280255771437,50919
team_pointsSecondChance_roll_10,0.34272196732391436,0.0060165199375648865,0.0060165199375648865,50569
pace_momentum_5_vs_10,0.010632075594317428,0.00597953537638482,-0.00597953537638482,76119
team_effectiveFieldGoalPercentage_z_10_vs_30,0.3381727907248788,0.005968405991501287,0.005968405991501287,50919
team_effectiveFieldGoalPercentage_momentum_10_vs_30,0.3381727907248788,0.00591478178703433,0.00591478178703433,50919
opp_pos_fp_allowed_per_player_momentum_5_vs_10,0.34243601908054644,0.005844983987111422,0.005844983987111422,50591
team_turnovers_momentum_10_vs_30,0.3381727907248788,0.005791088616728438,-0.005791088616728438,50919
opp_assists_allowed_roll_10,0.3381727907248788,0.005781338500996884,0.005781338500996884,50919
pace_momentum_10_vs_30,0.010632075594317428,0.0057481044149001615,-0.0057481044149001615,76119
opp_pointsFromTurnovers_allowed_momentum_10_vs_30,0.3381727907248788,0.005747140330043786,0.005747140330043786,50919
team_defensiveRating_roll_5,0.3381727907248788,0.005586136281564937,0.005586136281564937,50919
opp_assists_allowed_momentum_5_vs_10,0.3381727907248788,0.00551509543602005,0.00551509543602005,50919
opp_trueShootingPercentage_allowed_momentum_5_vs_10,0.3381727907248788,0.005492538713542078,0.005492538713542078,50919
team_pointsFromTurnovers_momentum_10_vs_30,0.34272196732391436,0.005473872703570759,-0.005473872703570759,50569
team_offensiveRating_z_5_vs_30,0.3381727907248788,0.00539526602275856,0.00539526602275856,50919
team_reboundsTotal_roll_5,0.3381727907248788,0.005328309983037438,0.005328309983037438,50919
team_effectiveFieldGoalPercentage_z_5_vs_30,0.3381727907248788,0.005257534384034499,0.005257534384034499,50919
opp_pointsFromTurnovers_allowed_z_10_vs_30,0.3381727907248788,0.005254144666251909,0.005254144666251909,50919
opp_pos_fp_allowed_per_player_momentum_3_vs_10,0.34243601908054644,0.005177426115412284,0.005177426115412284,50591
team_win_momentum_5_vs_10,0.3381727907248788,0.005166170159338941,-0.005166170159338941,50919
opp_steals_z_5_vs_30,0.3381727907248788,0.00513368360360362,-0.00513368360360362,50919
team_points_allowed_std_30,0.3381727907248788,0.00512760621020153,-0.00512760621020153,50919
team_win_roll_30,0.3381727907248788,0.005126456710873353,0.005126456710873353,50919
team_threePointersPercentage_momentum_5_vs_10,0.3381727907248788,0.005047619398592181,0.005047619398592181,50919
team_pace_momentum_10_vs_30,0.3381727907248788,0.005040742329502815,-0.005040742329502815,50919
opp_steals_roll_30,0.3381727907248788,0.004981620186056294,-0.004981620186056294,50919
opp_pos_player_count_z_10_vs_30,0.3486878874923639,0.004965364322266174,-0.004965364322266174,50110
team_pointsSecondChance_roll_30,0.3424100237856948,0.004947662138532368,0.004947662138532368,50593
defensiveRating_momentum_5_vs_10,0.010632075594317428,0.004900765317589658,0.004900765317589658,76119
team_effectiveFieldGoalPercentage_roll_30,0.3381727907248788,0.004896580109120734,-0.004896580109120734,50919
team_pace_std_30,0.3381727907248788,0.004860412613889204,-0.004860412613889204,50919
team_score_roll_10,0.3381727907248788,0.004855803834728242,0.004855803834728242,50919
opp_pos_player_count_z_5_vs_30,0.3486878874923639,0.004853985806907652,-0.004853985806907652,50110
team_pace_z_10_vs_30,0.3381727907248788,0.004794470461727509,-0.004794470461727509,50919
opp_pos_player_count_momentum_10_vs_30,0.34243601908054644,0.004754469551494201,-0.004754469551494201,50591
pos_opp_difficulty_roll_3,0.34243601908054644,0.004734857128814445,0.004734857128814445,50591
team_threePointersPercentage_roll_10,0.3381727907248788,0.004727189200387769,0.004727189200387769,50919
team_points_allowed_roll_30,0.3381727907248788,0.00471318517240568,-0.00471318517240568,50919
team_reboundsTotal_momentum_10_vs_30,0.3381727907248788,0.004706462378600512,-0.004706462378600512,50919
team_win_z_5_vs_30,0.3381727907248788,0.004693018051145583,-0.004693018051145583,50919
team_trueShootingPercentage_z_5_vs_30,0.3381727907248788,0.0046420495907680765,0.0046420495907680765,50919
team_turnovers_roll_30,0.3381727907248788,0.004635900970530707,-0.004635900970530707,50919
team_offensiveRating_roll_30,0.3381727907248788,0.004615230306050869,0.004615230306050869,50919
team_pointsFromTurnovers_z_10_vs_30,0.3473881227497823,0.004604942183075784,-0.004604942183075784,50210
opp_pos_fp_allowed_momentum_5_vs_10,0.34243601908054644,0.004522311371222389,0.004522311371222389,50591
team_turnovers_z_5_vs_30,0.3381727907248788,0.004465773303506169,-0.004465773303506169,50919
opp_win_z_5_vs_30,0.3381727907248788,0.004424957323808782,0.004424957323808782,50919
team_trueShootingPercentage_roll_30,0.3381727907248788,0.0043626266990868,-0.0043626266990868,50919
team_pointsFromTurnovers_roll_10,0.34272196732391436,0.004329955667958746,-0.004329955667958746,50569
team_reboundsTotal_z_5_vs_30,0.3381727907248788,0.004300487463883044,-0.004300487463883044,50919
team_reboundsTotal_z_10_vs_30,0.3381727907248788,0.004278383641849558,-0.004278383641849558,50919
team_score_roll_5,0.3381727907248788,0.004275894296500305,0.004275894296500305,50919
team_defensiveRating_momentum_5_vs_10,0.3381727907248788,0.0041524531904130555,0.0041524531904130555,50919
team_pointsSecondChance_roll_5,0.34272196732391436,0.004124727127521881,0.004124727127521881,50569
opp_trueShootingPercentage_allowed_roll_10,0.3381727907248788,0.004117922603005559,-0.004117922603005559,50919
team_score_z_10_vs_30,0.3381727907248788,0.004089002314578911,0.004089002314578911,50919
opp_pos_fp_allowed_momentum_3_vs_10,0.34243601908054644,0.004004077373384353,0.004004077373384353,50591
team_points_allowed_momentum_5_vs_10,0.3381727907248788,0.003983371409861986,0.003983371409861986,50919
team_defensiveRating_roll_10,0.3381727907248788,0.0038269582358078503,0.0038269582358078503,50919
team_blocks_roll_30,0.3381727907248788,0.003745053598641111,0.003745053598641111,50919
team_score_momentum_10_vs_30,0.3381727907248788,0.0037172707925407257,0.0037172707925407257,50919
team_blocks_std_30,0.3381727907248788,0.0036553169061842214,-0.0036553169061842214,50919
opp_pointsFromTurnovers_allowed_z_5_vs_30,0.3381727907248788,0.003644211980111079,0.003644211980111079,50919
opp_assists_allowed_z_5_vs_30,0.3381727907248788,0.0035845359088573915,0.0035845359088573915,50919
opp_effectiveFieldGoalPercentage_allowed_z_5_vs_30,0.3381727907248788,0.0035642433062087063,0.0035642433062087063,50919
opp_rebounds_allowed_z_5_vs_30,0.3381727907248788,0.003543184519956345,0.003543184519956345,50919
opp_points_allowed_std_30,0.3381727907248788,0.0035166304116998944,-0.0035166304116998944,50919
opp_rebounds_allowed_momentum_10_vs_30,0.3381727907248788,0.003399795835989509,-0.003399795835989509,50919
team_blocks_z_5_vs_30,0.3381727907248788,0.00336690611688168,-0.00336690611688168,50919
team_score_roll_30,0.3381727907248788,0.003278363856538117,0.003278363856538117,50919
opp_win_momentum_10_vs_30,0.3381727907248788,0.003251226931900857,0.003251226931900857,50919
opp_pace_momentum_5_vs_10,0.3381727907248788,0.003249438278034901,0.003249438278034901,50919
opp_win_momentum_5_vs_10,0.3381727907248788,0.003210810560782142,0.003210810560782142,50919
opp_pos_fp_allowed_z_5_vs_30,0.34659526625680753,0.003103181653825419,0.003103181653825419,50271
team_pointsSecondChance_momentum_10_vs_30,0.34272196732391436,0.0030976343515520567,0.0030976343515520567,50569
team_win_roll_10,0.3381727907248788,0.003089548681106944,0.003089548681106944,50919
team_points_allowed_roll_5,0.3381727907248788,0.00301300292075168,0.00301300292075168,50919
opp_win_z_10_vs_30,0.3381727907248788,0.0029654112868014097,0.0029654112868014097,50919
opp_blocks_momentum_5_vs_10,0.3381727907248788,0.002917381505692923,-0.002917381505692923,50919
team_pointsFromTurnovers_roll_5,0.34272196732391436,0.0028683953008053265,-0.0028683953008053265,50569
team_steals_roll_30,0.3381727907248788,0.0028623990096273383,0.0028623990096273383,50919
team_steals_momentum_10_vs_30,0.3381727907248788,0.002849976590807481,-0.002849976590807481,50919
team_score_z_5_vs_30,0.3381727907248788,0.0028324095979732956,0.0028324095979732956,50919
opp_pace_std_30,0.3381727907248788,0.00280423068806411,0.00280423068806411,50919
team_pointsSecondChance_z_10_vs_30,0.3468032286156206,0.002803063968238598,0.002803063968238598,50255
team_pointsInThePaint_momentum_5_vs_10,0.34272196732391436,0.002800730322269806,-0.002800730322269806,50569
team_pointsFromTurnovers_std_30,0.3468032286156206,0.002727215746881507,-0.002727215746881507,50255
opp_rebounds_allowed_z_10_vs_30,0.3381727907248788,0.0026946310564499873,-0.0026946310564499873,50919
opp_blocks_std_30,0.3381727907248788,0.0026377850460494214,-0.0026377850460494214,50919
opp_pointsInThePaint_allowed_z_10_vs_30,0.3381727907248788,0.0025810581520333974,0.0025810581520333974,50919
team_pace_roll_5,0.3381727907248788,0.002508973034650415,-0.002508973034650415,50919
team_assists_roll_5,0.3381727907248788,0.0024858905445228506,0.0024858905445228506,50919
team_steals_z_10_vs_30,0.3381727907248788,0.0024668324886152793,-0.0024668324886152793,50919
team_assists_z_5_vs_30,0.3381727907248788,0.002462313764146558,0.002462313764146558,50919
team_assists_z_10_vs_30,0.3381727907248788,0.0024611821059710285,0.0024611821059710285,50919
opp_pointsInThePaint_allowed_momentum_10_vs_30,0.3381727907248788,0.0024557091247471106,0.0024557091247471106,50919
team_pointsFastBreak_z_5_vs_30,0.3469721980321562,0.002442021568290364,0.002442021568290364,50242
team_reboundsTotal_momentum_5_vs_10,0.3381727907248788,0.002385140867802685,-0.002385140867802685,50919
team_pointsInThePaint_roll_10,0.34272196732391436,0.002362824286911576,0.002362824286911576,50569
team_assists_std_30,0.3381727907248788,0.002358610577923369,-0.002358610577923369,50919
team_assists_momentum_10_vs_30,0.3381727907248788,0.0023290025471412843,0.0023290025471412843,50919
team_pace_momentum_5_vs_10,0.3381727907248788,0.0022198207949984325,0.0022198207949984325,50919
team_effectiveFieldGoalPercentage_momentum_5_vs_10,0.3381727907248788,0.0022103085852115826,0.0022103085852115826,50919
opp_rebounds_allowed_roll_5,0.3381727907248788,0.002195170240533604,-0.002195170240533604,50919
team_pointsFastBreak_momentum_10_vs_30,0.34272196732391436,0.002167667908709623,0.002167667908709623,50569
opp_pos_player_count_momentum_5_vs_10,0.34243601908054644,0.00210074697043527,-0.00210074697043527,50591
opp_pointsFastBreak_allowed_momentum_5_vs_10,0.3381727907248788,0.0021006791945634012,0.0021006791945634012,50919
team_pointsInThePaint_roll_30,0.3424100237856948,0.0020793416698738167,0.0020793416698738167,50593
team_steals_z_5_vs_30,0.3381727907248788,0.00205431557745503,-0.00205431557745503,50919
opp_pointsSecondChance_allowed_z_5_vs_30,0.3381727907248788,0.002049920405534018,-0.002049920405534018,50919
opp_pos_fp_allowed_per_player_z_10_vs_30,0.34659526625680753,0.0020317610536621615,0.0020317610536621615,50271
opp_effectiveFieldGoalPercentage_allowed_momentum_5_vs_10,0.3381727907248788,0.00201489921894903,-0.00201489921894903,50919
opp_pace_z_5_vs_30,0.3381727907248788,0.001995578611576092,0.001995578611576092,50919
team_threePointersPercentage_roll_30,0.3381727907248788,0.001969183104727232,-0.001969183104727232,50919
opp_points_allowed_momentum_5_vs_10,0.3381727907248788,0.0019309177692914167,0.0019309177692914167,50919
team_pointsFastBreak_momentum_5_vs_10,0.34272196732391436,0.0019212253178169645,0.0019212253178169645,50569
opp_effectiveFieldGoalPercentage_allowed_std_30,0.3381727907248788,0.0019072825577750373,0.0019072825577750373,50919
team_assists_momentum_5_vs_10,0.3381727907248788,0.0018292364262237903,0.0018292364262237903,50919
team_defensiveRating_std_30,0.3381727907248788,0.0017436887619249118,-0.0017436887619249118,50919
team_pointsFromTurnovers_z_5_vs_30,0.3473881227497823,0.0017396215199707436,-0.0017396215199707436,50210
team_pace_roll_30,0.3381727907248788,0.0017232075705118871,-0.0017232075705118871,50919
opp_fp_allowed_momentum_5_vs_10,0.34272196732391436,0.0017199603756666987,0.0017199603756666987,50569
opp_pointsFastBreak_allowed_z_5_vs_30,0.3381727907248788,0.001652317710383413,0.001652317710383413,50919
team_blocks_momentum_5_vs_10,0.3381727907248788,0.0015457997409776148,0.0015457997409776148,50919
team_win_momentum_10_vs_30,0.3381727907248788,0.0015405454232630435,-0.0015405454232630435,50919
team_pace_z_5_vs_30,0.3381727907248788,0.0015307525861556286,-0.0015307525861556286,50919
team_pointsInThePaint_z_10_vs_30,0.34711517215384013,0.0014712393501192787,0.0014712393501192787,50231
team_pointsFastBreak_std_30,0.3468032286156206,0.0014527034135106503,0.0014527034135106503,50255
team_effectiveFieldGoalPercentage_roll_5,0.3381727907248788,0.0014138788384523459,0.0014138788384523459,50919
team_pointsSecondChance_momentum_5_vs_10,0.34272196732391436,0.001378801776897996,-0.001378801776897996,50569
opp_pointsSecondChance_allowed_momentum_5_vs_10,0.3381727907248788,0.0013386373755673096,-0.0013386373755673096,50919
opp_pos_minutes_allowed_momentum_5_vs_10,0.34243601908054644,0.0012857022490205235,0.0012857022490205235,50591
opp_trueShootingPercentage_allowed_std_30,0.3381727907248788,0.0012313968005704132,-0.0012313968005704132,50919
team_trueShootingPercentage_roll_5,0.3381727907248788,0.001186308936383558,0.001186308936383558,50919
team_trueShootingPercentage_momentum_5_vs_10,0.3381727907248788,0.0011623010588597874,0.0011623010588597874,50919
team_pointsSecondChance_z_5_vs_30,0.3468032286156206,0.0011564655600046158,0.0011564655600046158,50255
team_win_z_10_vs_30,0.3381727907248788,0.0011543016319866374,-0.0011543016319866374,50919
opp_pointsSecondChance_allowed_z_10_vs_30,0.3381727907248788,0.0011224186641032423,-0.0011224186641032423,50919
team_steals_momentum_5_vs_10,0.3381727907248788,0.0011072697118519677,-0.0011072697118519677,50919
team_offensiveRating_std_30,0.3381727907248788,0.0010796170188965232,-0.0010796170188965232,50919
team_pointsFromTurnovers_roll_30,0.3424100237856948,0.0010413316897397889,-0.0010413316897397889,50593
team_pointsInThePaint_momentum_10_vs_30,0.34272196732391436,0.0010247905508621738,0.0010247905508621738,50569
opp_fp_allowed_std_30,0.3467382403784915,0.0010241076324831871,0.0010241076324831871,50260
opp_assists_allowed_z_10_vs_30,0.3381727907248788,0.0010138086372212874,-0.0010138086372212874,50919
team_pointsFromTurnovers_momentum_5_vs_10,0.34272196732391436,0.0010108541284060087,0.0010108541284060087,50569
team_blocks_roll_10,0.3381727907248788,0.000978969121429502,-0.000978969121429502,50919
opp_pointsFastBreak_allowed_momentum_10_vs_30,0.3381727907248788,0.0009357114758890504,0.0009357114758890504,50919
team_points_allowed_roll_10,0.3381727907248788,0.0009340836298701457,0.0009340836298701457,50919
team_pointsFastBreak_z_10_vs_30,0.3469721980321562,0.0009017862366429886,0.0009017862366429886,50242
opp_turnovers_forced_momentum_10_vs_30,0.3381727907248788,0.0008480497047514878,-0.0008480497047514878,50919
opp_steals_momentum_5_vs_10,0.3381727907248788,0.0007992153353609832,-0.0007992153353609832,50919
team_steals_std_30,0.3381727907248788,0.0007784888293453498,0.0007784888293453498,50919
opp_pointsFromTurnovers_allowed_momentum_5_vs_10,0.3381727907248788,0.0007142245075375446,0.0007142245075375446,50919
team_win_roll_5,0.3381727907248788,0.0006886545284489049,-0.0006886545284489049,50919
opp_assists_allowed_momentum_10_vs_30,0.3381727907248788,0.0006672538488180721,-0.0006672538488180721,50919
opp_turnovers_forced_z_10_vs_30,0.3381727907248788,0.0006489289989397586,-0.0006489289989397586,50919
team_assists_roll_30,0.3381727907248788,0.0006433427201087488,0.0006433427201087488,50919
team_trueShootingPercentage_roll_10,0.3381727907248788,0.0006221216582339093,0.0006221216582339093,50919
opp_steals_std_30,0.3381727907248788,0.0006153906436913146,0.0006153906436913146,50919
opp_pos_fp_allowed_momentum_10_vs_30,0.34243601908054644,0.0006103277571227091,0.0006103277571227091,50591
team_steals_roll_5,0.3381727907248788,0.0005705258841779582,-0.0005705258841779582,50919
team_pointsInThePaint_roll_5,0.34272196732391436,0.000566262755921195,0.000566262755921195,50569
opp_pos_minutes_allowed_z_10_vs_30,0.34664725684651077,0.0005637286614103467,-0.0005637286614103467,50267
opp_pos_fp_allowed_per_player_momentum_10_vs_30,0.34243601908054644,0.0005139281522566017,0.0005139281522566017,50591
team_score_momentum_5_vs_10,0.3381727907248788,0.00046725701299949536,0.00046725701299949536,50919
team_pointsInThePaint_z_5_vs_30,0.34711517215384013,0.0004305709953650984,-0.0004305709953650984,50231
team_effectiveFieldGoalPercentage_std_30,0.3381727907248788,0.0004236852329549605,-0.0004236852329549605,50919
opp_turnovers_forced_momentum_5_vs_10,0.3381727907248788,0.0004151737769774549,0.0004151737769774549,50919
team_offensiveRating_momentum_5_vs_10,0.3381727907248788,0.0004098662243806768,0.0004098662243806768,50919
team_turnovers_momentum_5_vs_10,0.3381727907248788,0.00036522515120030407,-0.00036522515120030407,50919
opp_defensiveRating_momentum_5_vs_10,0.3381727907248788,0.00033478316550674065,0.00033478316550674065,50919
opp_pointsFastBreak_allowed_z_10_vs_30,0.3381727907248788,0.00032747776375554406,-0.00032747776375554406,50919
opp_turnovers_forced_z_5_vs_30,0.3381727907248788,0.0002907173947530455,-0.0002907173947530455,50919
opp_blocks_roll_30,0.3381727907248788,0.00023438044825843416,-0.00023438044825843416,50919
team_pointsInThePaint_std_30,0.3468032286156206,0.00021301751135554837,-0.00021301751135554837,50255
opp_pace_z_10_vs_30,0.3381727907248788,0.0001971392230127751,-0.0001971392230127751,50919
team_steals_roll_10,0.3381727907248788,0.00014971250554025113,0.00014971250554025113,50919
opp_trueShootingPercentage_allowed_roll_5,0.3381727907248788,0.000147029982668933,-0.000147029982668933,50919
opp_pos_fp_allowed_z_10_vs_30,0.34659526625680753,0.00012068654028914971,0.00012068654028914971,50271
team_effectiveFieldGoalPercentage_roll_10,0.3381727907248788,0.00011937115573382444,0.00011937115573382444,50919
opp_pointsSecondChance_allowed_momentum_10_vs_30,0.3381727907248788,0.00011781935036730847,-0.00011781935036730847,50919
team_blocks_roll_5,0.3381727907248788,8.75979774943055e-05,8.75979774943055e-05,50919
opp_pos_minutes_allowed_z_5_vs_30,0.34664725684651077,7.455384904578516e-05,-7.455384904578516e-05,50267
opp_pos_minutes_allowed_momentum_10_vs_30,0.34243601908054644,4.928832627483528e-06,4.928832627483528e-06,50591
opp_pace_momentum_10_vs_30,0.3381727907248788,1.3230126771293112e-06,1.3230126771293112e-06,50919
opp_pos_starter_count_momentum_5_vs_10,0.34243601908054644,,,50591
opp_pos_starter_count_momentum_10_vs_30,0.34243601908054644,,,50591
opp_pos_starter_count_std_30,0.34659526625680753,,,50271
