component,rank,feature,loading,abs_loading
1,1,fantasy_points_roll_3,0.2014093093201944,0.2014093093201944
1,2,numMinutes_roll_3,0.1931007404101568,0.1931007404101568
1,3,freeThrowsPercentage_roll_30,0.1715464314272672,0.1715464314272672
1,4,freeThrowsPercentage_roll_10,0.16738539220883347,0.16738539220883347
1,5,turnovers_roll_30,0.1667975678656435,0.1667975678656435
1,6,trueShootingPercentage_std_30,-0.1626679438755205,0.1626679438755205
1,7,reboundsTotal_roll_5,0.16122455124691992,0.16122455124691992
1,8,reboundsTotal_roll_30,0.16010417458788073,0.16010417458788073
1,9,turnovers_roll_5,0.15802407875098526,0.15802407875098526
1,10,starter_minutes_roll_3,0.15786772507809105,0.15786772507809105
2,1,opp_pos_minutes_allowed_roll_30,0.27170137912913833,0.27170137912913833
2,2,opp_pos_minutes_allowed_roll_10,0.2714956492713873,0.2714956492713873
2,3,opp_pos_minutes_allowed_roll_5,0.2678806250316959,0.2678806250316959
2,4,opp_pos_player_count_roll_30,0.26680716178802155,0.26680716178802155
2,5,opp_pos_player_count_roll_10,0.2633809898142937,0.2633809898142937
2,6,opp_pos_player_count_roll_5,0.2554133126282743,0.2554133126282743
2,7,opp_pos_starter_count_roll_5,0.2519772097559654,0.2519772097559654
2,8,opp_pos_starter_count_roll_30,0.2519772097559654,0.2519772097559654
2,9,opp_pos_starter_count_roll_10,0.2519772097559653,0.2519772097559653
2,10,opp_pos_fp_allowed_per_player_std_30,-0.2155084250143605,0.2155084250143605
3,1,fantasy_points_z_5_vs_30,0.2743272819807324,0.2743272819807324
3,2,fantasy_points_z_10_vs_30,0.27027780093464904,0.27027780093464904
3,3,numMinutes_z_5_vs_30,0.26482204894940103,0.26482204894940103
3,4,numMinutes_momentum_10_vs_30,0.2537131693208117,0.2537131693208117
3,5,numMinutes_z_10_vs_30,0.2498967094975496,0.2498967094975496
3,6,points_z_5_vs_30,0.2485028614199258,0.2485028614199258
3,7,points_z_10_vs_30,0.2471595507950241,0.2471595507950241
3,8,reboundsTotal_z_10_vs_30,0.22087366686481608,0.22087366686481608
3,9,reboundsTotal_z_5_vs_30,0.2166713494372264,0.2166713494372264
3,10,reboundsTotal_momentum_10_vs_30,0.21225966832589896,0.21225966832589896
4,1,bench_minutes_momentum_10_vs_30,0.2713317430567374,0.2713317430567374
4,2,current_is_starter_momentum_10_vs_30,-0.26611095069210233,0.26611095069210233
4,3,starter_minutes_momentum_10_vs_30,-0.2649167817174052,0.2649167817174052
4,4,starter_minutes_share_roll_3,-0.2635630861335649,0.2635630861335649
4,5,bench_minutes_z_5_vs_30,0.2617706761292425,0.2617706761292425
4,6,starter_minutes_share_roll_5,-0.2607605004923325,0.2607605004923325
4,7,bench_minutes_z_10_vs_30,0.2587434869186096,0.2587434869186096
4,8,current_is_starter_roll_5,-0.25516299568190465,0.25516299568190465
4,9,starter_minutes_roll_3,-0.250593893241402,0.250593893241402
4,10,starter_minutes_std_30,-0.19388466541113386,0.19388466541113386
5,1,effectiveFieldGoalPercentage_roll_5,0.23894317379454988,0.23894317379454988
5,2,trueShootingPercentage_roll_5,0.22983854459855613,0.22983854459855613
5,3,bench_minutes_roll_30,0.22926756084250519,0.22926756084250519
5,4,effectiveFieldGoalPercentage_roll_10,0.20547591869201684,0.20547591869201684
5,5,starter_minutes_momentum_5_vs_10,0.20225424598707512,0.20225424598707512
5,6,effectiveFieldGoalPercentage_roll_30,0.20024997528196578,0.20024997528196578
5,7,bench_minutes_z_10_vs_30,-0.19355755203725045,0.19355755203725045
5,8,bench_minutes_std_30,0.1927740673460107,0.1927740673460107
5,9,starter_minutes_momentum_3_vs_10,0.1909633511833783,0.1909633511833783
5,10,current_is_starter_momentum_5_vs_10,0.19088812418336482,0.19088812418336482
6,1,bench_minutes_roll_30,0.26632287617411926,0.26632287617411926
6,2,starter_minutes_share_roll_30,-0.23810191598165917,0.23810191598165917
6,3,current_is_starter_roll_30,-0.22809474360379567,0.22809474360379567
6,4,effectiveFieldGoalPercentage_roll_10,-0.1872953678746797,0.1872953678746797
6,5,defensiveRating_roll_30,-0.18294948921970391,0.18294948921970391
6,6,defensiveRating_roll_10,-0.1807438332579954,0.1807438332579954
6,7,effectiveFieldGoalPercentage_roll_5,-0.1755034002426302,0.1755034002426302
6,8,offensiveRating_roll_10,-0.17311185390423134,0.17311185390423134
6,9,starter_minutes_std_30,-0.16474255959513573,0.16474255959513573
6,10,trueShootingPercentage_roll_5,-0.16312610938268576,0.16312610938268576
7,1,numMinutes_momentum_3_vs_10,0.3310925842585112,0.3310925842585112
7,2,numMinutes_momentum_5_vs_10,0.3210082968853194,0.3210082968853194
7,3,fantasy_points_momentum_3_vs_10,0.30092624091345355,0.30092624091345355
7,4,starter_minutes_momentum_10_vs_30,-0.24464854524854823,0.24464854524854823
7,5,current_is_starter_momentum_10_vs_30,-0.23988036757374917,0.23988036757374917
7,6,starter_minutes_momentum_3_vs_10,0.19298550015238694,0.19298550015238694
7,7,bench_minutes_std_30,-0.17043647750656385,0.17043647750656385
7,8,starter_minutes_momentum_5_vs_10,0.1701134967682065,0.1701134967682065
7,9,bench_minutes_roll_30,-0.16718337113332535,0.16718337113332535
7,10,numMinutes_momentum_10_vs_30,-0.16275556871771407,0.16275556871771407
8,1,pace_roll_30,0.45063644481463283,0.45063644481463283
8,2,pace_roll_10,0.4371364129835669,0.4371364129835669
8,3,pace_std_30,0.4346668074605902,0.4346668074605902
8,4,pace_roll_5,0.37835789072202985,0.37835789072202985
8,5,trueShootingPercentage_z_5_vs_30,0.15408459834415067,0.15408459834415067
8,6,trueShootingPercentage_roll_5,0.14359272296081615,0.14359272296081615
8,7,trueShootingPercentage_z_10_vs_30,0.14102195352585709,0.14102195352585709
8,8,playerImpactEstimate_roll_5,0.13965341615525795,0.13965341615525795
8,9,effectiveFieldGoalPercentage_roll_5,0.13734717544220962,0.13734717544220962
8,10,effectiveFieldGoalPercentage_roll_10,0.10890616910610124,0.10890616910610124
9,1,blocks_roll_10,0.3169870931157271,0.3169870931157271
9,2,blocks_roll_30,0.3063898345914585,0.3063898345914585
9,3,blocks_roll_5,0.3049563906458362,0.3049563906458362
9,4,blocks_std_30,0.2658173905972464,0.2658173905972464
9,5,defensiveRating_roll_10,-0.24861286410396632,0.24861286410396632
9,6,defensiveRating_roll_5,-0.23468640325267856,0.23468640325267856
9,7,defensiveRating_roll_30,-0.23238722710029452,0.23238722710029452
9,8,opp_pos_starter_count_roll_10,0.14832047900432255,0.14832047900432255
9,9,opp_pos_starter_count_roll_5,0.14832047900432252,0.14832047900432252
9,10,opp_pos_starter_count_roll_30,0.14832047900432246,0.14832047900432246
10,1,defensiveRating_roll_10,0.25531618325042243,0.25531618325042243
10,2,defensiveRating_roll_5,0.24100707099547405,0.24100707099547405
10,3,defensiveRating_roll_30,0.24065948018556135,0.24065948018556135
10,4,pace_roll_30,0.23105066448703207,0.23105066448703207
10,5,pace_std_30,0.22655534576712041,0.22655534576712041
10,6,pace_roll_10,0.22517988342594245,0.22517988342594245
10,7,playerImpactEstimate_roll_5,-0.22249428459439238,0.22249428459439238
10,8,pace_roll_5,0.1970074211281117,0.1970074211281117
10,9,playerImpactEstimate_roll_30,-0.19330638776224507,0.19330638776224507
10,10,numMinutes_std_30,0.17825414435853865,0.17825414435853865
11,1,defensiveRating_roll_10,0.294071019971774,0.294071019971774
11,2,defensiveRating_roll_5,0.28586802172952636,0.28586802172952636
11,3,steals_roll_10,-0.27806186291456614,0.27806186291456614
11,4,steals_roll_5,-0.2745451491134937,0.2745451491134937
11,5,defensiveRating_roll_30,0.2641904356613843,0.2641904356613843
11,6,steals_roll_30,-0.25504460210465435,0.25504460210465435
11,7,steals_std_30,-0.24587301826167451,0.24587301826167451
11,8,usagePercentage_roll_3,0.1802037341813607,0.1802037341813607
11,9,heightInches,0.1604093095821396,0.1604093095821396
11,10,freeThrowsPercentage_roll_10,0.15487003832158283,0.15487003832158283
12,1,numMinutes_std_30,0.4194802708859547,0.4194802708859547
12,2,fantasy_points_std_30,0.3491127387471793,0.3491127387471793
12,3,bench_minutes_std_30,0.3106861764023206,0.3106861764023206
12,4,starter_minutes_std_30,0.20764063629706792,0.20764063629706792
12,5,current_is_starter_momentum_5_vs_10,-0.1856207365340648,0.1856207365340648
12,6,points_std_30,0.18375080849826914,0.18375080849826914
12,7,usagePercentage_std_30,0.1824277978579855,0.1824277978579855
12,8,starter_minutes_momentum_5_vs_10,-0.1704265582132929,0.1704265582132929
12,9,playerImpactEstimate_std_30,0.16937645802046333,0.16937645802046333
12,10,reboundsTotal_std_30,0.1621202687915334,0.1621202687915334
13,1,trueShootingPercentage_z_5_vs_30,0.2717269158536885,0.2717269158536885
13,2,playerImpactEstimate_roll_30,-0.23996670858748137,0.23996670858748137
13,3,trueShootingPercentage_z_10_vs_30,0.23118904877719332,0.23118904877719332
13,4,steals_roll_5,0.20566821714177688,0.20566821714177688
13,5,steals_roll_10,0.20297923089320502,0.20297923089320502
13,6,numMinutes_std_30,-0.2016589008172679,0.2016589008172679
13,7,steals_roll_30,0.18945313185031595,0.18945313185031595
13,8,assists_z_10_vs_30,-0.18334962534624416,0.18334962534624416
13,9,assists_momentum_10_vs_30,-0.18076202657938847,0.18076202657938847
13,10,fantasy_points_std_30,-0.17609850729760998,0.17609850729760998
14,1,current_is_starter_momentum_5_vs_10,0.36457755763454086,0.36457755763454086
14,2,starter_minutes_momentum_5_vs_10,0.32916272681582814,0.32916272681582814
14,3,starter_minutes_momentum_3_vs_10,0.303479900070568,0.303479900070568
14,4,fantasy_points_momentum_3_vs_10,-0.2400288109199253,0.2400288109199253
14,5,bench_minutes_momentum_10_vs_30,0.21053170049426903,0.21053170049426903
14,6,trueShootingPercentage_z_10_vs_30,0.20387851752657482,0.20387851752657482
14,7,assists_z_5_vs_30,-0.19923836360251743,0.19923836360251743
14,8,bench_minutes_z_10_vs_30,0.19396712234870256,0.19396712234870256
14,9,numMinutes_momentum_3_vs_10,-0.18295887690826995,0.18295887690826995
14,10,current_is_starter_momentum_10_vs_30,-0.1753894554847458,0.1753894554847458
15,1,assists_momentum_10_vs_30,0.3332397604883745,0.3332397604883745
15,2,assists_z_10_vs_30,0.31417469422446054,0.31417469422446054
15,3,assists_z_5_vs_30,0.2768629973642762,0.2768629973642762
15,4,reboundsTotal_momentum_10_vs_30,-0.21933400497190825,0.21933400497190825
15,5,reboundsTotal_z_10_vs_30,-0.2131037233531708,0.2131037233531708
15,6,reboundsTotal_z_5_vs_30,-0.21228220651307775,0.21228220651307775
15,7,freeThrowsPercentage_std_30,-0.21211854188058002,0.21211854188058002
15,8,assists_roll_5,0.19687394629425153,0.19687394629425153
15,9,defensiveRating_roll_5,0.18205965775523303,0.18205965775523303
15,10,defensiveRating_roll_10,0.18086820704320727,0.18086820704320727
16,1,reboundsTotal_momentum_10_vs_30,0.28276555735546816,0.28276555735546816
16,2,reboundsTotal_z_10_vs_30,0.27169505354422535,0.27169505354422535
16,3,assists_momentum_10_vs_30,-0.2505988809924881,0.2505988809924881
16,4,freeThrowsPercentage_momentum_10_vs_30,-0.2309244019050277,0.2309244019050277
16,5,assists_z_10_vs_30,-0.2289626172531106,0.2289626172531106
16,6,reboundsTotal_z_5_vs_30,0.22551352340957959,0.22551352340957959
16,7,assists_z_5_vs_30,-0.22339595973259568,0.22339595973259568
16,8,usagePercentage_z_10_vs_30,-0.21315483066237415,0.21315483066237415
16,9,freeThrowsPercentage_std_30,-0.19276547689424944,0.19276547689424944
16,10,freeThrowsPercentage_roll_5,-0.17727819830575964,0.17727819830575964
17,1,usagePercentage_z_10_vs_30,0.49058480065028853,0.49058480065028853
17,2,trueShootingPercentage_z_10_vs_30,-0.29673880284777593,0.29673880284777593
17,3,trueShootingPercentage_z_5_vs_30,-0.2845582820782886,0.2845582820782886
17,4,turnovers_momentum_10_vs_30,0.27476178697062426,0.27476178697062426
17,5,trueShootingPercentage_roll_30,0.23022168682072763,0.23022168682072763
17,6,effectiveFieldGoalPercentage_roll_30,0.2263738008808198,0.2263738008808198
17,7,steals_roll_5,0.19087481752652424,0.19087481752652424
17,8,playerImpactEstimate_roll_30,0.1750658954801787,0.1750658954801787
17,9,offensiveRating_roll_5,-0.16762642343183037,0.16762642343183037
17,10,steals_roll_10,0.16194138393793608,0.16194138393793608
18,1,offensiveRating_roll_5,0.3602671140918562,0.3602671140918562
18,2,offensiveRating_roll_10,0.3527097341359752,0.3527097341359752
18,3,offensiveRating_roll_30,0.2848186988454487,0.2848186988454487
18,4,freeThrowsPercentage_momentum_10_vs_30,0.2254571307526532,0.2254571307526532
18,5,turnovers_momentum_10_vs_30,-0.1942113203774933,0.1942113203774933
18,6,starter_minutes_std_30,-0.16889040737897956,0.16889040737897956
18,7,playerImpactEstimate_std_30,0.16745061688297005,0.16745061688297005
18,8,usagePercentage_std_30,0.16420524293402194,0.16420524293402194
18,9,offensiveRating_std_30,0.1580791294965503,0.1580791294965503
18,10,blocks_roll_5,0.15472763890724311,0.15472763890724311
19,1,usagePercentage_z_10_vs_30,0.44933026937585313,0.44933026937585313
19,2,turnovers_momentum_10_vs_30,0.28997762961956103,0.28997762961956103
19,3,freeThrowsPercentage_roll_5,-0.2588869649950271,0.2588869649950271
19,4,freeThrowsPercentage_roll_10,-0.25067277265308635,0.25067277265308635
19,5,offensiveRating_roll_30,0.2033702495770231,0.2033702495770231
19,6,freeThrowsPercentage_roll_30,-0.19908979275468408,0.19908979275468408
19,7,freeThrowsPercentage_std_30,-0.18976142548501476,0.18976142548501476
19,8,offensiveRating_roll_10,0.18824635503314066,0.18824635503314066
19,9,turnovers_roll_5,0.1846810203657685,0.1846810203657685
19,10,offensiveRating_roll_5,0.18097182981889146,0.18097182981889146
20,1,reboundsTotal_std_30,0.32754332334979275,0.32754332334979275
20,2,bodyWeightLbs,0.3168820639472405,0.3168820639472405
20,3,heightInches,0.2586818366485476,0.2586818366485476
20,4,blocks_roll_5,-0.2567276768785982,0.2567276768785982
20,5,reboundsTotal_roll_30,0.2519896222365571,0.2519896222365571
20,6,blocks_roll_10,-0.24184413610018257,0.24184413610018257
20,7,reboundsTotal_roll_5,0.2330154319157529,0.2330154319157529
20,8,blocks_roll_30,-0.1967545315059573,0.1967545315059573
20,9,offensiveRating_roll_5,0.1696866961445464,0.1696866961445464
20,10,trueShootingPercentage_roll_30,-0.16678328702635825,0.16678328702635825
21,1,playerImpactEstimate_roll_5,0.2989993650495342,0.2989993650495342
21,2,numMinutes_z_5_vs_30,-0.2629446413615327,0.2629446413615327
21,3,reboundsTotal_momentum_10_vs_30,0.2622593011154461,0.2622593011154461
21,4,reboundsTotal_z_10_vs_30,0.251019174027718,0.251019174027718
21,5,numMinutes_z_10_vs_30,-0.2487798630547128,0.2487798630547128
21,6,reboundsTotal_z_5_vs_30,0.24833018164797144,0.24833018164797144
21,7,turnovers_momentum_10_vs_30,-0.23891153079657487,0.23891153079657487
21,8,numMinutes_momentum_10_vs_30,-0.2352725775281421,0.2352725775281421
21,9,turnovers_roll_5,-0.19735810941182963,0.19735810941182963
21,10,freeThrowsPercentage_std_30,0.19603911206557145,0.19603911206557145
22,1,freeThrowsPercentage_momentum_10_vs_30,0.41528871643384047,0.41528871643384047
22,2,starter_minutes_std_30,0.3508881583551442,0.3508881583551442
22,3,bench_minutes_std_30,0.31980633314390766,0.31980633314390766
22,4,points_std_30,-0.3160347368817196,0.3160347368817196
22,5,usagePercentage_roll_3,-0.2661352383057578,0.2661352383057578
22,6,freeThrowsPercentage_std_30,-0.21694834338164237,0.21694834338164237
22,7,fantasy_points_std_30,-0.21678662964475365,0.21678662964475365
22,8,playerImpactEstimate_roll_5,0.20359357699411168,0.20359357699411168
22,9,playerImpactEstimate_roll_30,0.1823407382231128,0.1823407382231128
22,10,usagePercentage_std_30,-0.16315900120868235,0.16315900120868235
23,1,playerImpactEstimate_roll_5,0.3634167953891707,0.3634167953891707
23,2,playerImpactEstimate_roll_30,0.34658537926569943,0.34658537926569943
23,3,freeThrowsPercentage_momentum_10_vs_30,-0.34651401166617063,0.34651401166617063
23,4,effectiveFieldGoalPercentage_std_30,-0.24279203555572706,0.24279203555572706
23,5,trueShootingPercentage_std_30,-0.22346380034909355,0.22346380034909355
23,6,numMinutes_z_10_vs_30,0.19335019268863982,0.19335019268863982
23,7,reboundsTotal_z_5_vs_30,-0.19286445490117768,0.19286445490117768
23,8,reboundsTotal_momentum_10_vs_30,-0.17323987884626707,0.17323987884626707
23,9,reboundsTotal_z_10_vs_30,-0.16743049660540943,0.16743049660540943
23,10,numMinutes_momentum_10_vs_30,0.1639073921248003,0.1639073921248003
24,1,turnovers_momentum_10_vs_30,0.36196911531563597,0.36196911531563597
24,2,starter_minutes_std_30,0.3406354979236757,0.3406354979236757
24,3,bench_minutes_std_30,0.31990591710626526,0.31990591710626526
24,4,fantasy_points_std_30,-0.22165449319116642,0.22165449319116642
24,5,points_z_10_vs_30,-0.19537908115793354,0.19537908115793354
24,6,assists_std_30,-0.19137906293593715,0.19137906293593715
24,7,turnovers_roll_5,0.1802545556915014,0.1802545556915014
24,8,reboundsTotal_std_30,-0.16331790989075262,0.16331790989075262
24,9,usagePercentage_std_30,0.15658907546256404,0.15658907546256404
24,10,trueShootingPercentage_z_5_vs_30,0.15155196282343053,0.15155196282343053
25,1,freeThrowsPercentage_std_30,0.5181183627168895,0.5181183627168895
25,2,turnovers_momentum_10_vs_30,0.43949808950071373,0.43949808950071373
25,3,usagePercentage_roll_3,-0.2686055730965957,0.2686055730965957
25,4,points_std_30,-0.1811284780921013,0.1811284780921013
25,5,playerImpactEstimate_roll_5,0.1804014374084556,0.1804014374084556
25,6,bench_minutes_std_30,-0.1802693549758266,0.1802693549758266
25,7,starter_minutes_std_30,-0.1730747135730938,0.1730747135730938
25,8,trueShootingPercentage_z_5_vs_30,0.16402251084215042,0.16402251084215042
25,9,effectiveFieldGoalPercentage_roll_30,-0.15826511093374765,0.15826511093374765
25,10,fantasy_points_z_10_vs_30,-0.14333858852932302,0.14333858852932302
26,1,pace_roll_5,0.665868822687661,0.665868822687661
26,2,pace_std_30,-0.4947705578442426,0.4947705578442426
26,3,pace_roll_30,-0.4024910023402208,0.4024910023402208
26,4,pace_roll_10,0.32440487512765304,0.32440487512765304
26,5,usagePercentage_z_10_vs_30,-0.07166122097359151,0.07166122097359151
26,6,turnovers_momentum_10_vs_30,0.07022222022109575,0.07022222022109575
26,7,freeThrowsPercentage_std_30,-0.061947734437651475,0.061947734437651475
26,8,playerImpactEstimate_std_30,0.04631818761856687,0.04631818761856687
26,9,points_std_30,0.044784832952890354,0.044784832952890354
26,10,trueShootingPercentage_z_5_vs_30,0.04330033578340281,0.04330033578340281
27,1,freeThrowsPercentage_std_30,0.44442915708196545,0.44442915708196545
27,2,turnovers_momentum_10_vs_30,-0.3552013059366668,0.3552013059366668
27,3,playerImpactEstimate_roll_5,-0.24442251817957564,0.24442251817957564
27,4,points_std_30,-0.21922958881169718,0.21922958881169718
27,5,bodyWeightLbs,0.20598027603470875,0.20598027603470875
27,6,freeThrowsPercentage_momentum_10_vs_30,-0.1851799444914705,0.1851799444914705
27,7,usagePercentage_std_30,0.17699700256056242,0.17699700256056242
27,8,turnovers_std_30,0.17070851777073895,0.17070851777073895
27,9,fantasy_points_std_30,-0.17035024627354375,0.17035024627354375
27,10,playerImpactEstimate_std_30,0.16009816467225935,0.16009816467225935
28,1,fantasy_points_momentum_3_vs_10,0.5508404495275313,0.5508404495275313
28,2,numMinutes_momentum_5_vs_10,-0.3915254593836673,0.3915254593836673
28,3,freeThrowsPercentage_std_30,0.2493819448435026,0.2493819448435026
28,4,numMinutes_momentum_3_vs_10,0.23742408049508637,0.23742408049508637
28,5,fantasy_points_roll_3,0.21338107653199206,0.21338107653199206
28,6,starter_minutes_momentum_3_vs_10,0.20069632933256204,0.20069632933256204
28,7,numMinutes_z_5_vs_30,-0.20038138852631363,0.20038138852631363
28,8,reboundsTotal_z_5_vs_30,-0.1422529964207031,0.1422529964207031
28,9,trueShootingPercentage_z_10_vs_30,0.14085853370416496,0.14085853370416496
28,10,playerImpactEstimate_std_30,0.13444045037185706,0.13444045037185706
29,1,trueShootingPercentage_z_10_vs_30,0.4669132855433581,0.4669132855433581
29,2,playerImpactEstimate_std_30,0.37980688549630315,0.37980688549630315
29,3,effectiveFieldGoalPercentage_roll_10,0.2518322050364187,0.2518322050364187
29,4,numMinutes_momentum_3_vs_10,0.23648226315873486,0.23648226315873486
29,5,points_z_5_vs_30,-0.21724949547895037,0.21724949547895037
29,6,numMinutes_momentum_5_vs_10,0.18970087113801262,0.18970087113801262
29,7,trueShootingPercentage_z_5_vs_30,-0.17981667084235606,0.17981667084235606
29,8,effectiveFieldGoalPercentage_std_30,-0.1780751079230012,0.1780751079230012
29,9,trueShootingPercentage_std_30,-0.16532612719012393,0.16532612719012393
29,10,fantasy_points_momentum_3_vs_10,-0.164320623486437,0.164320623486437
30,1,playerImpactEstimate_std_30,0.6985853747789007,0.6985853747789007
30,2,trueShootingPercentage_z_10_vs_30,-0.3167142915113578,0.3167142915113578
30,3,usagePercentage_std_30,-0.24023078413881466,0.24023078413881466
30,4,trueShootingPercentage_z_5_vs_30,0.14529523805016292,0.14529523805016292
30,5,bodyWeightLbs,-0.1439409455375149,0.1439409455375149
30,6,points_z_5_vs_30,0.1372603863357371,0.1372603863357371
30,7,effectiveFieldGoalPercentage_roll_10,-0.13576169273192912,0.13576169273192912
30,8,opp_pos_starter_count_roll_5,0.1265126606031046,0.1265126606031046
30,9,opp_pos_starter_count_roll_30,0.1265126606031045,0.1265126606031045
30,10,opp_pos_starter_count_roll_10,0.1265126606031045,0.1265126606031045
31,1,opp_pos_starter_count_roll_30,0.3315324843462305,0.3315324843462305
31,2,opp_pos_starter_count_roll_5,0.3315324843462303,0.3315324843462303
31,3,opp_pos_starter_count_roll_10,0.3315324843462303,0.3315324843462303
31,4,opp_pos_player_count_roll_5,-0.2501359046805577,0.2501359046805577
31,5,opp_pos_player_count_roll_10,-0.2227731414363706,0.2227731414363706
31,6,reboundsTotal_std_30,-0.20899096906583936,0.20899096906583936
31,7,playerImpactEstimate_roll_5,0.20349510806439045,0.20349510806439045
31,8,trueShootingPercentage_std_30,0.20084456911410492,0.20084456911410492
31,9,effectiveFieldGoalPercentage_std_30,0.19664344865601865,0.19664344865601865
31,10,turnovers_std_30,0.1907905411366544,0.1907905411366544
32,1,freeThrowsPercentage_momentum_10_vs_30,0.43803467530655166,0.43803467530655166
32,2,usagePercentage_std_30,0.39443962926460874,0.39443962926460874
32,3,freeThrowsPercentage_roll_30,-0.3702850255393797,0.3702850255393797
32,4,effectiveFieldGoalPercentage_std_30,-0.2601963398027633,0.2601963398027633
32,5,trueShootingPercentage_std_30,-0.2334528354555116,0.2334528354555116
32,6,usagePercentage_roll_3,0.22740550527695352,0.22740550527695352
32,7,turnovers_std_30,0.20930491331860795,0.20930491331860795
32,8,freeThrowsPercentage_roll_5,-0.1988993451219187,0.1988993451219187
32,9,freeThrowsPercentage_roll_10,-0.1577683152283148,0.1577683152283148
32,10,freeThrowsPercentage_std_30,0.1432670646773125,0.1432670646773125
33,1,offensiveRating_std_30,0.27894222486560993,0.27894222486560993
33,2,defensiveRating_std_30,0.27772784670121353,0.27772784670121353
33,3,playerImpactEstimate_std_30,-0.2536790772430182,0.2536790772430182
33,4,points_std_30,-0.24359605545577634,0.24359605545577634
33,5,freeThrowsPercentage_momentum_10_vs_30,-0.22424502467461177,0.22424502467461177
33,6,freeThrowsPercentage_roll_30,0.20927800537100466,0.20927800537100466
33,7,turnovers_std_30,-0.1942121766357765,0.1942121766357765
33,8,bodyWeightLbs,-0.18471944324231693,0.18471944324231693
33,9,usagePercentage_z_10_vs_30,0.17659234254649075,0.17659234254649075
33,10,usagePercentage_std_30,0.17304503098348928,0.17304503098348928
34,1,numMinutes_momentum_3_vs_10,0.33684896583622637,0.33684896583622637
34,2,bodyWeightLbs,0.28239862287443357,0.28239862287443357
34,3,steals_std_30,0.24496507299270706,0.24496507299270706
34,4,steals_roll_5,-0.24078524162652182,0.24078524162652182
34,5,fantasy_points_z_5_vs_30,-0.23320276144321606,0.23320276144321606
34,6,reboundsTotal_momentum_10_vs_30,0.1757418984004506,0.1757418984004506
34,7,reboundsTotal_z_10_vs_30,0.17504306640092526,0.17504306640092526
34,8,reboundsTotal_z_5_vs_30,-0.17249182496027798,0.17249182496027798
34,9,reboundsTotal_roll_5,-0.16386388635260957,0.16386388635260957
34,10,assists_z_5_vs_30,-0.16244652748394384,0.16244652748394384
35,1,opp_pos_fp_allowed_per_player_std_30,0.9040742961340115,0.9040742961340115
35,2,opp_pos_player_count_roll_5,0.17872217149400552,0.17872217149400552
35,3,opp_pos_player_count_roll_10,0.14054258114419468,0.14054258114419468
35,4,bodyWeightLbs,0.13261372157161858,0.13261372157161858
35,5,opp_pos_minutes_allowed_roll_5,0.12394420406676389,0.12394420406676389
35,6,opp_pos_minutes_allowed_roll_10,0.0972806388018801,0.0972806388018801
35,7,turnovers_std_30,-0.0942847563649486,0.0942847563649486
35,8,numMinutes_std_30,-0.08306602023999869,0.08306602023999869
35,9,opp_pos_player_count_roll_30,0.07898741096832251,0.07898741096832251
35,10,assists_std_30,0.07322167376597793,0.07322167376597793
36,1,bodyWeightLbs,0.407267955068252,0.407267955068252
36,2,turnovers_std_30,-0.3224560657456686,0.3224560657456686
36,3,assists_std_30,0.2738670629982308,0.2738670629982308
36,4,assists_roll_5,0.25439098884387096,0.25439098884387096
36,5,opp_pos_fp_allowed_per_player_std_30,-0.23001711751326068,0.23001711751326068
36,6,assists_z_5_vs_30,0.20854016867893413,0.20854016867893413
36,7,assists_roll_30,0.19703695981858046,0.19703695981858046
36,8,turnovers_roll_30,-0.18831271610454825,0.18831271610454825
36,9,turnovers_roll_5,-0.1851658958818735,0.1851658958818735
36,10,fantasy_points_std_30,0.18197556334084478,0.18197556334084478
37,1,numMinutes_std_30,0.4283660915513639,0.4283660915513639
37,2,steals_std_30,-0.2774156258943675,0.2774156258943675
37,3,effectiveFieldGoalPercentage_std_30,-0.27092806554804805,0.27092806554804805
37,4,trueShootingPercentage_std_30,-0.2699415404812257,0.2699415404812257
37,5,steals_roll_5,0.26624763858716205,0.26624763858716205
37,6,usagePercentage_roll_3,-0.21411890522120283,0.21411890522120283
37,7,turnovers_std_30,0.20657579421633998,0.20657579421633998
37,8,reboundsTotal_roll_5,-0.19301415206086123,0.19301415206086123
37,9,bodyWeightLbs,0.17440987245408948,0.17440987245408948
37,10,usagePercentage_std_30,-0.1726553144232798,0.1726553144232798
38,1,steals_std_30,0.4300174199929242,0.4300174199929242
38,2,assists_z_5_vs_30,0.32441007849580844,0.32441007849580844
38,3,numMinutes_std_30,0.2916250898846114,0.2916250898846114
38,4,points_std_30,-0.286217150713619,0.286217150713619
38,5,steals_roll_5,-0.25431752162013416,0.25431752162013416
38,6,usagePercentage_std_30,-0.20441856209592135,0.20441856209592135
38,7,fantasy_points_momentum_3_vs_10,0.20270744334774304,0.20270744334774304
38,8,assists_momentum_10_vs_30,-0.17034025861609892,0.17034025861609892
38,9,turnovers_std_30,0.14470638655119994,0.14470638655119994
38,10,steals_roll_10,-0.14404803681898742,0.14404803681898742
39,1,assists_z_5_vs_30,0.48408670674264276,0.48408670674264276
39,2,reboundsTotal_z_5_vs_30,-0.31797716406109766,0.31797716406109766
39,3,defensiveRating_roll_5,0.31274233706656573,0.31274233706656573
39,4,assists_momentum_10_vs_30,-0.29369300717725805,0.29369300717725805
39,5,defensiveRating_roll_30,-0.2553030786778929,0.2553030786778929
39,6,steals_std_30,-0.22931684787729412,0.22931684787729412
39,7,assists_std_30,-0.19887831307052933,0.19887831307052933
39,8,reboundsTotal_momentum_10_vs_30,0.19761330852594788,0.19761330852594788
39,9,assists_z_10_vs_30,-0.1656039442671891,0.1656039442671891
39,10,reboundsTotal_z_10_vs_30,0.15332271075427722,0.15332271075427722
40,1,defensiveRating_roll_5,0.439777246183622,0.439777246183622
40,2,defensiveRating_roll_30,-0.3718584699886399,0.3718584699886399
40,3,assists_z_5_vs_30,-0.27076445971985874,0.27076445971985874
40,4,defensiveRating_std_30,-0.25360393652010865,0.25360393652010865
40,5,playerImpactEstimate_roll_30,0.2186681017119393,0.2186681017119393
40,6,usagePercentage_roll_3,0.20316754699663933,0.20316754699663933
40,7,playerImpactEstimate_roll_5,-0.20130372864049836,0.20130372864049836
40,8,offensiveRating_std_30,-0.1799507250857541,0.1799507250857541
40,9,points_std_30,-0.16982923966575503,0.16982923966575503
40,10,numMinutes_std_30,0.15655051068998244,0.15655051068998244
41,1,usagePercentage_std_30,0.5468657945842055,0.5468657945842055
41,2,defensiveRating_std_30,-0.45878156654118724,0.45878156654118724
41,3,offensiveRating_std_30,-0.3420341174584527,0.3420341174584527
41,4,defensiveRating_roll_5,-0.2223865064342464,0.2223865064342464
41,5,defensiveRating_roll_30,0.21996379406264835,0.21996379406264835
41,6,points_std_30,-0.16833142484553182,0.16833142484553182
41,7,freeThrowsPercentage_std_30,-0.1398311780122654,0.1398311780122654
41,8,playerImpactEstimate_roll_30,-0.12722330024005654,0.12722330024005654
41,9,reboundsTotal_std_30,0.11861249320755482,0.11861249320755482
41,10,usagePercentage_roll_3,-0.11850093560413803,0.11850093560413803
