feature,importance_type,importance
ext_fieldGoalsMade_roll_10,random_forest_impurity,0.3054027692497272
ext_possessions_roll_10,random_forest_impurity,0.15816075366131946
numMinutes_roll_10,random_forest_impurity,0.07849642272918213
ext_fieldGoalsAttempted_roll_10,random_forest_impurity,0.04880605364601022
playerImpactEstimate_roll_10,random_forest_impurity,0.02484078228097776
ext_opponentPointsInPaint_roll_10,random_forest_impurity,0.0247239457596065
ext_foulsAgainst_roll_10,random_forest_impurity,0.015351291963357282
ext_reboundsDefensive_roll_10,random_forest_impurity,0.013483686089057312
ext_pointsInPaint_roll_10,random_forest_impurity,0.01238077342047786
ext_doubleDouble_roll_10,random_forest_impurity,0.012049961302881912
usagePercentage_roll_10,random_forest_impurity,0.009964045540708096
ext_assistPercentage_roll_10,random_forest_impurity,0.00693028637670111
ext_estimatedUsagePercentage_roll_10,random_forest_impurity,0.005099670209151778
ext_percentTeamDefensiveRebounds_roll_10,random_forest_impurity,0.004972644998335122
ext_percentTeamAssists_roll_10,random_forest_impurity,0.004899705797620445
ext_percentTeamTurnovers_roll_10,random_forest_impurity,0.004886403596743847
ext_assistToTurnoverRatio_roll_10,random_forest_impurity,0.004869630480255948
ext_percentTeamFoulsDrawn_roll_10,random_forest_impurity,0.0048578216142566525
ext_percentTeamBlocks_roll_10,random_forest_impurity,0.004737726044289203
ext_freeThrowsAttempted_roll_10,random_forest_impurity,0.004700815569208354
ext_assistRatio_roll_10,random_forest_impurity,0.003975244082091314
ext_percentTeamRebounds_roll_10,random_forest_impurity,0.003944933125704484
ext_percentTeamSteals_roll_10,random_forest_impurity,0.003943351410367501
player_age_years,random_forest_impurity,0.003915759904553512
ext_opponentPointsSecondChance_roll_10,random_forest_impurity,0.003883304666665628
ext_defensiveReboundPercentage_roll_10,random_forest_impurity,0.0035751187077342995
profile_draft_number,random_forest_impurity,0.003572825504949693
days_since_last_game,random_forest_impurity,0.0035413277583835035
ext_percentPointsOffTurnovers_roll_10,random_forest_impurity,0.0034528407795294393
ext_percentTeamFoulsPersonal_roll_10,random_forest_impurity,0.0033147869172923555
ext_percentTeamFieldGoalsMade_roll_10,random_forest_impurity,0.003231852120435391
ext_reboundPercentage_roll_10,random_forest_impurity,0.0031932444239805035
ext_opponentPointsFastBreak_roll_10,random_forest_impurity,0.003015446407720017
ext_percentTeamBlocksAgainst_roll_10,random_forest_impurity,0.002978325301874961
ext_percentPointsFastBreak_roll_10,random_forest_impurity,0.002915570991743885
ext_estimatedPace_roll_10,random_forest_impurity,0.0029140703898165336
ext_percentPointsFreeThrow_roll_10,random_forest_impurity,0.00289122177983243
ext_percentTeamFreeThrowsAttempted_roll_10,random_forest_impurity,0.0028782274484791645
ext_percentTeamOffensiveRebounds_roll_10,random_forest_impurity,0.002830386654711012
ext_opponentPointsOffTurnovers_roll_10,random_forest_impurity,0.0028175903882083275
profile_bmi,random_forest_impurity,0.002793983031644067
ext_percentTeamFieldGoalsAttempted_roll_10,random_forest_impurity,0.0027717895525054383
freeThrowsPercentage_roll_10,random_forest_impurity,0.0027522140535369164
ext_percentTeamPoints_roll_10,random_forest_impurity,0.002749527001642728
ext_offensiveReboundPercentage_roll_10,random_forest_impurity,0.0027072102618975794
effectiveFieldGoalPercentage_roll_10,random_forest_impurity,0.0027007940477716255
trueShootingPercentage_roll_10,random_forest_impurity,0.0026986051708626437
ext_percentUnassistedFieldGoalsMade_roll_10,random_forest_impurity,0.0026670047126774164
ext_percentAssisted2PointMade_roll_10,random_forest_impurity,0.002666463396791468
ext_percentTeamFreeThrowsMade_roll_10,random_forest_impurity,0.0025996445696721154
ext_estimatedOffensiveRating_roll_10,random_forest_impurity,0.0025906462839179966
ext_percentAssistedFieldGoalsMade_roll_10,random_forest_impurity,0.0025879153029159485
estimatedDefensiveRating_roll_10,random_forest_impurity,0.0025840673543755747
profile_weight_lbs,random_forest_impurity,0.002579165103371671
ext_percentPointsInPaint_roll_10,random_forest_impurity,0.002578563799811916
ext_percentUnassisted2PointMade_roll_10,random_forest_impurity,0.002547159785378813
fieldGoalsPercentage_roll_10,random_forest_impurity,0.002534568668057377
ext_percentPoints2PointMidRange_roll_10,random_forest_impurity,0.0025006231268846764
ext_percentPoints2Point_roll_10,random_forest_impurity,0.0024202114020380524
threePointersPercentage_roll_10,random_forest_impurity,0.002394640351293798
ext_estimatedTurnoverPercentage_roll_10,random_forest_impurity,0.002388956798456679
bench_minutes_roll_10,random_forest_impurity,0.0023691880344290472
ext_estimatedNetRating_roll_10,random_forest_impurity,0.0023415819446144836
ext_percentFieldGoalAttempts2Point_roll_10,random_forest_impurity,0.002312457600234946
ext_teamTurnoverPercentage_roll_10,random_forest_impurity,0.0023012671506247944
ext_plusMinusPoints_roll_10,random_forest_impurity,0.002299484586903489
ext_netRating_roll_10,random_forest_impurity,0.0022681315090387856
ext_percentTeamThreePointersAttempted_roll_10,random_forest_impurity,0.0022469480148519442
opp_pace_roll_10,random_forest_impurity,0.002232801840528297
ext_pointsSecondChance_roll_10,random_forest_impurity,0.002144806039501076
ext_spWorkOffensiveRating_roll_10,random_forest_impurity,0.00207126649434644
ext_pointsOffTurnovers_roll_10,random_forest_impurity,0.0020394871848266366
opp_pointsSecondChance_allowed_roll_10,random_forest_impurity,0.0020304140578607864
ext_percentTeamThreePointersMade_roll_10,random_forest_impurity,0.0020295319834837187
offensiveRating_roll_10,random_forest_impurity,0.0020056612889869
opp_pointsInThePaint_allowed_roll_10,random_forest_impurity,0.002001207931206238
ext_foulsPersonal_roll_10,random_forest_impurity,0.001988877179595242
profile_years_since_draft,random_forest_impurity,0.00197613654401667
ext_percentFieldGoalAttempts3Point_roll_10,random_forest_impurity,0.0019246272160900392
ext_freeThrowsMade_roll_10,random_forest_impurity,0.0019064354322859505
opp_pointsFastBreak_allowed_roll_10,random_forest_impurity,0.0018874036124193936
opp_trueShootingPercentage_allowed_roll_10,random_forest_impurity,0.0018794655071699593
team_reboundsTotal_roll_10,random_forest_impurity,0.0018791470852444199
opp_points_allowed_roll_10,random_forest_impurity,0.0018707424774319268
team_pointsSecondChance_roll_10,random_forest_impurity,0.0018580404373117058
defensiveRating_roll_10,random_forest_impurity,0.0018364416542548724
opp_pos_minutes_allowed_roll_10,random_forest_impurity,0.0018102327730656297
opp_fieldGoalsPercentage_allowed_roll_10,random_forest_impurity,0.0018027149145055134
ext_spWorkDefensiveRating_roll_10,random_forest_impurity,0.0017975479457174048
team_pointsFromTurnovers_roll_10,random_forest_impurity,0.0017864073948344328
ext_pacePer40_roll_10,random_forest_impurity,0.0017847450011374353
starter_minutes_roll_10,random_forest_impurity,0.0017846613998667572
opp_assists_allowed_roll_10,random_forest_impurity,0.0017845242864462578
ext_percentPoints3Point_roll_10,random_forest_impurity,0.0017787354991889441
ext_percentAssisted3PointMade_roll_10,random_forest_impurity,0.0017727995044221948
opp_rebounds_allowed_roll_10,random_forest_impurity,0.0017637410746166285
opp_effectiveFieldGoalPercentage_allowed_roll_10,random_forest_impurity,0.0017556208705044852
ext_pointsFastBreak_roll_10,random_forest_impurity,0.0017554068083575828
team_pace_roll_10,random_forest_impurity,0.0017553971301368875
ext_percentUnassisted3PointMade_roll_10,random_forest_impurity,0.0017507529029466434
team_assists_roll_10,random_forest_impurity,0.0017296808153904617
team_pointsFastBreak_roll_10,random_forest_impurity,0.0017254774769284195
ext_spWorkPace_roll_10,random_forest_impurity,0.0017237258684223184
pace_roll_10,random_forest_impurity,0.0017002500944150794
team_threePointersPercentage_roll_10,random_forest_impurity,0.0016926212777863936
opp_pointsFromTurnovers_allowed_roll_10,random_forest_impurity,0.0016910516580483186
team_offensiveRating_roll_10,random_forest_impurity,0.0016581781143464557
team_turnovers_roll_10,random_forest_impurity,0.0016426323368290484
team_fieldGoalsPercentage_roll_10,random_forest_impurity,0.001627295066976705
ext_reboundsOffensive_roll_10,random_forest_impurity,0.0016270163751504038
opp_blocks_roll_10,random_forest_impurity,0.0016159978953743579
opp_defensiveRating_roll_10,random_forest_impurity,0.0015762497463203849
opp_estimatedDefensiveRating_roll_10,random_forest_impurity,0.0015643754743421277
team_blocks_roll_10,random_forest_impurity,0.0015591383395093797
team_score_roll_10,random_forest_impurity,0.001555594149113785
team_pointsInThePaint_roll_10,random_forest_impurity,0.0015426840801147305
opp_steals_roll_10,random_forest_impurity,0.0015102283342064559
team_points_allowed_roll_10,random_forest_impurity,0.001501546584416542
team_steals_roll_10,random_forest_impurity,0.0014713391602451896
team_defensiveRating_roll_10,random_forest_impurity,0.0014484948783799285
team_estimatedDefensiveRating_roll_10,random_forest_impurity,0.0014475489934089552
opp_turnovers_forced_roll_10,random_forest_impurity,0.0014375442577362874
profile_draft_year,random_forest_impurity,0.0014314571630484928
team_trueShootingPercentage_roll_10,random_forest_impurity,0.0014226157774283427
ext_threePointersAttempted_roll_10,random_forest_impurity,0.0013891372369123265
profile_height_inches,random_forest_impurity,0.0013861587119289166
team_effectiveFieldGoalPercentage_roll_10,random_forest_impurity,0.001371821133059992
ext_blocksAgainst_roll_10,random_forest_impurity,0.0013216099653943346
opp_pos_player_count_roll_10,random_forest_impurity,0.0012499875409704001
ext_home_roll_10,random_forest_impurity,0.001184602116621908
ext_win_roll_10,random_forest_impurity,0.001081647076892093
ext_tripleDouble_roll_10,random_forest_impurity,0.000882317778126024
ext_threePointersMade_roll_10,random_forest_impurity,0.000881994505373485
starter_minutes_share_roll_10,random_forest_impurity,0.0006995581433595266
opp_win_roll_10,random_forest_impurity,0.0006313715924802776
home,random_forest_impurity,0.0005696244034809106
team_win_roll_10,random_forest_impurity,0.0005333299004834323
profile_draft_round,random_forest_impurity,0.0003794350161287523
is_back_to_back,random_forest_impurity,0.00034871212977037104
current_is_starter_roll_10,random_forest_impurity,0.00023107131541549893
profile_draft_round_missing,random_forest_impurity,7.072804457022883e-05
opp_pos_starter_count_roll_10,random_forest_impurity,5.926708023042509e-05
profile_draft_number_missing,random_forest_impurity,2.566920841154528e-05
profile_birthdate_missing,random_forest_impurity,0.0
