table_name,file_name,column,dtype,row_count,profiled_rows,missing_count,missing_pct_profiled,unique_count_profiled,is_suspected_key,sample_values,load_error
Games,Games.csv,gameId,int64,73256,73256,0,0.0,73256,True,42500234 | 42500214 | 42500223 | 42500203 | 42500233,
Games,Games.csv,gameDateTimeEst,object,73256,73256,0,0.0,34899,True,2026-05-10 19:30:00 | 2026-05-10 15:30:00 | 2026-05-09 20:30:00 | 2026-05-09 15:00:00 | 2026-05-08 21:30:00,
Games,Games.csv,hometeamCity,object,73256,73256,7,0.0001,47,False,Minnesota | Philadelphia | Los Angeles | Cleveland | Minnesota,
Games,Games.csv,hometeamName,object,73256,73256,0,0.0,43,False,Timberwolves | 76ers | Lakers | Cavaliers | Timberwolves,
Games,Games.csv,hometeamId,int64,73256,73256,0,0.0,34,False,1610612750 | 1610612755 | 1610612747 | 1610612739 | 1610612750,
Games,Games.csv,awayteamCity,object,73256,73256,7,0.0001,51,False,San Antonio | New York | Oklahoma City | Detroit | San Antonio,
Games,Games.csv,awayteamName,object,73256,73256,0,0.0,47,False,Spurs | Knicks | Thunder | Pistons | Spurs,
Games,Games.csv,awayteamId,int64,73256,73256,0,0.0,38,False,1610612759 | 1610612752 | 1610612760 | 1610612765 | 1610612759,
Games,Games.csv,homeScore,int64,73256,73256,0,0.0,130,False,114 | 114 | 108 | 116 | 108,
Games,Games.csv,awayScore,int64,73256,73256,0,0.0,130,False,109 | 144 | 131 | 109 | 115,
Games,Games.csv,winner,int64,73256,73256,0,0.0,34,False,1610612750 | 1610612752 | 1610612760 | 1610612739 | 1610612759,
Games,Games.csv,gameType,object,73256,73256,0,0.0,8,False,Playoffs | Playoffs | Playoffs | Playoffs | Playoffs,
Games,Games.csv,gameSubtype,object,73256,73256,73182,0.999,3,False,Global Games | Global Games | in-season-knockout | in-season-knockout | in-season-knockout,
Games,Games.csv,gameLabel,object,73256,73256,69236,0.9451,32,False,West Conf. Semifinals | East Conf. Semifinals | West Conf. Semifinals | East Conf. Semifinals | West Conf. Semifinals,
Games,Games.csv,gameSubLabel,object,73256,73256,72951,0.9958,24,False,Game 4 | Game 4 | Game 3 | Game 3 | Game 3,
Games,Games.csv,seriesGameNumber,object,73256,73256,67456,0.9208,15,False,Game 4 | Game 4 | Game 3 | Game 3 | Game 3,
Games,Games.csv,attendance,float64,73256,73256,71887,0.9813,728,False,18978.0 | 19746.0 | 19057.0 | 19432.0 | 18978.0,
Games,Games.csv,arenaId,int64,73256,73256,0,0.0,274,False,61 | 1000152 | 1000069 | 1000144 | 61,
Games,Games.csv,arenaName,object,73256,73256,71879,0.9812,47,False,Target Center | Xfinity Mobile Arena | Crypto.com Arena | Rocket Arena | Target Center,
Games,Games.csv,arenaCity,object,73256,73256,71879,0.9812,47,False,Minneapolis | Philadelphia | Los Angeles | Cleveland | Minneapolis,
Games,Games.csv,arenaState,object,73256,73256,71888,0.9813,28,False,MN | PA | CA | OH | MN,
Games,Games.csv,officials,object,73256,73256,71879,0.9812,1313,False,"Zach Zarba, Eric Dalen, Brent Barnaky, James Williams | Sean Wright, John Goble, Nick Buchert, Andy Nagy | James Capers, Ed Malloy, Curtis Blair | Scott Foster, Pat Fraher, Courtney Kirkland, Tre Maddox | Tony Brothers, Eric Dalen, Tyler Ford, Jacyn Goble",
Games,Games.csv,gameDate,object,73256,73256,0,0.0,34899,True,2026-05-10 19:30:00 | 2026-05-10 15:30:00 | 2026-05-09 20:30:00 | 2026-05-09 15:00:00 | 2026-05-08 21:30:00,
LeagueSchedule24_25,LeagueSchedule24_25.csv,gameId,int64,1408,1408,0,0.0,1408,True,12400001 | 12400002 | 12400003 | 12400004 | 12400005,
LeagueSchedule24_25,LeagueSchedule24_25.csv,gameDateTimeEst,object,1408,1408,0,0.0,914,True,2024-10-04 12:00:00+00:00 | 2024-10-04 21:00:00+00:00 | 2024-10-04 22:30:00+00:00 | 2024-10-05 19:00:00+00:00 | 2024-10-06 10:00:00+00:00,
LeagueSchedule24_25,LeagueSchedule24_25.csv,gameDay,object,1408,1408,0,0.0,7,False,Fri | Fri | Fri | Sat | Sun,
LeagueSchedule24_25,LeagueSchedule24_25.csv,arenaCity,object,1408,1408,0,0.0,45,False,Abu Dhabi | Salt Lake City | Palm Desert | Honolulu | Abu Dhabi,
LeagueSchedule24_25,LeagueSchedule24_25.csv,arenaState,object,1408,1408,8,0.0057,30,False,UT | CA | HI | NC | QC,
LeagueSchedule24_25,LeagueSchedule24_25.csv,arenaName,object,1408,1408,0,0.0,46,False,Etihad Arena | Delta Center | Acrisure Arena | Stan Sheriff Center | Etihad Arena,
LeagueSchedule24_25,LeagueSchedule24_25.csv,gameLabel,object,1408,1408,1161,0.8246,13,False,Preseason | Preseason | Preseason | Preseason | Preseason,
LeagueSchedule24_25,LeagueSchedule24_25.csv,gameSubLabel,object,1408,1408,1242,0.8821,24,False,NBA Abu Dhabi Game | NBA Abu Dhabi Game | NBA Montreal Game | NBA Abu Dhabi Game | NBA Melbourne Game,
LeagueSchedule24_25,LeagueSchedule24_25.csv,gameSubtype,object,1408,1408,1331,0.9453,3,False,Global Games | Global Games | Global Games | Global Games | Global Games,
LeagueSchedule24_25,LeagueSchedule24_25.csv,gameSequence,int64,1408,1408,0,0.0,15,False,1 | 2 | 3 | 1 | 1,
LeagueSchedule24_25,LeagueSchedule24_25.csv,seriesGameNumber,float64,1408,1408,1324,0.9403,7,False,1.0 | 2.0 | 3.0 | 4.0 | 1.0,
LeagueSchedule24_25,LeagueSchedule24_25.csv,seriesText,object,1408,1408,1305,0.9268,55,False,Neutral Site | Neutral Site | Neutral Site | Neutral Site | Neutral Site,
LeagueSchedule24_25,LeagueSchedule24_25.csv,weekNumber,int64,1408,1408,0,0.0,36,False,0 | 0 | 0 | 0 | 0,
LeagueSchedule24_25,LeagueSchedule24_25.csv,hometeamId,int64,1408,1408,0,0.0,31,False,1610612743 | 1610612762 | 1610612747 | 1610612746 | 1610612738,
LeagueSchedule24_25,LeagueSchedule24_25.csv,awayteamId,int64,1408,1408,0,0.0,35,False,1610612738 | 15020 | 1610612750 | 1610612744 | 1610612743,
LeagueSchedule25_26,LeagueSchedule25_26.csv,gameId,int64,1386,1386,0,0.0,1386,True,42500404 | 42500403 | 42500402 | 42500401 | 42500236,
LeagueSchedule25_26,LeagueSchedule25_26.csv,gameDateTimeEst,object,1386,1386,0,0.0,931,True,2026-06-10 20:30:00 | 2026-06-08 20:30:00 | 2026-06-05 20:30:00 | 2026-06-03 20:30:00 | 2026-05-15 00:00:00,
LeagueSchedule25_26,LeagueSchedule25_26.csv,gameDay,object,1386,1386,0,0.0,7,False,Wed | Mon | Fri | Wed | Fri,
LeagueSchedule25_26,LeagueSchedule25_26.csv,homeTeamId,int64,1386,1386,0,0.0,35,False,0 | 0 | 0 | 0 | 1610612750,
LeagueSchedule25_26,LeagueSchedule25_26.csv,awayTeamId,int64,1386,1386,0,0.0,39,False,0 | 0 | 0 | 0 | 1610612759,
LeagueSchedule25_26,LeagueSchedule25_26.csv,homeTeamName,object,1386,1386,4,0.0029,34,False,Timberwolves | Pistons | Spurs | Lakers | Cavaliers,
LeagueSchedule25_26,LeagueSchedule25_26.csv,homeTeamCity,object,1386,1386,11,0.0079,30,False,Minnesota | Detroit | San Antonio | Los Angeles | Cleveland,
LeagueSchedule25_26,LeagueSchedule25_26.csv,awayTeamName,object,1386,1386,4,0.0029,38,False,Spurs | Cavaliers | Timberwolves | Thunder | Pistons,
LeagueSchedule25_26,LeagueSchedule25_26.csv,awayTeamCity,object,1386,1386,11,0.0079,34,False,San Antonio | Cleveland | Minnesota | Oklahoma City | Detroit,
LeagueSchedule25_26,LeagueSchedule25_26.csv,arenaName,object,1386,1386,4,0.0029,47,False,Target Center | Little Caesars Arena | Frost Bank Center | Crypto.com Arena | Rocket Arena,
LeagueSchedule25_26,LeagueSchedule25_26.csv,arenaCity,object,1386,1386,4,0.0029,47,False,Minneapolis | Detroit | San Antonio | Los Angeles | Cleveland,
LeagueSchedule25_26,LeagueSchedule25_26.csv,arenaState,object,1386,1386,13,0.0094,28,False,MN | MI | TX | CA | OH,
LeagueSchedule25_26,LeagueSchedule25_26.csv,gameLabel,object,1386,1386,1149,0.829,17,False,NBA Finals | NBA Finals | NBA Finals | NBA Finals | West Conf. Semifinals,
LeagueSchedule25_26,LeagueSchedule25_26.csv,gameSubLabel,object,1386,1386,1230,0.8874,23,False,Game 4 | Game 3 | Game 2 | Game 1 | Game 6,
LeagueSchedule25_26,LeagueSchedule25_26.csv,gameSubtype,object,1386,1386,1312,0.9466,3,False,Global Games | Global Games | in-season-knockout | in-season-knockout | in-season-knockout,
LeagueSchedule25_26,LeagueSchedule25_26.csv,seriesGameNumber,object,1386,1386,1315,0.9488,7,False,Game 4 | Game 3 | Game 2 | Game 1 | Game 6,
LeagueSchedule25_26,LeagueSchedule25_26.csv,weekNumber,int64,1386,1386,0,0.0,33,False,34 | 34 | 33 | 33 | 30,
PlayByPlay,PlayByPlay.parquet,clock,object,18713301,100000,0,0.0,1261,False,PT12M00.00S | PT11M56.00S | PT11M37.00S | PT11M34.00S | PT11M20.00S,
PlayByPlay,PlayByPlay.parquet,actionType,object,18713301,100000,0,0.0,16,False,period | jumpball | 2pt | rebound | 2pt,
PlayByPlay,PlayByPlay.parquet,description,object,18713301,100000,0,0.0,49960,False,Period Start | Jump Ball V. Wembanyama vs. D. Clingan: Tip to J. Champagnie | MISS V. Wembanyama driving Layup | D. Avdija REBOUND (Off:0 Def:1) | MISS D. Avdija driving finger roll Layup,
PlayByPlay,PlayByPlay.parquet,playerFullName,object,18713301,100000,7154,0.0715,492,False,Julian Champagnie | Victor Wembanyama | Deni Avdija | Deni Avdija | Stephon Castle,
PlayByPlay,PlayByPlay.parquet,teamTricode,object,18713301,100000,1614,0.0161,30,False,SAS | SAS | POR | POR | SAS,
PlayByPlay,PlayByPlay.parquet,gameId,object,18713301,100000,0,0.0,178,True,42500151 | 42500151 | 42500151 | 42500151 | 42500151,
PlayByPlay,PlayByPlay.parquet,gameDateTimeEst,object,18713301,100000,0,0.0,112,True,2026-04-19 21:00:00 | 2026-04-19 21:00:00 | 2026-04-19 21:00:00 | 2026-04-19 21:00:00 | 2026-04-19 21:00:00,
PlayByPlay,PlayByPlay.parquet,periodType,object,18713301,100000,0,0.0,2,False,REGULAR | REGULAR | REGULAR | REGULAR | REGULAR,
PlayByPlay,PlayByPlay.parquet,period,int32,18713301,100000,0,0.0,5,False,1 | 1 | 1 | 1 | 1,
PlayByPlay,PlayByPlay.parquet,shortFormattedClock,object,18713301,100000,100000,1.0,0,False,,
PlayByPlay,PlayByPlay.parquet,timeActual,object,18713301,100000,0,0.0,75589,False,2026-04-20T01:17:50.1Z | 2026-04-20T01:17:52.7Z | 2026-04-20T01:18:12.6Z | 2026-04-20T01:18:15.0Z | 2026-04-20T01:18:29.1Z,
PlayByPlay,PlayByPlay.parquet,actionNumber,int32,18713301,100000,0,0.0,843,False,2 | 4 | 7 | 8 | 9,
PlayByPlay,PlayByPlay.parquet,orderNumber,int64,18713301,100000,0,0.0,2020,False,20000 | 40000 | 70000 | 80000 | 90000,
PlayByPlay,PlayByPlay.parquet,actionId,float64,18713301,100000,100000,1.0,0,False,,
PlayByPlay,PlayByPlay.parquet,teamId,object,18713301,100000,1614,0.0161,30,True,1610612759 | 1610612759 | 1610612757 | 1610612757 | 1610612759,
PlayByPlay,PlayByPlay.parquet,side,object,18713301,100000,68401,0.684,2,False,right | left | right | left | left,
PlayByPlay,PlayByPlay.parquet,location,object,18713301,100000,100000,1.0,0,False,,
PlayByPlay,PlayByPlay.parquet,playerteamCity,object,18713301,100000,1614,0.0161,30,False,San Antonio | San Antonio | Portland | Portland | San Antonio,
PlayByPlay,PlayByPlay.parquet,playerteamName,object,18713301,100000,1614,0.0161,30,False,Spurs | Spurs | Trail Blazers | Trail Blazers | Spurs,
PlayByPlay,PlayByPlay.parquet,opponentteamCity,object,18713301,100000,1614,0.0161,30,False,Portland | Portland | San Antonio | San Antonio | Portland,
PlayByPlay,PlayByPlay.parquet,opponentteamName,object,18713301,100000,1614,0.0161,30,False,Trail Blazers | Trail Blazers | Spurs | Spurs | Trail Blazers,
PlayByPlay,PlayByPlay.parquet,scoreHome,int32,18713301,100000,0,0.0,158,False,0 | 0 | 0 | 0 | 0,
PlayByPlay,PlayByPlay.parquet,scoreAway,int32,18713301,100000,0,0.0,152,False,0 | 0 | 0 | 0 | 0,
PlayByPlay,PlayByPlay.parquet,possession,object,18713301,100000,0,0.0,31,False,0 | 1610612759 | 1610612759 | 1610612757 | 1610612757,
PlayByPlay,PlayByPlay.parquet,isTargetScoreLastPeriod,bool,18713301,100000,0,0.0,1,False,False | False | False | False | False,
PlayByPlay,PlayByPlay.parquet,subType,object,18713301,100000,0,0.0,48,False,start | recovered | Layup | defensive | Layup,
PlayByPlay,PlayByPlay.parquet,descriptor,object,18713301,100000,71840,0.7184,56,False,startperiod | driving | driving finger roll | pullup bank | shooting,
PlayByPlay,PlayByPlay.parquet,qualifiers,object,18713301,100000,0,0.0,53,False,[] | [] | ['pointsinthepaint'] | [] | ['pointsinthepaint'],
PlayByPlay,PlayByPlay.parquet,edited,object,18713301,100000,0,0.0,65453,False,2026-04-20T01:17:50Z | 2026-04-20T01:17:52Z | 2026-04-20T01:18:18Z | 2026-04-20T01:18:15Z | 2026-04-20T01:18:38Z,
PlayByPlay,PlayByPlay.parquet,value,object,18713301,100000,100000,1.0,0,False,,
PlayByPlay,PlayByPlay.parquet,personId,object,18713301,100000,0,0.0,508,True,0 | 1630577 | 1641705 | 1630166 | 1630166,
PlayByPlay,PlayByPlay.parquet,playerName,object,18713301,100000,7157,0.0716,409,False,Champagnie | Wembanyama | Avdija | Avdija | Castle,
PlayByPlay,PlayByPlay.parquet,playerNameI,object,18713301,100000,7157,0.0716,472,False,J. Champagnie | V. Wembanyama | D. Avdija | D. Avdija | S. Castle,
PlayByPlay,PlayByPlay.parquet,jerseyNumber,object,18713301,100000,100000,1.0,0,False,,
PlayByPlay,PlayByPlay.parquet,x,float64,18713301,100000,68401,0.684,1472,False,93.24901445466492 | 9.017739816031538 | 88.64980289093299 | 31.35676741130092 | 6.521024967148489,
PlayByPlay,PlayByPlay.parquet,y,float64,18713301,100000,68401,0.684,1044,False,53.18627450980392 | 40.19607843137255 | 64.95098039215686 | 60.78431372549019 | 50.245098039215684,
PlayByPlay,PlayByPlay.parquet,xLegacy,float64,18713301,100000,68401,0.684,459,False,16.0 | 49.0 | 75.0 | -54.0 | -1.0,
PlayByPlay,PlayByPlay.parquet,yLegacy,float64,18713301,100000,68401,0.684,382,False,11.0 | 32.0 | 54.0 | 242.0 | 9.0,
PlayByPlay,PlayByPlay.parquet,area,object,18713301,100000,34959,0.3496,6,False,Restricted Area | Restricted Area | In The Paint (Non-RA) | In The Paint (Non-RA) | In The Paint (Non-RA),
PlayByPlay,PlayByPlay.parquet,areaDetail,object,18713301,100000,34956,0.3496,14,False,0-8 Center | 0-8 Center | 0-8 Center | 0-8 Center | 8-16 Right,
PlayByPlay,PlayByPlay.parquet,isFieldGoal,bool,18713301,100000,0,0.0,2,False,False | False | True | False | True,
PlayByPlay,PlayByPlay.parquet,shotDistance,float64,18713301,100000,68243,0.6824,3209,False,1.93 | 5.87 | 9.24 | 24.82 | 0.89,
PlayByPlay,PlayByPlay.parquet,shotValue,float64,18713301,100000,100000,1.0,0,False,,
PlayByPlay,PlayByPlay.parquet,shotResult,object,18713301,100000,60224,0.6022,2,False,Missed | Missed | Made | Made | Made,
PlayByPlay,PlayByPlay.parquet,pointsTotal,float64,18713301,100000,78436,0.7844,51,False,2.0 | 3.0 | 1.0 | 2.0 | 2.0,
PlayByPlay,PlayByPlay.parquet,shotActionNumber,float64,18713301,100000,81630,0.8163,786,False,7.0 | 9.0 | 26.0 | 28.0 | 30.0,
PlayByPlay,PlayByPlay.parquet,assistPersonId,object,18713301,100000,90269,0.9027,466,False,1642270 | 1630166 | 201950 | 201950 | 1630166,
PlayByPlay,PlayByPlay.parquet,assistFullName,object,18713301,100000,90269,0.9027,466,False,Donovan Clingan | Deni Avdija | Jrue Holiday | Jrue Holiday | Deni Avdija,
PlayByPlay,PlayByPlay.parquet,assistPlayerName,object,18713301,100000,100000,1.0,0,False,,
PlayByPlay,PlayByPlay.parquet,assistPlayerNameInitial,object,18713301,100000,90269,0.9027,448,False,D. Clingan | D. Avdija | J. Holiday | J. Holiday | D. Avdija,
PlayByPlay,PlayByPlay.parquet,assistTotal,float64,18713301,100000,90269,0.9027,23,False,1.0 | 1.0 | 1.0 | 2.0 | 2.0,
PlayByPlay,PlayByPlay.parquet,reboundTotal,float64,18713301,100000,84762,0.8476,22,False,1.0 | 1.0 | 1.0 | 1.0 | 2.0,
PlayByPlay,PlayByPlay.parquet,reboundDefensiveTotal,float64,18713301,100000,84762,0.8476,20,False,1.0 | 0.0 | 1.0 | 0.0 | 0.0,
PlayByPlay,PlayByPlay.parquet,reboundOffensiveTotal,float64,18713301,100000,84762,0.8476,12,False,0.0 | 1.0 | 0.0 | 1.0 | 2.0,
PlayByPlay,PlayByPlay.parquet,turnoverTotal,float64,18713301,100000,95187,0.9519,10,False,1.0 | 1.0 | 1.0 | 1.0 | 1.0,
PlayByPlay,PlayByPlay.parquet,stealPersonId,object,18713301,100000,97031,0.9703,435,False,1628368 | 203924 | 1629640 | 1631101 | 201950,
PlayByPlay,PlayByPlay.parquet,stealFullName,object,18713301,100000,97031,0.9703,435,False,De'Aaron Fox | Jerami Grant | Keldon Johnson | Shaedon Sharpe | Jrue Holiday,
PlayByPlay,PlayByPlay.parquet,stealPlayerName,object,18713301,100000,97031,0.9703,364,False,Fox | Grant | Johnson | Sharpe | Holiday,
PlayByPlay,PlayByPlay.parquet,stealTotal,float64,18713301,100000,100000,1.0,0,False,,
PlayByPlay,PlayByPlay.parquet,foulPersonalTotal,float64,18713301,100000,92829,0.9283,7,False,1.0 | 1.0 | 1.0 | 1.0 | 1.0,
PlayByPlay,PlayByPlay.parquet,foulTechnicalTotal,float64,18713301,100000,92829,0.9283,3,False,0.0 | 0.0 | 0.0 | 0.0 | 0.0,
PlayByPlay,PlayByPlay.parquet,foulDrawnPersonId,object,18713301,100000,92999,0.93,458,False,1641705 | 1641705 | 1642264 | 1630166 | 1628368,
PlayByPlay,PlayByPlay.parquet,foulDrawnFullName,object,18713301,100000,92999,0.93,458,False,Victor Wembanyama | Victor Wembanyama | Stephon Castle | Deni Avdija | De'Aaron Fox,
PlayByPlay,PlayByPlay.parquet,foulDrawnPlayerName,object,18713301,100000,92999,0.93,381,False,Wembanyama | Wembanyama | Castle | Avdija | Fox,
PlayByPlay,PlayByPlay.parquet,blockPersonId,object,18713301,100000,98349,0.9835,379,False,1641705 | 1630166 | 1641739 | 1630577 | 1630170,
PlayByPlay,PlayByPlay.parquet,blockFullName,object,18713301,100000,98349,0.9835,379,False,Victor Wembanyama | Deni Avdija | Toumani Camara | Julian Champagnie | Devin Vassell,
PlayByPlay,PlayByPlay.parquet,blockPlayerName,object,18713301,100000,98349,0.9835,321,False,Wembanyama | Avdija | Camara | Champagnie | Vassell,
PlayByPlay,PlayByPlay.parquet,blockTotal,float64,18713301,100000,100000,1.0,0,False,,
PlayByPlay,PlayByPlay.parquet,jumpBallRecoveredName,object,18713301,100000,99672,0.9967,172,False,J. Champagnie | A. Thompson | C. Cunningham | J. Goodwin | V. Edgecombe,
PlayByPlay,PlayByPlay.parquet,jumpBallRecoveredPersonId,object,18713301,100000,100000,1.0,0,False,,
PlayByPlay,PlayByPlay.parquet,jumpBallRecoveredFullName,object,18713301,100000,100000,1.0,0,False,,
PlayByPlay,PlayByPlay.parquet,jumpBallWonPersonId,object,18713301,100000,99672,0.9967,135,False,1641705 | 1631105 | 1630191 | 1642345 | 1641737,
PlayByPlay,PlayByPlay.parquet,jumpBallWonFullName,object,18713301,100000,99672,0.9967,135,False,Victor Wembanyama | Jalen Duren | Isaiah Stewart | Oso Ighodaro | Adem Bona,
PlayByPlay,PlayByPlay.parquet,jumpBallWonPlayerName,object,18713301,100000,99672,0.9967,127,False,Wembanyama | Duren | Stewart | Ighodaro | Bona,
PlayByPlay,PlayByPlay.parquet,jumpBallLostPersonId,object,18713301,100000,99672,0.9967,153,False,1642270 | 1628976 | 1629048 | 1631096 | 1629674,
PlayByPlay,PlayByPlay.parquet,jumpBallLostFullName,object,18713301,100000,99672,0.9967,153,False,Donovan Clingan | Wendell Carter Jr. | Goga Bitadze | Chet Holmgren | Neemias Queta,
PlayByPlay,PlayByPlay.parquet,jumpBallLostPlayerName,object,18713301,100000,99672,0.9967,141,False,Clingan | Carter Jr. | Bitadze | Holmgren | Queta,
PlayByPlay,PlayByPlay.parquet,subsInPersonId,object,18713301,100000,100000,1.0,0,False,,
PlayByPlay,PlayByPlay.parquet,subsInFullName,object,18713301,100000,100000,1.0,0,False,,
PlayByPlay,PlayByPlay.parquet,subsInPlayerName,object,18713301,100000,100000,1.0,0,False,,
PlayByPlay,PlayByPlay.parquet,officialId,object,18713301,100000,90508,0.9051,74,False,2004 | 1155 | 1155 | 2004 | 2004,
PlayByPlay,PlayByPlay.parquet,videoAvailable,object,18713301,100000,100000,1.0,0,False,,
PlayByPlay,PlayByPlay.parquet,personIdsFilter,object,18713301,100000,0,0.0,12787,False,[] | ['1630577' '1641705' '1642270'] | ['1641705'] | ['1630166'] | ['1630166'],
PlayByPlay,PlayByPlay.parquet,gameType,object,18713301,100000,100000,1.0,0,False,,
PlayByPlay,PlayByPlay.parquet,playerteamId,object,18713301,100000,100000,1.0,0,False,,
PlayByPlay,PlayByPlay.parquet,opponentteamId,object,18713301,100000,100000,1.0,0,True,,
PlayByPlay,PlayByPlay.parquet,jumpBallRecoverdPersonId,object,18713301,100000,100000,1.0,0,False,,
PlayByPlay,PlayByPlay.parquet,gameDateTimeEst_g,object,18713301,100000,100000,1.0,0,False,,
PlayByPlay,PlayByPlay.parquet,gameType_g,object,18713301,100000,100000,1.0,0,False,,
Players,Players.csv,personId,int64,6692,6692,0,0.0,6692,True,196294534 | 76001 | 76002 | 76003 | 51,
Players,Players.csv,firstName,object,6692,6692,1,0.0001,2227,False,Alberto | Alaa | Zaid | Kareem | Mahmoud,
Players,Players.csv,lastName,object,6692,6692,2,0.0003,3825,False,Abalde | Abdelnaby | Abdul-Aziz | Abdul-Jabbar | Abdul-Rauf,
Players,Players.csv,birthDate,object,6692,6692,1139,0.1702,4841,False,1968-06-24 | 1946-04-07 | 1947-04-16 | 1969-03-09 | 1974-11-03,
Players,Players.csv,school,object,6692,6692,1415,0.2114,732,False,Duke | Iowa State | UCLA | Louisiana State | San Jose State,
Players,Players.csv,country,object,6692,6692,1399,0.2091,87,False,USA | USA | USA | USA | France,
Players,Players.csv,heightInches,float64,6692,6692,1585,0.2368,28,False,82.0 | 81.0 | 86.0 | 73.0 | 78.0,
Players,Players.csv,bodyWeightLbs,float64,6692,6692,1595,0.2383,148,False,240.0 | 235.0 | 225.0 | 162.0 | 235.0,
Players,Players.csv,jersey,object,6692,6692,2868,0.4286,113,False,30 | 54 | 33 | 1 | 9,
Players,Players.csv,guard,int64,6692,6692,0,0.0,2,False,0 | 0 | 0 | 0 | 1,
Players,Players.csv,forward,int64,6692,6692,0,0.0,2,False,0 | 1 | 0 | 0 | 0,
Players,Players.csv,center,int64,6692,6692,0,0.0,2,False,0 | 0 | 1 | 1 | 0,
Players,Players.csv,dleagueFlag,float64,6692,6692,1231,0.184,2,False,0.0 | 0.0 | 0.0 | 0.0 | 0.0,
Players,Players.csv,nbaFlag,float64,6692,6692,1231,0.184,2,False,1.0 | 1.0 | 1.0 | 1.0 | 1.0,
Players,Players.csv,gamesPlayedFlag,float64,6692,6692,1231,0.184,2,False,1.0 | 1.0 | 1.0 | 1.0 | 1.0,
Players,Players.csv,draftYear,float64,6692,6692,1136,0.1698,81,False,1990.0 | 1968.0 | 1969.0 | 1990.0 | 1997.0,
Players,Players.csv,draftRound,float64,6692,6692,1298,0.194,21,False,1.0 | 1.0 | 1.0 | 1.0 | 1.0,
Players,Players.csv,draftNumber,float64,6692,6692,1357,0.2028,169,False,25.0 | 5.0 | 1.0 | 3.0 | 11.0,
Players,Players.csv,fromYear,float64,6692,6692,1337,0.1998,80,False,1990.0 | 1968.0 | 1969.0 | 1990.0 | 1997.0,
Players,Players.csv,toYear,float64,6692,6692,1922,0.2872,80,False,1994.0 | 1977.0 | 1988.0 | 2000.0 | 2003.0,
PlayerStatistics,PlayerStatistics.csv,firstName,object,1669258,100000,0,0.0,629,False,Dylan | Luke | Keldon | Devin | De'Aaron,
PlayerStatistics,PlayerStatistics.csv,lastName,object,1669258,100000,0,0.0,729,False,Harper | Kornet | Johnson | Vassell | Fox,
PlayerStatistics,PlayerStatistics.csv,personId,int64,1669258,100000,0,0.0,919,True,1642844 | 1628436 | 1629640 | 1630170 | 1628368,
PlayerStatistics,PlayerStatistics.csv,gameId,int64,1669258,100000,0,0.0,3725,True,42500234 | 42500234 | 42500234 | 42500234 | 42500234,
PlayerStatistics,PlayerStatistics.csv,gameDateTimeEst,object,1669258,100000,0,0.0,2445,True,2026-05-10 19:30:00 | 2026-05-10 19:30:00 | 2026-05-10 19:30:00 | 2026-05-10 19:30:00 | 2026-05-10 19:30:00,
PlayerStatistics,PlayerStatistics.csv,playerteamCity,object,1669258,100000,168,0.0017,36,False,San Antonio | San Antonio | San Antonio | San Antonio | San Antonio,
PlayerStatistics,PlayerStatistics.csv,playerteamName,object,1669258,100000,0,0.0,47,False,Spurs | Spurs | Spurs | Spurs | Spurs,
PlayerStatistics,PlayerStatistics.csv,opponentteamCity,object,1669258,100000,168,0.0017,36,False,Minnesota | Minnesota | Minnesota | Minnesota | Minnesota,
PlayerStatistics,PlayerStatistics.csv,opponentteamName,object,1669258,100000,0,0.0,47,False,Timberwolves | Timberwolves | Timberwolves | Timberwolves | Timberwolves,
PlayerStatistics,PlayerStatistics.csv,gameType,object,1669258,100000,50,0.0005,7,False,Playoffs | Playoffs | Playoffs | Playoffs | Playoffs,
PlayerStatistics,PlayerStatistics.csv,gameLabel,object,1669258,100000,83680,0.8368,31,False,West Conf. Semifinals | West Conf. Semifinals | West Conf. Semifinals | West Conf. Semifinals | West Conf. Semifinals,
PlayerStatistics,PlayerStatistics.csv,gameSubLabel,object,1669258,100000,89319,0.8932,24,False,Game 4 | Game 4 | Game 4 | Game 4 | Game 4,
PlayerStatistics,PlayerStatistics.csv,seriesGameNumber,object,1669258,100000,58415,0.5841,16,False,4 | 4 | 4 | 4 | 4,
PlayerStatistics,PlayerStatistics.csv,win,float64,1669258,100000,10,0.0001,2,False,0.0 | 0.0 | 0.0 | 0.0 | 0.0,
PlayerStatistics,PlayerStatistics.csv,home,int64,1669258,100000,0,0.0,2,False,0 | 0 | 0 | 0 | 0,
PlayerStatistics,PlayerStatistics.csv,numMinutes,float64,1669258,100000,18844,0.1884,3512,False,27.066666666666663 | 26.2 | 16.6 | 33.416666666666664 | 36.85,
PlayerStatistics,PlayerStatistics.csv,points,float64,1669258,100000,0,0.0,64,False,24.0 | 7.0 | 4.0 | 14.0 | 24.0,
PlayerStatistics,PlayerStatistics.csv,assists,float64,1669258,100000,0,0.0,24,False,1.0 | 1.0 | 1.0 | 3.0 | 3.0,
PlayerStatistics,PlayerStatistics.csv,blocks,float64,1669258,100000,0,0.0,12,False,0.0 | 2.0 | 0.0 | 0.0 | 0.0,
PlayerStatistics,PlayerStatistics.csv,steals,float64,1669258,100000,0,0.0,9,False,3.0 | 1.0 | 1.0 | 2.0 | 3.0,
PlayerStatistics,PlayerStatistics.csv,fieldGoalsAttempted,float64,1669258,100000,0,0.0,45,False,11.0 | 4.0 | 4.0 | 10.0 | 23.0,
PlayerStatistics,PlayerStatistics.csv,fieldGoalsMade,float64,1669258,100000,0,0.0,26,False,8.0 | 3.0 | 2.0 | 6.0 | 8.0,
PlayerStatistics,PlayerStatistics.csv,fieldGoalsPercentage,float64,1669258,100000,0,0.0,245,False,0.727 | 0.75 | 0.5 | 0.6 | 0.348,
PlayerStatistics,PlayerStatistics.csv,threePointersAttempted,float64,1669258,100000,0,0.0,24,False,1.0 | 0.0 | 0.0 | 5.0 | 7.0,
PlayerStatistics,PlayerStatistics.csv,threePointersMade,float64,1669258,100000,0,0.0,13,False,1.0 | 0.0 | 0.0 | 2.0 | 1.0,
PlayerStatistics,PlayerStatistics.csv,threePointersPercentage,float64,1669258,100000,0,0.0,96,False,1.0 | 0.0 | 0.0 | 0.4 | 0.143,
PlayerStatistics,PlayerStatistics.csv,freeThrowsAttempted,float64,1669258,100000,0,0.0,28,False,7.0 | 2.0 | 1.0 | 0.0 | 10.0,
PlayerStatistics,PlayerStatistics.csv,freeThrowsMade,float64,1669258,100000,0,0.0,25,False,7.0 | 1.0 | 0.0 | 0.0 | 7.0,
PlayerStatistics,PlayerStatistics.csv,freeThrowsPercentage,float64,1669258,100000,0,0.0,93,False,1.0 | 0.5 | 0.0 | 0.0 | 0.7,
PlayerStatistics,PlayerStatistics.csv,reboundsDefensive,float64,1669258,100000,0,0.0,22,False,5.0 | 4.0 | 2.0 | 1.0 | 4.0,
PlayerStatistics,PlayerStatistics.csv,reboundsOffensive,float64,1669258,100000,0,0.0,14,False,2.0 | 5.0 | 1.0 | 0.0 | 0.0,
PlayerStatistics,PlayerStatistics.csv,reboundsTotal,float64,1669258,100000,0,0.0,29,False,7.0 | 9.0 | 3.0 | 1.0 | 4.0,
PlayerStatistics,PlayerStatistics.csv,foulsPersonal,float64,1669258,100000,0,0.0,7,False,2.0 | 2.0 | 1.0 | 2.0 | 2.0,
PlayerStatistics,PlayerStatistics.csv,turnovers,float64,1669258,100000,0,0.0,12,False,2.0 | 1.0 | 3.0 | 1.0 | 1.0,
PlayerStatistics,PlayerStatistics.csv,plusMinusPoints,float64,1669258,100000,0,0.0,105,False,-14.0 | 0.0 | -5.0 | 5.0 | -6.0,
PlayerStatistics,PlayerStatistics.csv,playerteamId,float64,1669258,100000,5491,0.0549,43,False,1610612759.0 | 1610612759.0 | 1610612759.0 | 1610612759.0 | 1610612759.0,
PlayerStatistics,PlayerStatistics.csv,opponentteamId,float64,1669258,100000,5491,0.0549,43,True,1610612750.0 | 1610612750.0 | 1610612750.0 | 1610612750.0 | 1610612750.0,
PlayerStatistics,PlayerStatistics.csv,comment,object,1669258,100000,82474,0.8247,23,False,DNP - Coach's Decision | DNP - Coach's Decision | DNP - Coach's Decision | DNP - Coach's Decision | DNP - Coach's Decision,
PlayerStatistics,PlayerStatistics.csv,startingPosition,object,1669258,100000,64165,0.6417,3,False,F | G | F | G | F,
PlayerStatistics,PlayerStatistics.csv,gameDate,object,1669258,100000,0,0.0,2445,True,2026-05-10 19:30:00 | 2026-05-10 19:30:00 | 2026-05-10 19:30:00 | 2026-05-10 19:30:00 | 2026-05-10 19:30:00,
PlayerStatisticsExtended,PlayerStatisticsExtended.csv,firstName,object,838269,100000,0,0.0,657,False,Harrison | Anthony | Luke | Mike | Keldon,
PlayerStatisticsExtended,PlayerStatisticsExtended.csv,lastName,object,838269,100000,0,0.0,755,False,Barnes | Edwards | Kornet | Conley | Johnson,
PlayerStatisticsExtended,PlayerStatisticsExtended.csv,personId,int64,838269,100000,0,0.0,963,True,203084 | 1630162 | 1628436 | 201144 | 1629640,
PlayerStatisticsExtended,PlayerStatisticsExtended.csv,gameId,int64,838269,100000,0,0.0,4600,True,42500234 | 42500234 | 42500234 | 42500234 | 42500234,
PlayerStatisticsExtended,PlayerStatisticsExtended.csv,gameDateTimeEst,object,838269,100000,0,0.0,3009,True,2026-05-10 19:30:00 | 2026-05-10 19:30:00 | 2026-05-10 19:30:00 | 2026-05-10 19:30:00 | 2026-05-10 19:30:00,
PlayerStatisticsExtended,PlayerStatisticsExtended.csv,gameType,object,838269,100000,0,0.0,7,False,Playoffs | Playoffs | Playoffs | Playoffs | Playoffs,
PlayerStatisticsExtended,PlayerStatisticsExtended.csv,gameLabel,object,838269,100000,82180,0.8218,31,False,West Conf. Semifinals | West Conf. Semifinals | West Conf. Semifinals | West Conf. Semifinals | West Conf. Semifinals,
PlayerStatisticsExtended,PlayerStatisticsExtended.csv,gameSubLabel,object,838269,100000,88559,0.8856,24,False,Game 4 | Game 4 | Game 4 | Game 4 | Game 4,
PlayerStatisticsExtended,PlayerStatisticsExtended.csv,seriesGameNumber,object,838269,100000,65243,0.6524,16,False,4 | 4 | 4 | 4 | 4,
PlayerStatisticsExtended,PlayerStatisticsExtended.csv,win,int64,838269,100000,0,0.0,2,False,0 | 1 | 0 | 1 | 0,
PlayerStatisticsExtended,PlayerStatisticsExtended.csv,home,int64,838269,100000,0,0.0,2,False,0 | 1 | 0 | 1 | 0,
PlayerStatisticsExtended,PlayerStatisticsExtended.csv,playerteamId,float64,838269,100000,5840,0.0584,43,False,1610612759.0 | 1610612750.0 | 1610612759.0 | 1610612750.0 | 1610612759.0,
PlayerStatisticsExtended,PlayerStatisticsExtended.csv,playerteamCity,object,838269,100000,149,0.0015,37,False,San Antonio | Minnesota | San Antonio | Minnesota | San Antonio,
PlayerStatisticsExtended,PlayerStatisticsExtended.csv,playerteamName,object,838269,100000,0,0.0,49,False,Spurs | Timberwolves | Spurs | Timberwolves | Spurs,
PlayerStatisticsExtended,PlayerStatisticsExtended.csv,opponentteamId,float64,838269,100000,5840,0.0584,43,True,1610612750.0 | 1610612759.0 | 1610612750.0 | 1610612759.0 | 1610612750.0,
PlayerStatisticsExtended,PlayerStatisticsExtended.csv,opponentteamCity,object,838269,100000,149,0.0015,37,False,Minnesota | San Antonio | Minnesota | San Antonio | Minnesota,
PlayerStatisticsExtended,PlayerStatisticsExtended.csv,opponentteamName,object,838269,100000,0,0.0,49,False,Timberwolves | Spurs | Timberwolves | Spurs | Timberwolves,
PlayerStatisticsExtended,PlayerStatisticsExtended.csv,comment,float64,838269,100000,100000,1.0,0,False,,
PlayerStatisticsExtended,PlayerStatisticsExtended.csv,startingPosition,object,838269,100000,56043,0.5604,3,False,G | F | C | G | G,
PlayerStatisticsExtended,PlayerStatisticsExtended.csv,numMinutes,float64,838269,100000,31,0.0003,3513,False,9.133333333333333 | 40.083333333333336 | 26.2 | 10.65 | 16.6,
PlayerStatisticsExtended,PlayerStatisticsExtended.csv,points,float64,838269,100000,0,0.0,67,False,2.0 | 36.0 | 7.0 | 8.0 | 4.0,
PlayerStatisticsExtended,PlayerStatisticsExtended.csv,assists,float64,838269,100000,0,0.0,24,False,0.0 | 2.0 | 1.0 | 2.0 | 1.0,
PlayerStatisticsExtended,PlayerStatisticsExtended.csv,reboundsTotal,float64,838269,100000,0,0.0,29,False,1.0 | 6.0 | 9.0 | 0.0 | 3.0,
PlayerStatisticsExtended,PlayerStatisticsExtended.csv,reboundsOffensive,float64,838269,100000,0,0.0,16,False,0.0 | 1.0 | 5.0 | 0.0 | 1.0,
PlayerStatisticsExtended,PlayerStatisticsExtended.csv,reboundsDefensive,float64,838269,100000,0,0.0,22,False,1.0 | 5.0 | 4.0 | 0.0 | 2.0,
PlayerStatisticsExtended,PlayerStatisticsExtended.csv,fieldGoalsMade,float64,838269,100000,0,0.0,26,False,1.0 | 13.0 | 3.0 | 2.0 | 2.0,
PlayerStatisticsExtended,PlayerStatisticsExtended.csv,fieldGoalsAttempted,float64,838269,100000,0,0.0,45,False,2.0 | 22.0 | 4.0 | 2.0 | 4.0,
PlayerStatisticsExtended,PlayerStatisticsExtended.csv,fieldGoalsPercentage,float64,838269,100000,0,0.0,254,False,0.5 | 0.591 | 0.75 | 1.0 | 0.5,
PlayerStatisticsExtended,PlayerStatisticsExtended.csv,threePointersMade,float64,838269,100000,0,0.0,14,False,0.0 | 3.0 | 0.0 | 2.0 | 0.0,
PlayerStatisticsExtended,PlayerStatisticsExtended.csv,threePointersAttempted,float64,838269,100000,0,0.0,24,False,0.0 | 5.0 | 0.0 | 2.0 | 0.0,
PlayerStatisticsExtended,PlayerStatisticsExtended.csv,threePointersPercentage,float64,838269,100000,0,0.0,99,False,0.0 | 0.6 | 0.0 | 1.0 | 0.0,
PlayerStatisticsExtended,PlayerStatisticsExtended.csv,freeThrowsMade,float64,838269,100000,0,0.0,26,False,0.0 | 7.0 | 1.0 | 2.0 | 0.0,
PlayerStatisticsExtended,PlayerStatisticsExtended.csv,freeThrowsAttempted,float64,838269,100000,0,0.0,29,False,0.0 | 8.0 | 2.0 | 2.0 | 1.0,
PlayerStatisticsExtended,PlayerStatisticsExtended.csv,freeThrowsPercentage,float64,838269,100000,0,0.0,98,False,0.0 | 0.875 | 0.5 | 1.0 | 0.0,
PlayerStatisticsExtended,PlayerStatisticsExtended.csv,steals,float64,838269,100000,0,0.0,9,False,0.0 | 1.0 | 1.0 | 0.0 | 1.0,
PlayerStatisticsExtended,PlayerStatisticsExtended.csv,blocks,float64,838269,100000,0,0.0,12,False,0.0 | 0.0 | 2.0 | 0.0 | 0.0,
PlayerStatisticsExtended,PlayerStatisticsExtended.csv,blocksAgainst,float64,838269,100000,9,0.0001,9,False,0.0 | 2.0 | 0.0 | 0.0 | 0.0,
PlayerStatisticsExtended,PlayerStatisticsExtended.csv,turnovers,float64,838269,100000,0,0.0,12,False,0.0 | 4.0 | 1.0 | 1.0 | 3.0,
PlayerStatisticsExtended,PlayerStatisticsExtended.csv,foulsPersonal,float64,838269,100000,0,0.0,7,False,0.0 | 5.0 | 2.0 | 1.0 | 1.0,
PlayerStatisticsExtended,PlayerStatisticsExtended.csv,foulsAgainst,float64,838269,100000,9,0.0001,20,False,0.0 | 5.0 | 2.0 | 1.0 | 1.0,
PlayerStatisticsExtended,PlayerStatisticsExtended.csv,plusMinusPoints,float64,838269,100000,0,0.0,105,False,-5.0 | 0.0 | 0.0 | 10.0 | -5.0,
PlayerStatisticsExtended,PlayerStatisticsExtended.csv,doubleDouble,float64,838269,100000,9,0.0001,2,False,0.0 | 0.0 | 0.0 | 0.0 | 0.0,
PlayerStatisticsExtended,PlayerStatisticsExtended.csv,tripleDouble,float64,838269,100000,9,0.0001,2,False,0.0 | 0.0 | 0.0 | 0.0 | 0.0,
PlayerStatisticsExtended,PlayerStatisticsExtended.csv,estimatedOffensiveRating,float64,838269,100000,0,0.0,1550,False,106.6 | 110.1 | 109.2 | 117.6 | 114.4,
PlayerStatisticsExtended,PlayerStatisticsExtended.csv,offensiveRating,float64,838269,100000,0,0.0,1192,False,105.9 | 117.5 | 107.3 | 123.1 | 105.1,
PlayerStatisticsExtended,PlayerStatisticsExtended.csv,spWorkOffensiveRating,float64,838269,100000,0,0.0,1192,False,105.9 | 117.5 | 107.3 | 123.1 | 105.1,
PlayerStatisticsExtended,PlayerStatisticsExtended.csv,estimatedDefensiveRating,float64,838269,100000,0,0.0,1585,False,129.5 | 114.5 | 104.2 | 93.1 | 115.1,
PlayerStatisticsExtended,PlayerStatisticsExtended.csv,defensiveRating,float64,838269,100000,0,0.0,1195,False,135.3 | 114.6 | 109.3 | 88.0 | 124.3,
PlayerStatisticsExtended,PlayerStatisticsExtended.csv,spWorkDefensiveRating,float64,838269,100000,0,0.0,1195,False,135.3 | 114.6 | 109.3 | 88.0 | 124.3,
PlayerStatisticsExtended,PlayerStatisticsExtended.csv,estimatedNetRating,float64,838269,100000,0,0.0,2540,False,-22.9 | -4.3 | 5.0 | 24.6 | -0.7,
PlayerStatisticsExtended,PlayerStatisticsExtended.csv,netRating,float64,838269,100000,0,0.0,2159,False,-29.4 | 2.9 | -2.0 | 35.1 | -19.2,
PlayerStatisticsExtended,PlayerStatisticsExtended.csv,spWorkNetRating,float64,838269,100000,0,0.0,2159,False,-29.4 | 2.9 | -2.0 | 35.1 | -19.2,
PlayerStatisticsExtended,PlayerStatisticsExtended.csv,assistPercentage,float64,838269,100000,0,0.0,320,False,0.0 | 0.091 | 0.053 | 0.222 | 0.077,
PlayerStatisticsExtended,PlayerStatisticsExtended.csv,assistToTurnoverRatio,float64,838269,100000,0,0.0,118,False,0.0 | 0.5 | 1.0 | 2.0 | 0.33,
PlayerStatisticsExtended,PlayerStatisticsExtended.csv,assistRatio,float64,838269,100000,0,0.0,372,False,0.0 | 6.3 | 14.3 | 33.3 | 12.5,
PlayerStatisticsExtended,PlayerStatisticsExtended.csv,offensiveReboundPercentage,float64,838269,100000,0,0.0,250,False,0.0 | 0.025 | 0.167 | 0.0 | 0.091,
PlayerStatisticsExtended,PlayerStatisticsExtended.csv,defensiveReboundPercentage,float64,838269,100000,0,0.0,377,False,0.167 | 0.119 | 0.143 | 0.0 | 0.1,
PlayerStatisticsExtended,PlayerStatisticsExtended.csv,reboundPercentage,float64,838269,100000,0,0.0,359,False,0.059 | 0.073 | 0.155 | 0.0 | 0.097,
PlayerStatisticsExtended,PlayerStatisticsExtended.csv,teamTurnoverPercentage,float64,838269,100000,0,0.0,237,False,0.0 | 12.5 | 14.3 | 16.7 | 37.5,
PlayerStatisticsExtended,PlayerStatisticsExtended.csv,estimatedTurnoverPercentage,float64,838269,100000,0,0.0,421,False,0.0 | 12.7 | 14.5 | 17.0 | 35.5,
PlayerStatisticsExtended,PlayerStatisticsExtended.csv,effectiveFieldGoalPercentage,float64,838269,100000,0,0.0,475,False,0.5 | 0.659 | 0.75 | 1.5 | 0.5,
PlayerStatisticsExtended,PlayerStatisticsExtended.csv,trueShootingPercentage,float64,838269,100000,0,0.0,1037,False,0.5 | 0.705 | 0.717 | 1.389 | 0.45,
PlayerStatisticsExtended,PlayerStatisticsExtended.csv,usagePercentage,float64,838269,100000,0,0.0,476,False,0.091 | 0.306 | 0.094 | 0.133 | 0.171,
PlayerStatisticsExtended,PlayerStatisticsExtended.csv,estimatedUsagePercentage,float64,838269,100000,0,0.0,543,False,0.096 | 0.3 | 0.095 | 0.128 | 0.202,
PlayerStatisticsExtended,PlayerStatisticsExtended.csv,estimatedPace,float64,838269,100000,0,0.0,5226,False,91.02 | 100.28 | 101.39 | 114.57 | 109.6,
PlayerStatisticsExtended,PlayerStatisticsExtended.csv,pace,float64,838269,100000,0,0.0,4735,False,89.34 | 97.0 | 99.85 | 114.93 | 109.89,
PlayerStatisticsExtended,PlayerStatisticsExtended.csv,pacePer40,float64,838269,100000,0,0.0,4156,False,74.45 | 80.83 | 83.21 | 95.77 | 91.58,
PlayerStatisticsExtended,PlayerStatisticsExtended.csv,spWorkPace,float64,838269,100000,0,0.0,4735,False,89.34 | 97.0 | 99.85 | 114.93 | 109.89,
PlayerStatisticsExtended,PlayerStatisticsExtended.csv,playerImpactEstimate,float64,838269,100000,0,0.0,871,False,0.055 | 0.172 | 0.12 | 0.168 | 0.021,
PlayerStatisticsExtended,PlayerStatisticsExtended.csv,possessions,int64,838269,100000,0,0.0,116,False,17 | 80 | 55 | 26 | 39,
PlayerStatisticsExtended,PlayerStatisticsExtended.csv,pointsOffTurnovers,int64,838269,100000,0,0.0,19,False,0 | 6 | 0 | 3 | 4,
PlayerStatisticsExtended,PlayerStatisticsExtended.csv,pointsSecondChance,int64,838269,100000,0,0.0,18,False,0 | 7 | 2 | 2 | 0,
PlayerStatisticsExtended,PlayerStatisticsExtended.csv,pointsFastBreak,int64,838269,100000,0,0.0,21,False,0 | 2 | 0 | 0 | 2,
PlayerStatisticsExtended,PlayerStatisticsExtended.csv,pointsInPaint,int64,838269,100000,0,0.0,21,False,2 | 10 | 6 | 0 | 4,
PlayerStatisticsExtended,PlayerStatisticsExtended.csv,opponentPointsOffTurnovers,float64,838269,100000,0,0.0,39,False,3.0 | 17.0 | 13.0 | 4.0 | 14.0,
PlayerStatisticsExtended,PlayerStatisticsExtended.csv,opponentPointsSecondChance,float64,838269,100000,0,0.0,36,False,2.0 | 15.0 | 8.0 | 0.0 | 8.0,
PlayerStatisticsExtended,PlayerStatisticsExtended.csv,opponentPointsFastBreak,float64,838269,100000,0,0.0,44,False,0.0 | 9.0 | 5.0 | 6.0 | 7.0,
PlayerStatisticsExtended,PlayerStatisticsExtended.csv,opponentPointsInPaint,float64,838269,100000,0,0.0,44,False,4.0 | 48.0 | 28.0 | 12.0 | 20.0,
PlayerStatisticsExtended,PlayerStatisticsExtended.csv,percentFieldGoalAttempts2Point,float64,838269,100000,0,0.0,282,False,1.0 | 0.773 | 1.0 | 0.0 | 1.0,
PlayerStatisticsExtended,PlayerStatisticsExtended.csv,percentFieldGoalAttempts3Point,float64,838269,100000,0,0.0,282,False,0.0 | 0.227 | 0.0 | 1.0 | 0.0,
PlayerStatisticsExtended,PlayerStatisticsExtended.csv,percentPoints2Point,float64,838269,100000,0,0.0,324,False,1.0 | 0.556 | 0.857 | 0.0 | 1.0,
PlayerStatisticsExtended,PlayerStatisticsExtended.csv,percentPoints2PointMidRange,float64,838269,100000,0,0.0,208,False,0.0 | 0.278 | 0.0 | 0.0 | 0.0,
PlayerStatisticsExtended,PlayerStatisticsExtended.csv,percentPoints3Point,float64,838269,100000,0,0.0,232,False,0.0 | 0.25 | 0.0 | 0.75 | 0.0,
PlayerStatisticsExtended,PlayerStatisticsExtended.csv,percentPointsFastBreak,float64,838269,100000,0,0.0,336,False,0.0 | 0.056 | 0.0 | 0.0 | 0.5,
PlayerStatisticsExtended,PlayerStatisticsExtended.csv,percentPointsFreeThrow,float64,838269,100000,0,0.0,430,False,0.0 | 0.194 | 0.143 | 0.25 | 0.0,
PlayerStatisticsExtended,PlayerStatisticsExtended.csv,percentPointsOffTurnovers,float64,838269,100000,0,0.0,336,False,0.0 | 0.167 | 0.0 | 0.375 | 1.0,
PlayerStatisticsExtended,PlayerStatisticsExtended.csv,percentPointsInPaint,float64,838269,100000,0,0.0,320,False,1.0 | 0.278 | 0.857 | 0.0 | 1.0,
PlayerStatisticsExtended,PlayerStatisticsExtended.csv,percentAssisted2PointMade,float64,838269,100000,0,0.0,101,False,1.0 | 0.5 | 0.667 | 0.0 | 0.5,
PlayerStatisticsExtended,PlayerStatisticsExtended.csv,percentUnassisted2PointMade,float64,838269,100000,0,0.0,101,False,0.0 | 0.5 | 0.333 | 0.0 | 0.5,
PlayerStatisticsExtended,PlayerStatisticsExtended.csv,percentAssisted3PointMade,float64,838269,100000,0,0.0,35,False,0.0 | 0.667 | 0.0 | 1.0 | 0.0,
PlayerStatisticsExtended,PlayerStatisticsExtended.csv,percentUnassisted3PointMade,float64,838269,100000,0,0.0,35,False,0.0 | 0.333 | 0.0 | 0.0 | 0.0,
PlayerStatisticsExtended,PlayerStatisticsExtended.csv,percentAssistedFieldGoalsMade,float64,838269,100000,0,0.0,122,False,1.0 | 0.538 | 0.667 | 1.0 | 0.5,
PlayerStatisticsExtended,PlayerStatisticsExtended.csv,percentUnassistedFieldGoalsMade,float64,838269,100000,0,0.0,122,False,0.0 | 0.462 | 0.333 | 0.0 | 0.5,
PlayerStatisticsExtended,PlayerStatisticsExtended.csv,percentTeamFieldGoalsMade,float64,838269,100000,0,0.0,358,False,0.125 | 0.371 | 0.136 | 0.182 | 0.133,
PlayerStatisticsExtended,PlayerStatisticsExtended.csv,percentTeamFieldGoalsAttempted,float64,838269,100000,0,0.0,468,False,0.111 | 0.293 | 0.082 | 0.077 | 0.174,
PlayerStatisticsExtended,PlayerStatisticsExtended.csv,percentTeamThreePointersMade,float64,838269,100000,0,0.0,120,False,0.0 | 0.429 | 0.0 | 0.4 | 0.0,
PlayerStatisticsExtended,PlayerStatisticsExtended.csv,percentTeamThreePointersAttempted,float64,838269,100000,0,0.0,374,False,0.0 | 0.294 | 0.0 | 0.167 | 0.0,
PlayerStatisticsExtended,PlayerStatisticsExtended.csv,percentTeamFreeThrowsMade,float64,838269,100000,0,0.0,264,False,0.0 | 0.412 | 0.077 | 0.4 | 0.0,
PlayerStatisticsExtended,PlayerStatisticsExtended.csv,percentTeamFreeThrowsAttempted,float64,838269,100000,0,0.0,342,False,0.0 | 0.421 | 0.125 | 0.4 | 0.091,
PlayerStatisticsExtended,PlayerStatisticsExtended.csv,percentTeamOffensiveRebounds,float64,838269,100000,0,0.0,118,False,0.0 | 0.077 | 0.625 | 0.0 | 1.0,
PlayerStatisticsExtended,PlayerStatisticsExtended.csv,percentTeamDefensiveRebounds,float64,838269,100000,0,0.0,323,False,0.333 | 0.185 | 0.308 | 0.0 | 0.222,
PlayerStatisticsExtended,PlayerStatisticsExtended.csv,percentTeamRebounds,float64,838269,100000,0,0.0,454,False,0.143 | 0.15 | 0.429 | 0.0 | 0.3,
PlayerStatisticsExtended,PlayerStatisticsExtended.csv,percentTeamAssists,float64,838269,100000,0,0.0,287,False,0.0 | 0.125 | 0.143 | 0.25 | 0.2,
PlayerStatisticsExtended,PlayerStatisticsExtended.csv,percentTeamTurnovers,float64,838269,100000,0,0.0,109,False,0.0 | 0.267 | 0.167 | 0.5 | 0.333,
PlayerStatisticsExtended,PlayerStatisticsExtended.csv,percentTeamSteals,float64,838269,100000,0,0.0,63,False,0.0 | 0.25 | 0.143 | 0.0 | 0.167,
PlayerStatisticsExtended,PlayerStatisticsExtended.csv,percentTeamBlocks,float64,838269,100000,0,0.0,51,False,0.0 | 0.0 | 0.667 | 0.0 | 0.0,
PlayerStatisticsExtended,PlayerStatisticsExtended.csv,percentTeamBlocksAgainst,float64,838269,100000,0,0.0,49,False,0.0 | 0.667 | 0.0 | 0.0 | 0.0,
PlayerStatisticsExtended,PlayerStatisticsExtended.csv,percentTeamFoulsPersonal,float64,838269,100000,0,0.0,100,False,0.0 | 0.25 | 0.286 | 0.25 | 0.125,
PlayerStatisticsExtended,PlayerStatisticsExtended.csv,percentTeamFoulsDrawn,float64,838269,100000,0,0.0,192,False,0.0 | 0.313 | 0.154 | 0.2 | 0.143,
PlayerStatisticsExtended,PlayerStatisticsExtended.csv,percentTeamPoints,float64,838269,100000,0,0.0,579,False,0.111 | 0.383 | 0.119 | 0.25 | 0.098,
TeamHistories,TeamHistories.csv,teamId,int64,140,140,0,0.0,97,True,1610612737 | 1610612737 | 1610612737 | 1610612737 | 1610612738,
TeamHistories,TeamHistories.csv,teamCity,object,140,140,0,0.0,89,False,Tri-Cities | Milwaukee | St. Louis | Atlanta | Boston,
TeamHistories,TeamHistories.csv,teamName,object,140,140,0,0.0,99,False,Blackhawks | Hawks | Hawks | Hawks | Celtics,
TeamHistories,TeamHistories.csv,teamAbbrev,object,140,140,0,0.0,110,False,TRI   | MIL   | STL   | ATL   | BOS  ,
TeamHistories,TeamHistories.csv,seasonFounded,int64,140,140,0,0.0,65,False,1946 | 1951 | 1955 | 1968 | 1946,
TeamHistories,TeamHistories.csv,seasonActiveTill,int64,140,140,0,0.0,36,False,1948 | 1954 | 1967 | 2100 | 1948,
TeamHistories,TeamHistories.csv,league,object,140,140,0,0.0,12,False,BAA | NBA | NBA | NBA | BAA,
TeamStatistics,TeamStatistics.csv,gameId,int64,146514,100000,0,0.0,49999,True,42500234 | 42500234 | 42500214 | 42500214 | 42500223,
TeamStatistics,TeamStatistics.csv,gameDateTimeEst,object,146514,100000,0,0.0,28138,True,2026-05-10 19:30:00 | 2026-05-10 19:30:00 | 2026-05-10 15:30:00 | 2026-05-10 15:30:00 | 2026-05-09 20:30:00,
TeamStatistics,TeamStatistics.csv,teamCity,object,146514,100000,16,0.0002,37,False,Minnesota | San Antonio | New York | Philadelphia | Los Angeles,
TeamStatistics,TeamStatistics.csv,teamName,object,146514,100000,2,0.0,44,False,Timberwolves | Spurs | Knicks | 76ers | Lakers,
TeamStatistics,TeamStatistics.csv,teamId,int64,146514,100000,0,0.0,42,True,1610612750 | 1610612759 | 1610612752 | 1610612755 | 1610612747,
TeamStatistics,TeamStatistics.csv,opponentTeamCity,object,146514,100000,16,0.0002,37,False,San Antonio | Minnesota | Philadelphia | New York | Oklahoma City,
TeamStatistics,TeamStatistics.csv,opponentTeamName,object,146514,100000,2,0.0,44,False,Spurs | Timberwolves | 76ers | Knicks | Thunder,
TeamStatistics,TeamStatistics.csv,opponentTeamId,int64,146514,100000,0,0.0,42,True,1610612759 | 1610612750 | 1610612755 | 1610612752 | 1610612760,
TeamStatistics,TeamStatistics.csv,home,int64,146514,100000,0,0.0,2,False,1 | 0 | 0 | 1 | 1,
TeamStatistics,TeamStatistics.csv,win,float64,146514,100000,2,0.0,2,False,1.0 | 0.0 | 1.0 | 0.0 | 0.0,
TeamStatistics,TeamStatistics.csv,teamScore,int64,146514,100000,0,0.0,129,False,114 | 109 | 144 | 114 | 108,
TeamStatistics,TeamStatistics.csv,opponentScore,int64,146514,100000,0,0.0,129,False,109 | 114 | 114 | 144 | 131,
TeamStatistics,TeamStatistics.csv,assists,float64,146514,100000,2,0.0,48,False,20.0 | 17.0 | 33.0 | 24.0 | 31.0,
TeamStatistics,TeamStatistics.csv,blocks,float64,146514,100000,2,0.0,24,False,1.0 | 3.0 | 4.0 | 3.0 | 1.0,
TeamStatistics,TeamStatistics.csv,steals,float64,146514,100000,2,0.0,27,False,5.0 | 13.0 | 6.0 | 5.0 | 6.0,
TeamStatistics,TeamStatistics.csv,fieldGoalsAttempted,float64,146514,100000,2,0.0,92,False,94.0 | 86.0 | 91.0 | 86.0 | 81.0,
TeamStatistics,TeamStatistics.csv,fieldGoalsMade,float64,146514,100000,2,0.0,58,False,42.0 | 41.0 | 49.0 | 43.0 | 38.0,
TeamStatistics,TeamStatistics.csv,fieldGoalsPercentage,float64,146514,100000,2,0.0,404,False,0.447 | 0.477 | 0.538 | 0.5 | 0.469,
TeamStatistics,TeamStatistics.csv,threePointersAttempted,float64,146514,100000,2,0.0,69,False,27.0 | 26.0 | 44.0 | 35.0 | 30.0,
TeamStatistics,TeamStatistics.csv,threePointersMade,float64,146514,100000,2,0.0,30,False,10.0 | 6.0 | 25.0 | 8.0 | 14.0,
TeamStatistics,TeamStatistics.csv,threePointersPercentage,float64,146514,100000,3,0.0,446,False,0.37 | 0.231 | 0.568 | 0.229 | 0.467,
TeamStatistics,TeamStatistics.csv,freeThrowsAttempted,float64,146514,100000,2,0.0,66,False,22.0 | 27.0 | 29.0 | 28.0 | 25.0,
TeamStatistics,TeamStatistics.csv,freeThrowsMade,float64,146514,100000,2,0.0,56,False,20.0 | 21.0 | 21.0 | 20.0 | 18.0,
TeamStatistics,TeamStatistics.csv,freeThrowsPercentage,float64,146514,100000,2,0.0,430,False,0.909 | 0.778 | 0.724 | 0.714 | 0.72,
TeamStatistics,TeamStatistics.csv,reboundsDefensive,float64,146514,100000,2,0.0,53,False,34.0 | 28.0 | 32.0 | 23.0 | 23.0,
TeamStatistics,TeamStatistics.csv,reboundsOffensive,float64,146514,100000,2,0.0,39,False,15.0 | 13.0 | 15.0 | 7.0 | 14.0,
TeamStatistics,TeamStatistics.csv,reboundsTotal,float64,146514,100000,2,0.0,68,False,49.0 | 41.0 | 47.0 | 30.0 | 37.0,
TeamStatistics,TeamStatistics.csv,foulsPersonal,float64,146514,100000,2,0.0,47,False,23.0 | 20.0 | 22.0 | 23.0 | 16.0,
TeamStatistics,TeamStatistics.csv,turnovers,float64,146514,100000,2,0.0,39,False,17.0 | 14.0 | 9.0 | 9.0 | 16.0,
TeamStatistics,TeamStatistics.csv,plusMinusPoints,float64,146514,100000,57,0.0006,131,False,5.0 | -5.0 | 30.0 | -30.0 | -23.0,
TeamStatistics,TeamStatistics.csv,numMinutes,float64,146514,100000,6,0.0001,22,False,240.0 | 240.0 | 240.0 | 240.0 | 240.0,
TeamStatistics,TeamStatistics.csv,q1Points,float64,146514,100000,7312,0.0731,50,False,34.0 | 30.0 | 43.0 | 24.0 | 25.0,
TeamStatistics,TeamStatistics.csv,q2Points,float64,146514,100000,7324,0.0732,51,False,26.0 | 26.0 | 38.0 | 33.0 | 34.0,
TeamStatistics,TeamStatistics.csv,q3Points,float64,146514,100000,7328,0.0733,51,False,20.0 | 28.0 | 41.0 | 26.0 | 20.0,
TeamStatistics,TeamStatistics.csv,q4Points,float64,146514,100000,7328,0.0733,49,False,34.0 | 25.0 | 22.0 | 31.0 | 29.0,
TeamStatistics,TeamStatistics.csv,benchPoints,float64,146514,100000,7310,0.0731,143,False,31.0 | 39.0 | 51.0 | 48.0 | 31.0,
TeamStatistics,TeamStatistics.csv,biggestLead,float64,146514,100000,7310,0.0731,66,False,9.0 | 8.0 | 44.0 | 0.0 | 5.0,
TeamStatistics,TeamStatistics.csv,biggestScoringRun,float64,146514,100000,7310,0.0731,29,False,8.0 | 7.0 | 10.0 | 7.0 | 7.0,
TeamStatistics,TeamStatistics.csv,leadChanges,float64,146514,100000,7310,0.0731,44,False,9.0 | 9.0 | 1.0 | 1.0 | 11.0,
TeamStatistics,TeamStatistics.csv,pointsFastBreak,float64,146514,100000,7310,0.0731,53,False,7.0 | 17.0 | 20.0 | 7.0 | 9.0,
TeamStatistics,TeamStatistics.csv,pointsFromTurnovers,float64,146514,100000,7310,0.0731,47,False,21.0 | 21.0 | 23.0 | 10.0 | 11.0,
TeamStatistics,TeamStatistics.csv,pointsInThePaint,float64,146514,100000,7310,0.0731,56,False,50.0 | 58.0 | 40.0 | 54.0 | 44.0,
TeamStatistics,TeamStatistics.csv,pointsSecondChance,float64,146514,100000,7310,0.0731,42,False,24.0 | 15.0 | 18.0 | 15.0 | 21.0,
TeamStatistics,TeamStatistics.csv,timesTied,float64,146514,100000,7310,0.0731,29,False,5.0 | 5.0 | 1.0 | 1.0 | 7.0,
TeamStatistics,TeamStatistics.csv,timeoutsRemaining,float64,146514,100000,7310,0.0731,7,False,0.0 | 0.0 | 1.0 | 0.0 | 1.0,
TeamStatistics,TeamStatistics.csv,seasonWins,float64,146514,100000,7310,0.0731,74,False,2.0 | 2.0 | 4.0 | 0.0 | 0.0,
TeamStatistics,TeamStatistics.csv,seasonLosses,float64,146514,100000,7310,0.0731,73,False,2.0 | 2.0 | 0.0 | 4.0 | 3.0,
TeamStatistics,TeamStatistics.csv,coachId,float64,146514,100000,100000,1.0,0,False,,
TeamStatistics,TeamStatistics.csv,gameType,object,146514,100000,7590,0.0759,5,False,Playoffs | Playoffs | Playoffs | Playoffs | Playoffs,
TeamStatistics,TeamStatistics.csv,gameLabel,object,146514,100000,93526,0.9353,29,False,West Conf. Semifinals | West Conf. Semifinals | East Conf. Semifinals | East Conf. Semifinals | West Conf. Semifinals,
TeamStatistics,TeamStatistics.csv,gameSubLabel,object,146514,100000,93608,0.9361,20,False,Game 4 | Game 4 | Game 4 | Game 4 | Game 3,
TeamStatistics,TeamStatistics.csv,seriesGameNumber,float64,146514,100000,94042,0.9404,10,False,4.0 | 4.0 | 4.0 | 4.0 | 3.0,
TeamStatistics,TeamStatistics.csv,seed,float64,146514,100000,93954,0.9395,10,False,6.0 | 2.0 | 3.0 | 7.0 | 4.0,
TeamStatistics,TeamStatistics.csv,reboundsTeam,float64,146514,100000,7590,0.0759,26,False,8.0 | 8.0 | 12.0 | 13.0 | 7.0,
TeamStatistics,TeamStatistics.csv,turnoversTeam,float64,146514,100000,7590,0.0759,8,False,0.0 | 0.0 | 2.0 | 1.0 | 1.0,
TeamStatistics,TeamStatistics.csv,ot1Points,float64,146514,100000,94548,0.9455,27,False,8.0 | 6.0 | 11.0 | 7.0 | 12.0,
TeamStatistics,TeamStatistics.csv,ot2Points,float64,146514,100000,99248,0.9925,23,False,10.0 | 7.0 | 8.0 | 15.0 | 12.0,
TeamStatistics,TeamStatistics.csv,otAllPoints,float64,146514,100000,94548,0.9455,46,False,8.0 | 6.0 | 11.0 | 7.0 | 12.0,
TeamStatistics,TeamStatistics.csv,gameDate,object,146514,100000,0,0.0,28138,True,2026-05-10 19:30:00 | 2026-05-10 19:30:00 | 2026-05-10 15:30:00 | 2026-05-10 15:30:00 | 2026-05-09 20:30:00,
TeamStatisticsExtended,TeamStatisticsExtended.csv,gameId,int64,79678,79678,0,0.0,39839,True,42500234 | 42500234 | 42500214 | 42500214 | 42500223,
TeamStatisticsExtended,TeamStatisticsExtended.csv,gameDateTimeEst,object,79678,79678,0,0.0,26373,True,2026-05-10 19:30:00 | 2026-05-10 19:30:00 | 2026-05-10 15:30:00 | 2026-05-10 15:30:00 | 2026-05-09 20:30:00,
TeamStatisticsExtended,TeamStatisticsExtended.csv,gameType,object,79678,79678,7510,0.0943,5,False,Playoffs | Playoffs | Playoffs | Playoffs | Playoffs,
TeamStatisticsExtended,TeamStatisticsExtended.csv,gameLabel,object,79678,79678,74502,0.935,29,False,West Conf. Semifinals | West Conf. Semifinals | East Conf. Semifinals | East Conf. Semifinals | West Conf. Semifinals,
TeamStatisticsExtended,TeamStatisticsExtended.csv,gameSubLabel,object,79678,79678,74584,0.9361,20,False,Game 4 | Game 4 | Game 4 | Game 4 | Game 3,
TeamStatisticsExtended,TeamStatisticsExtended.csv,seriesGameNumber,float64,79678,79678,75018,0.9415,10,False,4.0 | 4.0 | 4.0 | 4.0 | 3.0,
TeamStatisticsExtended,TeamStatisticsExtended.csv,teamId,int64,79678,79678,0,0.0,41,True,1610612759 | 1610612750 | 1610612755 | 1610612752 | 1610612760,
TeamStatisticsExtended,TeamStatisticsExtended.csv,teamCity,object,79678,79678,14,0.0002,37,False,San Antonio | Minnesota | Philadelphia | New York | Oklahoma City,
TeamStatisticsExtended,TeamStatisticsExtended.csv,teamName,object,79678,79678,0,0.0,44,False,Spurs | Timberwolves | 76ers | Knicks | Thunder,
TeamStatisticsExtended,TeamStatisticsExtended.csv,opponentTeamId,int64,79678,79678,0,0.0,41,True,1610612750 | 1610612759 | 1610612752 | 1610612755 | 1610612747,
TeamStatisticsExtended,TeamStatisticsExtended.csv,opponentTeamCity,object,79678,79678,14,0.0002,37,False,Minnesota | San Antonio | New York | Philadelphia | Los Angeles,
TeamStatisticsExtended,TeamStatisticsExtended.csv,opponentTeamName,object,79678,79678,0,0.0,44,False,Timberwolves | Spurs | Knicks | 76ers | Lakers,
TeamStatisticsExtended,TeamStatisticsExtended.csv,home,int64,79678,79678,0,0.0,2,False,0 | 1 | 1 | 0 | 0,
TeamStatisticsExtended,TeamStatisticsExtended.csv,win,int64,79678,79678,0,0.0,2,False,0 | 1 | 0 | 1 | 1,
TeamStatisticsExtended,TeamStatisticsExtended.csv,teamScore,int64,79678,79678,0,0.0,128,False,109 | 114 | 114 | 144 | 131,
TeamStatisticsExtended,TeamStatisticsExtended.csv,opponentScore,int64,79678,79678,0,0.0,128,False,114 | 109 | 144 | 114 | 108,
TeamStatisticsExtended,TeamStatisticsExtended.csv,seed,float64,79678,79678,74930,0.9404,10,False,2.0 | 6.0 | 7.0 | 3.0 | 1.0,
TeamStatisticsExtended,TeamStatisticsExtended.csv,numMinutes,float64,79678,79678,4,0.0001,19,False,240.0 | 240.0 | 240.0 | 240.0 | 240.0,
TeamStatisticsExtended,TeamStatisticsExtended.csv,assists,int64,79678,79678,0,0.0,47,False,17 | 20 | 24 | 33 | 30,
TeamStatisticsExtended,TeamStatisticsExtended.csv,steals,int64,79678,79678,0,0.0,25,False,13 | 5 | 5 | 6 | 12,
TeamStatisticsExtended,TeamStatisticsExtended.csv,blocks,int64,79678,79678,0,0.0,22,False,3 | 1 | 3 | 4 | 3,
TeamStatisticsExtended,TeamStatisticsExtended.csv,blocksAgainst,int64,79678,79678,0,0.0,23,False,1 | 3 | 4 | 3 | 1,
TeamStatisticsExtended,TeamStatisticsExtended.csv,fieldGoalsMade,int64,79678,79678,0,0.0,55,False,41 | 42 | 43 | 49 | 53,
TeamStatisticsExtended,TeamStatisticsExtended.csv,fieldGoalsAttempted,int64,79678,79678,0,0.0,90,False,86 | 94 | 86 | 91 | 94,
TeamStatisticsExtended,TeamStatisticsExtended.csv,fieldGoalsPercentage,float64,79678,79678,0,0.0,400,False,0.477 | 0.447 | 0.5 | 0.538 | 0.564,
TeamStatisticsExtended,TeamStatisticsExtended.csv,threePointersMade,int64,79678,79678,0,0.0,30,False,6 | 10 | 8 | 25 | 17,
TeamStatisticsExtended,TeamStatisticsExtended.csv,threePointersAttempted,int64,79678,79678,0,0.0,69,False,26 | 27 | 35 | 44 | 38,
TeamStatisticsExtended,TeamStatisticsExtended.csv,threePointersPercentage,float64,79678,79678,0,0.0,443,False,0.231 | 0.37 | 0.229 | 0.568 | 0.447,
TeamStatisticsExtended,TeamStatisticsExtended.csv,freeThrowsMade,int64,79678,79678,0,0.0,53,False,21 | 20 | 20 | 21 | 8,
TeamStatisticsExtended,TeamStatisticsExtended.csv,freeThrowsAttempted,int64,79678,79678,0,0.0,63,False,27 | 22 | 28 | 29 | 10,
TeamStatisticsExtended,TeamStatisticsExtended.csv,freeThrowsPercentage,float64,79678,79678,0,0.0,416,False,0.778 | 0.909 | 0.714 | 0.724 | 0.8,
TeamStatisticsExtended,TeamStatisticsExtended.csv,reboundsOffensive,int64,79678,79678,0,0.0,37,False,13 | 15 | 7 | 15 | 12,
TeamStatisticsExtended,TeamStatisticsExtended.csv,reboundsDefensive,int64,79678,79678,0,0.0,53,False,28 | 34 | 23 | 32 | 31,
TeamStatisticsExtended,TeamStatisticsExtended.csv,reboundsTotal,int64,79678,79678,0,0.0,66,False,41 | 49 | 30 | 47 | 43,
TeamStatisticsExtended,TeamStatisticsExtended.csv,reboundsTeam,float64,79678,79678,7510,0.0943,26,False,8.0 | 8.0 | 13.0 | 12.0 | 6.0,
TeamStatisticsExtended,TeamStatisticsExtended.csv,foulsPersonal,int64,79678,79678,0,0.0,46,False,20 | 23 | 23 | 22 | 22,
TeamStatisticsExtended,TeamStatisticsExtended.csv,personalFoulsDrawn,int64,79678,79678,0,0.0,46,False,23 | 20 | 22 | 23 | 16,
TeamStatisticsExtended,TeamStatisticsExtended.csv,turnovers,int64,79678,79678,0,0.0,36,False,14 | 17 | 9 | 9 | 9,
TeamStatisticsExtended,TeamStatisticsExtended.csv,turnoversTeam,float64,79678,79678,7510,0.0943,8,False,0.0 | 0.0 | 1.0 | 2.0 | 1.0,
TeamStatisticsExtended,TeamStatisticsExtended.csv,plusMinusPoints,float64,79678,79678,54,0.0007,131,False,-5.0 | 5.0 | -30.0 | 30.0 | 23.0,
TeamStatisticsExtended,TeamStatisticsExtended.csv,q1Points,float64,79678,79678,7234,0.0908,50,False,30.0 | 34.0 | 24.0 | 43.0 | 31.0,
TeamStatisticsExtended,TeamStatisticsExtended.csv,q2Points,float64,79678,79678,7246,0.0909,50,False,26.0 | 26.0 | 33.0 | 38.0 | 26.0,
TeamStatisticsExtended,TeamStatisticsExtended.csv,q3Points,float64,79678,79678,7250,0.091,50,False,28.0 | 20.0 | 26.0 | 41.0 | 33.0,
TeamStatisticsExtended,TeamStatisticsExtended.csv,q4Points,float64,79678,79678,7250,0.091,49,False,25.0 | 34.0 | 31.0 | 22.0 | 41.0,
TeamStatisticsExtended,TeamStatisticsExtended.csv,ot1Points,float64,79678,79678,75370,0.9459,27,False,8.0 | 6.0 | 11.0 | 7.0 | 12.0,
TeamStatisticsExtended,TeamStatisticsExtended.csv,ot2Points,float64,79678,79678,79080,0.9925,22,False,7.0 | 10.0 | 15.0 | 8.0 | 8.0,
TeamStatisticsExtended,TeamStatisticsExtended.csv,otAllPoints,float64,79678,79678,75370,0.9459,44,False,8.0 | 6.0 | 11.0 | 7.0 | 12.0,
TeamStatisticsExtended,TeamStatisticsExtended.csv,benchPoints,float64,79678,79678,7234,0.0908,143,False,39.0 | 31.0 | 48.0 | 51.0 | 44.0,
TeamStatisticsExtended,TeamStatisticsExtended.csv,biggestLead,float64,79678,79678,7234,0.0908,66,False,8.0 | 9.0 | 0.0 | 44.0 | 27.0,
TeamStatisticsExtended,TeamStatisticsExtended.csv,biggestScoringRun,float64,79678,79678,7234,0.0908,29,False,7.0 | 8.0 | 7.0 | 10.0 | 11.0,
TeamStatisticsExtended,TeamStatisticsExtended.csv,leadChanges,float64,79678,79678,7234,0.0908,44,False,9.0 | 9.0 | 1.0 | 1.0 | 11.0,
TeamStatisticsExtended,TeamStatisticsExtended.csv,pointsFastBreak,float64,79678,79678,7234,0.0908,53,False,17.0 | 7.0 | 7.0 | 20.0 | 19.0,
TeamStatisticsExtended,TeamStatisticsExtended.csv,pointsFromTurnovers,float64,79678,79678,7234,0.0908,47,False,21.0 | 21.0 | 10.0 | 23.0 | 30.0,
TeamStatisticsExtended,TeamStatisticsExtended.csv,pointsInThePaint,float64,79678,79678,7234,0.0908,56,False,58.0 | 50.0 | 54.0 | 40.0 | 64.0,
TeamStatisticsExtended,TeamStatisticsExtended.csv,pointsSecondChance,float64,79678,79678,7234,0.0908,42,False,15.0 | 24.0 | 15.0 | 18.0 | 14.0,
TeamStatisticsExtended,TeamStatisticsExtended.csv,timesTied,float64,79678,79678,7234,0.0908,29,False,5.0 | 5.0 | 1.0 | 1.0 | 7.0,
TeamStatisticsExtended,TeamStatisticsExtended.csv,timeoutsRemaining,float64,79678,79678,7234,0.0908,7,False,0.0 | 0.0 | 0.0 | 1.0 | 1.0,
TeamStatisticsExtended,TeamStatisticsExtended.csv,seasonWins,float64,79678,79678,7234,0.0908,74,False,2.0 | 2.0 | 0.0 | 4.0 | 3.0,
TeamStatisticsExtended,TeamStatisticsExtended.csv,seasonLosses,float64,79678,79678,7234,0.0908,73,False,2.0 | 2.0 | 4.0 | 0.0 | 0.0,
TeamStatisticsExtended,TeamStatisticsExtended.csv,estimatedOffensiveRating,float64,79678,79678,0,0.0,832,False,110.2 | 107.9 | 112.5 | 144.3 | 135.9,
TeamStatisticsExtended,TeamStatisticsExtended.csv,offensiveRating,float64,79678,79678,0,0.0,787,False,107.9 | 115.2 | 116.3 | 146.9 | 140.9,
TeamStatisticsExtended,TeamStatisticsExtended.csv,estimatedDefensiveRating,float64,79678,79678,0,0.0,832,False,107.9 | 110.2 | 144.3 | 112.5 | 113.7,
TeamStatisticsExtended,TeamStatisticsExtended.csv,defensiveRating,float64,79678,79678,0,0.0,786,False,115.2 | 107.9 | 146.9 | 116.3 | 117.4,
TeamStatisticsExtended,TeamStatisticsExtended.csv,estimatedNetRating,float64,79678,79678,0,0.0,1055,False,2.4 | -2.4 | -31.8 | 31.8 | 22.2,
TeamStatisticsExtended,TeamStatisticsExtended.csv,netRating,float64,79678,79678,0,0.0,1067,False,-7.2 | 7.2 | -30.6 | 30.6 | 23.5,
TeamStatisticsExtended,TeamStatisticsExtended.csv,assistPercentage,float64,79678,79678,0,0.0,533,False,0.415 | 0.476 | 0.558 | 0.673 | 0.566,
TeamStatisticsExtended,TeamStatisticsExtended.csv,assistToTurnoverRatio,float64,79678,79678,0,0.0,363,False,1.21 | 1.18 | 2.4 | 3.0 | 3.0,
TeamStatisticsExtended,TeamStatisticsExtended.csv,assistRatio,float64,79678,79678,0,0.0,246,False,12.7 | 14.4 | 17.8 | 21.9 | 21.3,
TeamStatisticsExtended,TeamStatisticsExtended.csv,offensiveReboundPercentage,float64,79678,79678,7797,0.0979,450,False,0.314 | 0.385 | 0.271 | 0.426 | 0.419,
TeamStatisticsExtended,TeamStatisticsExtended.csv,defensiveReboundPercentage,float64,79678,79678,7794,0.0978,453,False,0.615 | 0.686 | 0.574 | 0.729 | 0.633,
TeamStatisticsExtended,TeamStatisticsExtended.csv,reboundPercentage,float64,79678,79678,14457,0.1814,343,False,0.466 | 0.534 | 0.421 | 0.579 | 0.533,
TeamStatisticsExtended,TeamStatisticsExtended.csv,teamTurnoverPercentage,float64,79678,79678,0,0.0,300,False,0.139 | 0.172 | 0.102 | 0.112 | 0.108,
TeamStatisticsExtended,TeamStatisticsExtended.csv,effectiveFieldGoalPercentage,float64,79678,79678,0,0.0,484,False,0.512 | 0.5 | 0.547 | 0.676 | 0.654,
TeamStatisticsExtended,TeamStatisticsExtended.csv,trueShootingPercentage,float64,79678,79678,0,0.0,458,False,0.557 | 0.55 | 0.58 | 0.694 | 0.666,
TeamStatisticsExtended,TeamStatisticsExtended.csv,estimatedPace,float64,79678,79678,0,0.0,426,False,102.3 | 102.3 | 100.5 | 100.5 | 95.7,
TeamStatisticsExtended,TeamStatisticsExtended.csv,pace,float64,79678,79678,0,0.0,328,False,100.0 | 100.0 | 98.0 | 98.0 | 92.5,
TeamStatisticsExtended,TeamStatisticsExtended.csv,pacePer40,float64,79678,79678,0,0.0,325,False,83.33 | 83.33 | 81.67 | 81.67 | 77.08,
TeamStatisticsExtended,TeamStatisticsExtended.csv,possessions,int64,79678,79678,0,0.0,84,False,101 | 99 | 98 | 98 | 93,
TeamStatisticsExtended,TeamStatisticsExtended.csv,playerImpactEstimate,float64,79678,79678,0,0.0,783,False,0.508 | 0.492 | 0.381 | 0.619 | 0.596,
TeamStatisticsExtended,TeamStatisticsExtended.csv,pointsOffTurnovers,float64,79678,79678,0,0.0,58,False,21.0 | 21.0 | 10.0 | 23.0 | 30.0,
TeamStatisticsExtended,TeamStatisticsExtended.csv,opponentPointsOffTurnovers,float64,79678,79678,0,0.0,48,False,21.0 | 21.0 | 23.0 | 10.0 | 11.0,
TeamStatisticsExtended,TeamStatisticsExtended.csv,opponentPointsSecondChance,float64,79678,79678,0,0.0,42,False,24.0 | 15.0 | 18.0 | 15.0 | 21.0,
TeamStatisticsExtended,TeamStatisticsExtended.csv,opponentPointsFastBreak,float64,79678,79678,0,0.0,53,False,7.0 | 17.0 | 20.0 | 7.0 | 9.0,
TeamStatisticsExtended,TeamStatisticsExtended.csv,opponentPointsInPaint,float64,79678,79678,0,0.0,47,False,50.0 | 58.0 | 40.0 | 54.0 | 44.0,
TeamStatisticsExtended,TeamStatisticsExtended.csv,percentFieldGoalAttempts2Point,float64,79678,79678,0,0.0,617,False,0.698 | 0.713 | 0.593 | 0.516 | 0.596,
TeamStatisticsExtended,TeamStatisticsExtended.csv,percentFieldGoalAttempts3Point,float64,79678,79678,0,0.0,618,False,0.302 | 0.287 | 0.407 | 0.484 | 0.404,
TeamStatisticsExtended,TeamStatisticsExtended.csv,percentPoints2Point,float64,79678,79678,0,0.0,629,False,0.642 | 0.561 | 0.614 | 0.333 | 0.55,
TeamStatisticsExtended,TeamStatisticsExtended.csv,percentPoints2PointMidRange,float64,79678,79678,0,0.0,506,False,0.11 | 0.123 | 0.14 | 0.056 | 0.061,
TeamStatisticsExtended,TeamStatisticsExtended.csv,percentPoints3Point,float64,79678,79678,0,0.0,568,False,0.165 | 0.263 | 0.211 | 0.521 | 0.389,
TeamStatisticsExtended,TeamStatisticsExtended.csv,percentPointsFastBreak,float64,79678,79678,0,0.0,397,False,0.156 | 0.061 | 0.061 | 0.139 | 0.145,
TeamStatisticsExtended,TeamStatisticsExtended.csv,percentPointsFreeThrow,float64,79678,79678,0,0.0,422,False,0.193 | 0.175 | 0.175 | 0.146 | 0.061,
TeamStatisticsExtended,TeamStatisticsExtended.csv,percentPointsOffTurnovers,float64,79678,79678,0,0.0,400,False,0.193 | 0.184 | 0.088 | 0.16 | 0.229,
TeamStatisticsExtended,TeamStatisticsExtended.csv,percentPointsInPaint,float64,79678,79678,0,0.0,566,False,0.532 | 0.439 | 0.474 | 0.278 | 0.489,
TeamStatisticsExtended,TeamStatisticsExtended.csv,percentAssisted2PointMade,float64,79678,79678,0,0.0,495,False,0.343 | 0.344 | 0.457 | 0.5 | 0.444,
TeamStatisticsExtended,TeamStatisticsExtended.csv,percentUnassisted2PointMade,float64,79678,79678,0,0.0,495,False,0.657 | 0.656 | 0.543 | 0.5 | 0.556,
TeamStatisticsExtended,TeamStatisticsExtended.csv,percentAssisted3PointMade,float64,79678,79678,0,0.0,141,False,0.833 | 0.9 | 1.0 | 0.84 | 0.824,
TeamStatisticsExtended,TeamStatisticsExtended.csv,percentUnassisted3PointMade,float64,79678,79678,0,0.0,141,False,0.167 | 0.1 | 0.0 | 0.16 | 0.176,
TeamStatisticsExtended,TeamStatisticsExtended.csv,percentAssistedFieldGoalsMade,float64,79678,79678,0,0.0,529,False,0.415 | 0.476 | 0.558 | 0.673 | 0.566,
TeamStatisticsExtended,TeamStatisticsExtended.csv,percentUnassistedFieldGoalsMade,float64,79678,79678,0,0.0,529,False,0.585 | 0.524 | 0.442 | 0.327 | 0.434,
TeamStatisticsExtended,TeamStatisticsExtended.csv,freeThrowAttemptRate,float64,79678,79678,0,0.0,718,False,0.314 | 0.234 | 0.326 | 0.319 | 0.106,
TeamStatisticsExtended,TeamStatisticsExtended.csv,opponentEffectiveFieldGoalPercentage,float64,79678,79678,0,0.0,483,False,0.5 | 0.512 | 0.676 | 0.547 | 0.556,
TeamStatisticsExtended,TeamStatisticsExtended.csv,opponentFreeThrowAttemptRate,float64,79678,79678,0,0.0,718,False,0.234 | 0.314 | 0.319 | 0.326 | 0.309,
TeamStatisticsExtended,TeamStatisticsExtended.csv,opponentTurnoverPercentage,float64,79678,79678,0,0.0,300,False,0.172 | 0.139 | 0.112 | 0.102 | 0.185,
TeamStatisticsExtended,TeamStatisticsExtended.csv,opponentOffensiveReboundPercentage,float64,79678,79678,7794,0.0978,454,False,0.385 | 0.314 | 0.426 | 0.271 | 0.367,
